rn,Date,name,category,hazards,tier,band
26-639,2026-07-23,Personalized Baby Bibs and Stroller Bags,Strollers & carriers,choking,3,ACT NOW
26-638,2026-07-23,CuddleCubs Creations Baby Highchair Teething Toy Sets,Feeding & high chairs,choking,3,ACT NOW
26-637,2026-07-23,OeyUoc Pool Drain Covers,Bath & water safety,drowning|entrapment,1,ACT NOW
26-636,2026-07-23,Sviyatp Pool Drain Covers,Bath & water safety,drowning|entrapment,1,ACT NOW
26-635,2026-07-23,Sili Factory Pull String Teething Toys,Toys,choking,3,ACT NOW
26-634,2026-07-23,Romorgniz 12-Drawer Fabric Dressers,Nursery furniture & tip-over,entrapment|tipover,1,ACT NOW
26-633,2026-07-23,EnHomee 9-Drawer Fabric Dressers,Nursery furniture & tip-over,entrapment|tipover,1,ACT NOW
26-630,2026-07-16,MNIENT Adult Portable Bed Rails,"Gates, rails & childproofing",entrapment|fall|laceration|suffocation,1,ACT NOW
26-629,2026-07-16,Cat & Jack Children's Sandals,Sleepwear & apparel,choking|fall,3,ACT NOW
26-628,2026-07-16,"SDADI Kitchen Step Stools, models LT01 and LT05",Nursery furniture & tip-over,entrapment|fall|tipover,1,ACT NOW
26-627,2026-07-16,Noerishia Adult Portable Bed Rails,"Gates, rails & childproofing",entrapment|suffocation,1,ACT NOW
26-623,2026-07-16,Space King No Girls Allowed Relic Lunch Boxes (Cups only),Feeding & high chairs,chemical|lead,3,ACT NOW
26-622,2026-07-16,Wade Logan Annyka 9-Drawer Fabric Dressers,Nursery furniture & tip-over,entrapment|tipover,1,ACT NOW
26-620,2026-07-16,Boon PIVOT Collapsible Toddler Tower Kitchen Step Stools,Nursery furniture & tip-over,fall|tipover,2,ACT NOW
26-619,2026-07-16,Liizousuda Paint Thinner,Feeding & high chairs,chemical,4,ACT SOON
26-617,2026-07-16,Oitnlaughter LED Finger Lights,Toys,battery|burn,2,ACT NOW
26-609,2026-07-09,WonderStone Infant Walkers,"Walkers, swings & bouncers",fall,3,ACT NOW
26-608,2026-07-09,Moodooy Adult Portable Bed Rails,"Gates, rails & childproofing",entrapment|suffocation,1,ACT NOW
26-600,2026-07-02,Junpower CR2032 Batteries,Button cells & batteries,battery|burn,2,ACT NOW
26-598,2026-07-02,GigglescapeTM Under the Sea Popping Toy,Toys,choking,3,ACT NOW
26-596,2026-07-02,AMASKY Nursing Pillows,"Sleep — cribs, bassinets, loungers",suffocation,1,ACT NOW
26-594,2026-07-02,POPOOO Jungle Safari LED Finger Lights,Toys,battery|burn,2,ACT NOW
26-593,2026-07-02,CVS Health Medicated Hemorrhoidal Wipes,Personal care & medicine,chemical,4,ACT SOON
26-592,2026-07-02,Topyond Pool Drain Port with Cover,Bath & water safety,drowning|entrapment,1,ACT NOW
26-591,2026-07-02,VEVOR baby loungers,"Sleep — cribs, bassinets, loungers",entrapment|fall,1,ACT NOW
26-580,2026-06-25,Honlyne LED Party Favors,Button cells & batteries,battery|burn,2,ACT NOW
26-579,2026-06-25,Small Fish Montessori Busy Board Toys,Toys,chemical|magnet,2,ACT NOW
26-578,2026-06-25,Raychy Children's Light Sneakers Unisex,Button cells & batteries,battery|burn,2,ACT NOW
26-577,2026-06-25,MedPride Baby Oil,Feeding & high chairs,chemical,4,ACT SOON
26-507,2026-06-25,Kids Kithmas Plaid Lounge Sets,Sleepwear & apparel,burn|flammable,3,ACT NOW
26-569,2026-06-18,CooCooBaby Baby Loungers,"Sleep — cribs, bassinets, loungers",entrapment|fall|suffocation,1,ACT NOW
26-568,2026-06-18,Joolz Aer2 Car Seat Adapters for Joolz Aer 2 Stroller,Car seats & travel,fall,3,ACT NOW
26-567,2026-06-18,Michley Children's Pajamas,Sleepwear & apparel,burn|flammable,3,ACT NOW
26-564,2026-06-18,Veseacky Pajama Sets,Sleepwear & apparel,burn,3,ACT NOW
26-562,2026-06-18,GOPO TOYS Pull String Teething Toys,Toys,choking,3,ACT NOW
26-561,2026-06-18,BABESIDE Doll and Stroller Toys,Strollers & carriers,choking,3,ACT NOW
26-563,2026-06-16,Arrogantf Spa Drain Covers,Outdoor & play equipment,drowning|entrapment,1,ACT NOW
26-555,2026-06-11,Houoto 642-2150V Pool Drain Covers,Bath & water safety,drowning|entrapment,1,ACT NOW
26-554,2026-06-11,Girls' Sleepshirt and Kids' Unisex Jogger Pajama Sets,Sleepwear & apparel,burn|flammable,3,ACT NOW
26-552,2026-06-11,Hasuit 7-Drawer Dressers,Nursery furniture & tip-over,entrapment|tipover,1,ACT NOW
26-551,2026-06-11,Nimood Adult Portable Bed Rails,"Gates, rails & childproofing",entrapment|fall|laceration|suffocation,1,ACT NOW
26-543,2026-06-11,Hopelight Adult Portable Bed Rails,"Gates, rails & childproofing",entrapment|suffocation,1,ACT NOW
26-541,2026-06-11,Timechee Changing Table Dressers,Nursery furniture & tip-over,entrapment|tipover,1,ACT NOW
26-540,2026-06-11,Plastic Tip Restraint Kits,Toys,entrapment|tipover,1,ACT NOW
26-538,2026-06-11,LiKee Pull String Teething Toys,Toys,choking,3,ACT NOW
26-536,2026-06-11,Sloosh Dive Sticks,Toys,fall,3,ACT NOW
26-530,2026-06-04,Boon NURSH 8 oz Reusable Baby Bottles,Feeding & high chairs,choking,3,ACT NOW
26-529,2026-06-04,Broqixin Pool Drain Covers,Bath & water safety,drowning|entrapment,1,ACT NOW
26-527,2026-06-04,Crenlux Pool Drain Covers,Bath & water safety,drowning|entrapment,1,ACT NOW
26-526,2026-06-04,Children's Tiny Land Play Tents,Outdoor & play equipment,,4,ACT SOON
26-525,2026-06-04,Little Grape Land Nursing Pillows,"Sleep — cribs, bassinets, loungers",suffocation,1,ACT NOW
26-522,2026-05-28,Mainstays 9-Drawer Fabric Dressers,Nursery furniture & tip-over,entrapment|tipover,1,ACT NOW
26-515,2026-05-28,Anzmtosn Luminous Fidget Spinner Balls,Toys,battery|burn,2,ACT NOW
26-514,2026-05-28,"Misco Sports Light-Up Racket Sets, model MT2287",Toys,battery|burn,2,ACT NOW
26-510,2026-05-28,VL2020 Lithium Coin Batteries,Button cells & batteries,battery|burn,2,ACT NOW
26-509,2026-05-28,Zen Fidget Magnetic Ball Sets,Toys,chemical|magnet,2,ACT NOW
26-508,2026-05-28,MiniWarGaming and Primal Horizon Disc Magnets,Toys,chemical|magnet,2,ACT NOW
26-503,2026-05-21,WSDZ Light-up Shot Glasses,Button cells & batteries,battery|burn,2,ACT NOW
26-502,2026-05-21,Portable Hook-On Chairs,Feeding & high chairs,fall,3,ACT NOW
26-499,2026-05-21,Orb Funkee Squeeze Toys,Toys,asbestos,5,ACT SOON
26-497,2026-05-21,"Toy Headbands, Electronic Pet Cage-Dinosaur Tribes, My Pet Bird Cute Bird Tribes",Toys,battery|burn,2,ACT NOW
26-493,2026-05-14,Cosyland Children's Tower Stools,Nursery furniture & tip-over,entrapment|fall|tipover,1,ACT NOW
26-490,2026-05-14,Guidecraft Kitchen Helper Towers,Toys,fall,3,ACT NOW
26-487,2026-05-14,"Petzl SIMBA CLIMBING and SIMBA PARK Children's Harnesses, SWAN EASYFIT STEEL and SWAN EASYFIT STAINLESS Harnesses",Outdoor & play equipment,fall,3,ACT NOW
26-483,2026-05-14,Misco Sports Badminton Toy Sets Red/Blue MT2383,Toys,battery|burn,2,ACT NOW
26-484,2026-05-14,LiCB CR2032 3V Lithium Coin Batteries,Button cells & batteries,battery|burn,2,ACT NOW
26-481,2026-05-14,Tiyol Pull String Teething Toys,Toys,choking,3,ACT NOW
26-480,2026-05-14,Superbobi 7 3/8 Inch Pool Drain Covers,Bath & water safety,drowning|entrapment,1,ACT NOW
26-477,2026-05-07,Youth Sweatshirts with Drawstrings,Sleepwear & apparel,entanglement|strangulation,1,ACT NOW
26-472,2026-05-07,Justforjoyful Rainbow Wall Toys,Toys,choking,3,ACT NOW
26-469,2026-05-07,Rublev Colours Gum Turpentine and Mineral Spirits Bottles,Feeding & high chairs,chemical,4,ACT SOON
26-468,2026-05-07,Svnntaa Bed Rails,"Gates, rails & childproofing",entrapment|fall|laceration|suffocation,1,ACT NOW
26-467,2026-05-07,Favoto Bike Helmets,Helmets & wheeled toys,crash|labeling,3,ACT NOW
26-466,2026-05-07,Various Battery-operated Light Up Toys,Toys,battery|burn,2,ACT NOW
26-465,2026-05-07,EEMB Lithium Battery Packs,Button cells & batteries,battery|burn,2,ACT NOW
26-457,2026-04-30,Build-A-Bear Workshop Heartwarming Hugs Bears,Toys,choking,3,ACT NOW
26-456,2026-04-30,Stephan Baby Boo Bunnie and Friends Children's Toys,Toys,choking|laceration,3,ACT NOW
26-455,2026-04-30,Travel Size Afrin® Original Nasal Spray 6 mL Bottles,Feeding & high chairs,chemical|labeling,4,ACT SOON
26-454,2026-04-30,Qumeney Bicycle Light Sets,Helmets & wheeled toys,battery|burn,2,ACT NOW
26-451,2026-04-30,Earthtec 7 3/8 Inch Pool Drain Covers,Bath & water safety,drowning|entrapment,1,ACT NOW
26-449,2026-04-30,Hepo Adult Portable Bed Rails,"Gates, rails & childproofing",entrapment|fall|laceration|suffocation,1,ACT NOW
26-448,2026-04-30,UHOMEPRO 5-Drawer Dressers,Nursery furniture & tip-over,entrapment|tipover,1,ACT NOW
26-447,2026-04-30,Malker Bicycle Light Sets,Helmets & wheeled toys,battery|burn,2,ACT NOW
26-446,2026-04-30,Segmart 4-Drawer Dressers,Nursery furniture & tip-over,entrapment|tipover,1,ACT NOW
26-445,2026-04-30,1-K Kerosene Heater Fluid Portable Fuel Containers,Household chemicals,burn|chemical|fire,3,ACT NOW
26-440,2026-04-23,KMUYSL Big Red Barn Farm Animal Playsets,Outdoor & play equipment,choking,3,ACT NOW
26-438,2026-04-23,Cpzzkq Baby Loungers,"Sleep — cribs, bassinets, loungers",suffocation,1,ACT NOW
26-437,2026-04-23,Sweetie Baby and Style Life Eleven Baby Loungers,"Sleep — cribs, bassinets, loungers",entrapment|fall|suffocation,1,ACT NOW
26-436,2026-04-23,BlissfulDestiny Magnetic Stick Figure Sets,Toys,chemical|magnet,2,ACT NOW
26-434,2026-04-23,Autobrush Sonic Pro Kids Toothbrush Boxes,Button cells & batteries,battery|burn|labeling,2,ACT NOW
26-433,2026-04-23,AMZCMJ DGD Children's Tower Stools,Nursery furniture & tip-over,entrapment|fall|tipover,1,ACT NOW
26-432,2026-04-23,TOETOL Tower Stools,Nursery furniture & tip-over,entrapment|fall|tipover,1,ACT NOW
26-430,2026-04-23,Wiifo Children's Tower Stools,Nursery furniture & tip-over,entrapment|fall|tipover,1,ACT NOW
26-429,2026-04-23,mGanna Sodium Hydroxide (lye) Pellet Bags,Household chemicals,burn|chemical|labeling,3,ACT NOW
26-428,2026-04-16,Lil' Buddies Pet Laser Toy,Toys,battery|burn,2,ACT NOW
26-427,2026-04-16,SpringFlower 5-in-1 Montessori Toy Set,Toys,choking,3,ACT NOW
26-425,2026-04-16,ZOLIQUEX Adult Portable Bed Rails,"Gates, rails & childproofing",entrapment|suffocation,1,ACT NOW
26-424,2026-04-16,LED Finger Beam Lights,Toys,battery|burn,2,ACT NOW
26-414,2026-04-16,"SEGMART 55"" Indoor/Outdoor Mini Round Toddler Trampolines with Enclosure Nets and Accessory Kits",Outdoor & play equipment,entanglement|strangulation,1,ACT NOW
26-413,2026-04-16,Multi-Point Swing Frames,"Walkers, swings & bouncers",fall,3,ACT NOW
26-411,2026-04-16,ATOYUS Children's Activity Cubes,Toys,choking,3,ACT NOW
26-408,2026-04-16,Sanlebi Pet Vet Playsets,Outdoor & play equipment,battery,2,ACT NOW
26-405,2026-04-09,Muscccm Pool Drain Covers,Bath & water safety,drowning|entrapment,1,ACT NOW
26-403,2026-04-09,Happiness Light LED Lights,Button cells & batteries,battery|burn,2,ACT NOW
26-398,2026-04-09,ShymeryDirect LED Lights,Button cells & batteries,battery|burn,2,ACT NOW
26-397,2026-04-09,Yeeluzan Pool Drain Covers,Bath & water safety,drowning|entrapment,1,ACT NOW
26-396,2026-04-09,Besslly Halloween Pumpkin Carving Kits,Button cells & batteries,battery|burn,2,ACT NOW
26-392,2026-04-09,Maitys Drinkware Charms,Toys,chemical|magnet,2,ACT NOW
26-389,2026-04-09,Children's Loungewear Sets,Sleepwear & apparel,burn|flammable,3,ACT NOW
26-387,2026-04-09,Easymake Adult Portable Bed Rails,"Gates, rails & childproofing",entrapment|suffocation,1,ACT NOW
26-386,2026-04-09,Various Brands of Iron-Containing Dietary Supplements,Feeding & high chairs,chemical,4,ACT SOON
26-381,2026-04-02,"Tuymec Minoxidil Hair Growth Kits, 5% Minoxidil with Biotin Spray",Feeding & high chairs,chemical,4,ACT SOON
26-380,2026-04-02,Member's Mark Children's Valentine SS Notch Collar Pajama Sets,Sleepwear & apparel,burn|flammable,3,ACT NOW
26-378,2026-04-02,Sangohe Adult Portable Bed Rails,"Gates, rails & childproofing",entrapment|labeling|suffocation,1,ACT NOW
26-375,2026-04-02,TecFlox Hair and Beard Growth Serum Bottles,Feeding & high chairs,chemical,4,ACT SOON
26-374,2026-04-02,ELENKER Bed Rails,"Gates, rails & childproofing",entrapment|suffocation,1,ACT NOW
26-369,2026-04-02,Coluans Christmas Light-Up Rings Party Favors,Toys,battery|burn,2,ACT NOW
26-368,2026-04-02,Gavoyeat Halloween Light-Up Rings Party Favors,Toys,battery|burn,2,ACT NOW
26-365,2026-04-02,Beestech Children's Spiral Tower Toys,Toys,choking,3,ACT NOW
26-350,2026-03-26,MPINOI Adult Portable Bed Rails,"Gates, rails & childproofing",entrapment|suffocation,1,ACT NOW
26-346,2026-03-26,CCCEI Power Strips,Sleepwear & apparel,burn|fire,3,ACT NOW
26-345,2026-03-26,GLMZZ Fidget Magnet Ball Toys,Toys,chemical|magnet,2,ACT NOW
26-344,2026-03-26,Sunnyyes LED Mini Lights,Button cells & batteries,battery|burn,2,ACT NOW
26-342,2026-03-26,AirClub Convertible Bassinets,"Sleep — cribs, bassinets, loungers",fall,3,ACT NOW
26-341,2026-03-26,Vive Health Bed Rails,"Gates, rails & childproofing",entrapment|suffocation,1,ACT NOW
26-340,2026-03-26,4our Kiddies Plastic Tip Restraint Kits,Nursery furniture & tip-over,entrapment|tipover,1,ACT NOW
26-332,2026-03-19,Goregent Infant Walkers,"Walkers, swings & bouncers",fall,3,ACT NOW
26-331,2026-03-19,BUILT LUUM Tumblers,Feeding & high chairs,battery|burn|choking,2,ACT NOW
26-324,2026-03-12,Playground Swing Set Seats,"Walkers, swings & bouncers",fall,3,ACT NOW
26-323,2026-03-12,17 Stories Furniture 14-Drawer Dressers,Nursery furniture & tip-over,entrapment|tipover,1,ACT NOW
26-321,2026-03-12,LIVEHOM 11-Drawer Dressers,Nursery furniture & tip-over,entrapment|tipover,1,ACT NOW
26-320,2026-03-12,ProRider Bicycle Helmets,Helmets & wheeled toys,crash|labeling,3,ACT NOW
26-319,2026-03-12,Kluster Fun Tabletop Magnet Chess Games,Toys,chemical|magnet,2,ACT NOW
26-317,2026-03-05,Cubimana Island Storm 3 In 1 Building Sets with LED Lights,Toys,battery|burn,2,ACT NOW
26-315,2026-03-05,HALO Magic Sleepsuits,"Sleep — cribs, bassinets, loungers",choking,3,ACT NOW
26-312,2026-03-05,Tomum Hair Regrowth Treatment with Minoxidil for Men and Women Spray Bottles,Feeding & high chairs,chemical,4,ACT SOON
26-309,2026-03-05,Forever 21 Kids Disney Mickey Mouse Pajama Pants,Sleepwear & apparel,burn|flammable,3,ACT NOW
26-288,2026-02-26,Trankerloop Baby Bath Seats,Bath & water safety,drowning|tipover,1,ACT NOW
26-308,2026-02-26,Evajoy 48-inch and taller above-ground pools,Bath & water safety,drowning,1,ACT NOW
26-307,2026-02-26,Babysense Max View Baby Monitors,Nursery electricals & monitors,fire|overheat,3,ACT NOW
26-305,2026-02-26,SumDirect LED Mini Lights,Button cells & batteries,battery|burn,2,ACT NOW
26-303,2026-02-26,Joyreal Busy Board Toys,Toys,choking|laceration,3,ACT NOW
26-302,2026-02-26,Zelbuck Magnetism Ball Game Toys,Toys,chemical|magnet,2,ACT NOW
26-301,2026-02-26,TheKiddoSpace Children's Sensory Swing,"Walkers, swings & bouncers",entanglement|strangulation,1,ACT NOW
26-300,2026-02-26,Children's Christmas Tree Toy Play Sets,Outdoor & play equipment,chemical|lead,4,ACT SOON
26-299,2026-02-26,TheKiddoSpace Peg Dolls in Cups Toys,Feeding & high chairs,choking,3,ACT NOW
26-298,2026-02-26,TheKiddoSpace LED Soccer Hover Balls,Toys,burn,3,ACT NOW
26-297,2026-02-26,TheKiddoSpace Children's Montessori Egg Toys,Toys,choking,3,ACT NOW
26-296,2026-02-26,KiddoSpace Children's Flashcard Talking Toys,Outdoor & play equipment,chemical|lead,4,ACT SOON
26-295,2026-02-26,TheKiddoSpace Reusable Water Balloons,Toys,chemical,4,ACT SOON
26-294,2026-02-26,TheKiddoSpace Fingerpainting Kits,Jewelry & accessories,chemical,4,ACT SOON
26-293,2026-02-26,TheKiddoSpace Print and Cursive Handwriting Kits,Outdoor & play equipment,chemical|lead,4,ACT SOON
26-292,2026-02-26,TheKiddoSpace Children's Story Books,Toys,choking,3,ACT NOW
26-291,2026-02-26,Grtard Magnet Stick Figure Men Toy Sets,Toys,chemical|magnet,2,ACT NOW
26-290,2026-02-26,High Chairs,Feeding & high chairs,entrapment|fall,1,ACT NOW
26-289,2026-02-26,Magnetic Chess Games,Toys,chemical|magnet,2,ACT NOW
26-286,2026-02-26,Tubby Tots Fizzy Flask Bath Magic bath foam set,Bath & water safety,,4,ACT SOON
26-264,2026-02-26,Vevor Retractable Baby Gates,"Gates, rails & childproofing",entrapment,1,ACT NOW
26-287,2026-02-24,Christmas-themed Magnetic Chess Games,Toys,chemical|magnet,2,ACT NOW
26-277,2026-02-19,SAMIT Youth Multi-Purpose Helmets,Helmets & wheeled toys,crash,3,ACT NOW
26-276,2026-02-19,Prismatic 3D Prints Book Nooks with Lights,Toys,battery|burn,2,ACT NOW
26-275,2026-02-19,"Meijer one-piece footed 12-, 18-and 24-month children's sleepwear",Sleepwear & apparel,burn|flammable,3,ACT NOW
26-274,2026-02-19,JJGoo LED Balloon Lights,Toys,battery|burn,2,ACT NOW
26-272,2026-02-19,Huaker Magnetic Balls and Rods Sets,Toys,choking|magnet,2,ACT NOW
26-271,2026-02-19,Vive Health Bed Rails,"Gates, rails & childproofing",entrapment|suffocation,1,ACT NOW
26-267,2026-02-12,Beloems Adult Portable Bed Rails,"Gates, rails & childproofing",entrapment|fall|laceration|suffocation,1,ACT NOW
26-266,2026-02-12,CheerKid Baby Bath Seats,Feeding & high chairs,drowning|tipover,1,ACT NOW
26-265,2026-02-12,Colombia-themed Magnetic Board Games,Toys,chemical|magnet,2,ACT NOW
26-263,2026-02-12,Fortemotus Adult Portable Bed Rails,"Gates, rails & childproofing",entrapment|fall|laceration|suffocation,1,ACT NOW
26-261,2026-02-12,SOOWERY 6-Drawer Dressers,Nursery furniture & tip-over,entrapment|tipover,1,ACT NOW
26-257,2026-02-05,Andy & Evan Children's Pajama Sets,Sleepwear & apparel,burn|flammable,3,ACT NOW
26-255,2026-02-05,EnHomee 10-Drawer Dressers,Nursery furniture & tip-over,entrapment|tipover,1,ACT NOW
26-254,2026-02-05,Cobelae Busy Book for Toddlers,Toys,choking,3,ACT NOW
26-252,2026-02-05,Scepter Gas and Oil Combination Fuel Containers,Household chemicals,burn|chemical|fire,3,ACT NOW
26-251,2026-02-05,"Yitahome, Uforic, Dextrus, Yintatech and ModFusion-branded Dressers",Nursery furniture & tip-over,entrapment|tipover,1,ACT NOW
26-249,2026-02-05,Dresbe LED Christmas Headbands,Button cells & batteries,battery|burn,2,ACT NOW
26-248,2026-02-05,Fixwal 7-Drawer Dressers,Nursery furniture & tip-over,entrapment|tipover,1,ACT NOW
26-247,2026-02-05,Furnulem 5-Drawer Dressers,Nursery furniture & tip-over,entrapment|tipover,1,ACT NOW
26-246,2026-02-05,Kitosun Submersible LED Lights,Button cells & batteries,battery|burn,2,ACT NOW
26-243,2026-02-05,GM Gumili Wintergreen Essential Oil Bottles,Feeding & high chairs,chemical,4,ACT SOON
26-242,2026-02-05,Organic Zing Birch Oil Bottles,Feeding & high chairs,chemical,4,ACT SOON
26-240,2026-02-05,Lola + The Boys Youth Clothing with Drawstrings,Sleepwear & apparel,entanglement|strangulation,1,ACT NOW
26-239,2026-02-05,Semfri Children's Helmets,Helmets & wheeled toys,crash|labeling,3,ACT NOW
26-238,2026-02-05,Shintenchi 6-Drawer Dressers,Nursery furniture & tip-over,entrapment|tipover,1,ACT NOW
26-229,2026-02-05,Lotus Joy Organic Sweet Birch Essential Oil Bottles,Feeding & high chairs,chemical,4,ACT SOON
26-236,2026-01-29,Urban Arrow FamilyNext Pro Cargo E-Bikes,Helmets & wheeled toys,,4,ACT SOON
26-234,2026-01-29,Bazic Silicone Glue,Feeding & high chairs,chemical|flammable|labeling,3,ACT NOW
26-231,2026-01-29,Viofairy Hair Growth Serum,Feeding & high chairs,chemical,4,ACT SOON
26-230,2026-01-29,Primark The Nightmare Before Christmas Glow-in-the-Dark Coloring Set,Jewelry & accessories,chemical,4,ACT SOON
26-227,2026-01-29,Sunneday and Blue Bay brand 48-inch and taller above-ground pools,Bath & water safety,drowning,1,ACT NOW
26-226,2026-01-29,"Giraffe Plush Toy with clip, Llama Plush Toy with clip",Toys,choking,3,ACT NOW
26-222,2026-01-29,LuxJet Submersible LED Lights,Button cells & batteries,battery|burn,2,ACT NOW
26-221,2026-01-29,Ultimate Multivitamin+ Dietary Supplement Bottles,Feeding & high chairs,chemical,4,ACT SOON
26-219,2026-01-29,AiTuiTui Pull String Teething Toys,Toys,choking,3,ACT NOW
26-218,2026-01-29,Sefudun Hair Growth Serum Kits,Personal care & medicine,chemical,4,ACT SOON
26-215,2026-01-22,Mikario Trading 5-in-1 Convertible Baby Gyms,"Sleep — cribs, bassinets, loungers",suffocation,1,ACT NOW
26-210,2026-01-22,Iristar Minoxidil Spray Bottles,Feeding & high chairs,chemical,4,ACT SOON
26-209,2026-01-22,Cumbor Retractable Safety Gates,"Gates, rails & childproofing",entrapment,1,ACT NOW
26-208,2026-01-22,Vndueey Magnetic Men Toy Sets,Toys,chemical|magnet,2,ACT NOW
26-207,2026-01-22,Based Online Fidget Magnet Ball Toys,Toys,chemical|magnet,2,ACT NOW
26-205,2026-01-22,Gagaku Wooden Ice Cream Shop Toy Playsets,Outdoor & play equipment,chemical|magnet,2,ACT NOW
26-204,2026-01-22,Yetonamr Pull String Teething Toys,Toys,choking,3,ACT NOW
26-198,2026-01-15,"RootStim Beard Growth Serum, 5% Minoxidil",Feeding & high chairs,chemical,4,ACT SOON
26-195,2026-01-15,Self-Feeding Pillows,Feeding & high chairs,choking|suffocation,1,ACT NOW
26-193,2026-01-15,Asher Pajama Sets,Sleepwear & apparel,burn|flammable,3,ACT NOW
26-191,2026-01-15,KEAWIS Crib Mattress,"Sleep — cribs, bassinets, loungers",entrapment|suffocation,1,ACT NOW
26-185,2026-01-15,BBWOO Baby Loungers,"Sleep — cribs, bassinets, loungers",entrapment|fall,1,ACT NOW
26-182,2026-01-15,Ruahouine Hair Growth Serum Bottles,Feeding & high chairs,chemical,4,ACT SOON
26-181,2026-01-08,Joyful Journeys Baby Loungers,"Sleep — cribs, bassinets, loungers",entrapment|fall,1,ACT NOW
26-178,2026-01-08,Kori Gey Water Elf Toy Kits,Toys,battery|burn,2,ACT NOW
26-176,2026-01-08,Lterfear Multifunction Pounding Game,Toys,chemical|magnet,2,ACT NOW
26-175,2026-01-08,YOLAAH Portable Bed Rails,"Gates, rails & childproofing",entrapment|suffocation,1,ACT NOW
26-174,2026-01-08,Vasicar 18-Drawer Dressers,Nursery furniture & tip-over,entrapment|tipover,1,ACT NOW
26-173,2026-01-08,Sangohe Bed Rails,"Gates, rails & childproofing",entrapment|suffocation,1,ACT NOW
26-172,2026-01-08,Rattan 6-Drawer Dressers,Nursery furniture & tip-over,entrapment|tipover,1,ACT NOW
26-171,2026-01-08,NFSVLB Baby Bath Seats (blue),Bath & water safety,drowning|entrapment|tipover,1,ACT NOW
26-170,2026-01-08,Julie and Judah pajama pants and shorts,Sleepwear & apparel,burn|flammable,3,ACT NOW
26-169,2026-01-08,SARO Braided Crib Bumpers,"Sleep — cribs, bassinets, loungers",suffocation,1,ACT NOW
26-168,2026-01-08,BabyBond Retractable Safety Gates,"Gates, rails & childproofing",entrapment,1,ACT NOW
26-165,2026-01-08,Agrish Adult Portable Bed Rails,"Gates, rails & childproofing",entrapment|suffocation,1,ACT NOW
26-164,2025-12-18,Meaicezli Play Purse Sets,Toys,battery|burn,2,ACT NOW
26-160,2025-12-18,JOKOSIS Portable Bed Rails,"Gates, rails & childproofing",entrapment|suffocation,1,ACT NOW
26-163,2025-12-18,Blue Wave brand 48-inch and taller above-ground pools,Bath & water safety,drowning,1,ACT NOW
26-162,2025-12-18,SereneLife brand 48-inch and taller above-ground pools,Bath & water safety,drowning,1,ACT NOW
26-159,2025-12-18,KKL Fabric 9-Drawer Dressers,Nursery furniture & tip-over,entrapment|tipover,1,ACT NOW
26-158,2025-12-18,Feel The Beard Minoxidil Beard Growth Oil for Men,Feeding & high chairs,chemical,4,ACT SOON
26-157,2025-12-18,Mamisan Pain Relieving Topical Ointment,Personal care & medicine,chemical,4,ACT SOON
26-156,2025-12-18,17 Stories Furniture 18-Drawer Dressers,Nursery furniture & tip-over,entrapment|tipover,1,ACT NOW
26-154,2025-12-18,TopHomer Pool Drain Covers,Bath & water safety,drowning|entrapment,1,ACT NOW
26-153,2025-12-18,Furnulem 8-Drawer Dressers,Nursery furniture & tip-over,entrapment|tipover,1,ACT NOW
26-151,2025-12-18,Schwinn Ovation Bicycle Child Carriers,Strollers & carriers,fall,3,ACT NOW
26-146,2025-12-11,YCXXKJ Baby Bath Seats,Bath & water safety,drowning|tipover,1,ACT NOW
26-141,2025-12-11,Uuoeebb Infant Walkers,"Walkers, swings & bouncers",entrapment|fall,1,ACT NOW
26-140,2025-12-11,SKCAIHT Children's Little Mermaid Costumes,Sleepwear & apparel,chemical,4,ACT SOON
26-139,2025-12-11,Little Bear 2-pack Soother Clip,Feeding & high chairs,choking|laceration,3,ACT NOW
26-131,2025-12-04,KTEBO Writing Tablet Toy,Toys,battery|burn,2,ACT NOW
26-133,2025-12-04,Cubimana Treehouse Building Toy Sets,Toys,battery|burn,2,ACT NOW
26-132,2025-12-04,Little Pea Shop Crib Bumpers,"Sleep — cribs, bassinets, loungers",suffocation,1,ACT NOW
26-127,2025-12-04,Casaottima 13-Drawer Dressers,Nursery furniture & tip-over,entrapment|tipover,1,ACT NOW
26-129,2025-12-04,14-ounce Children's Sport Tumbler,Feeding & high chairs,choking,3,ACT NOW
26-128,2025-12-04,CreateOn Crayola-branded pip-Cubes,Toys,chemical|magnet,2,ACT NOW
26-122,2025-11-26,Outdoor Master Children's and Youth Helmets,Helmets & wheeled toys,crash,3,ACT NOW
26-121,2025-11-26,Baby High Chairs (convertible),Feeding & high chairs,entrapment|fall,1,ACT NOW
26-116,2025-11-26,Sofoliana and Glotika Baby Loungers,"Sleep — cribs, bassinets, loungers",entrapment|fall,1,ACT NOW
26-115,2025-11-26,Vivohome Adult Portable Bed Rails,"Gates, rails & childproofing",entrapment|suffocation,1,ACT NOW
26-114,2025-11-26,Ikuso Safety Gates,"Gates, rails & childproofing",entrapment,1,ACT NOW
26-113,2025-11-26,Macardac Baby Loungers,"Sleep — cribs, bassinets, loungers",entrapment|fall,1,ACT NOW
26-112,2025-11-26,Alinux Baby Loungers,"Sleep — cribs, bassinets, loungers",entrapment|fall,1,ACT NOW
26-109,2025-11-26,KingPavonini Adult Portable Bed Rails,"Gates, rails & childproofing",entrapment|suffocation,1,ACT NOW
26-107,2025-11-26,Ebern Designs Ojaswi 12-Drawer Dressers,Nursery furniture & tip-over,entrapment|tipover,1,ACT NOW
26-099,2025-11-20,Play Yards,"Sleep — cribs, bassinets, loungers",entrapment|suffocation,1,ACT NOW
26-096,2025-11-20,Grow 'N Stow Folding Learning Tower,Nursery furniture & tip-over,fall,3,ACT NOW
26-106,2025-11-20,Romorgniz Fabric 12- and 13-Drawer Dressers,Nursery furniture & tip-over,entrapment|tipover,1,ACT NOW
26-104,2025-11-20,Anzmtosn Magnet Fidget Spinner Sets,Toys,chemical|magnet,2,ACT NOW
26-101,2025-11-20,Mallimoda Children's Pajama Sets,Sleepwear & apparel,burn,3,ACT NOW
26-095,2025-11-20,Bearlala Baby Loungers,"Sleep — cribs, bassinets, loungers",entrapment|fall,1,ACT NOW
26-094,2025-11-20,4-in-1 Baby Safety Cart Carriage,Strollers & carriers,fall,3,ACT NOW
26-091,2025-11-13,Zigjoy Toddler Sleep Sacks with Feet,Sleep — mattresses & bedding,burn|flammable,3,ACT NOW
26-089,2025-11-13,Great Lakes Select Button Cell and Coin Batteries,Button cells & batteries,battery|burn,2,ACT NOW
26-086,2025-11-13,Zippee Activity Toys,Toys,choking,3,ACT NOW
26-085,2025-11-13,Bettina Doll Set with Magic Light Unicorn,Toys,battery|burn,2,ACT NOW
26-075,2025-11-06,Inkari Plush Alpaca Toys,Toys,choking,3,ACT NOW
26-074,2025-11-06,Vevor Baby Swings,"Sleep — cribs, bassinets, loungers",suffocation,1,ACT NOW
26-081,2025-11-06,Children's WYBITNY Bed Rails,"Gates, rails & childproofing",entrapment,1,ACT NOW
26-073,2025-11-06,Umeyda Nightgowns,Sleepwear & apparel,burn|flammable,3,ACT NOW
26-077,2025-11-06,Neaude Adult Portable Bed Rails,"Gates, rails & childproofing",entrapment|labeling|suffocation,1,ACT NOW
26-071,2025-11-06,Napei Collapsible Infant Bath Tubs,Bath & water safety,battery|burn,2,ACT NOW
26-070,2025-11-06,Three-Wheeled Children's Scooter with Foot Brake,Helmets & wheeled toys,fall,3,ACT NOW
26-069,2025-11-06,Criblike aftermarket play yard and non-full sized crib mattresses,"Sleep — cribs, bassinets, loungers",entrapment|flammable|suffocation,1,ACT NOW
26-066,2025-10-30,WLIVE Fabric 16-Drawer Dressers,Nursery furniture & tip-over,entrapment|tipover,1,ACT NOW
26-065,2025-10-30,Halloween-themed Skeleton Wax Candle,Lighters & fire hazards,burn|fire|flammable,3,ACT NOW
26-061,2025-10-30,Harppa 5-in-1 Convertible High Chairs for Babies and Toddlers,Feeding & high chairs,entrapment|fall,1,ACT NOW
26-055,2025-10-30,YaFiti Fabric 12-Drawer Dressers,Nursery furniture & tip-over,entrapment|tipover,1,ACT NOW
26-053,2025-10-30,Grundens Youth Clipper 282 and Zenith 282 Jackets,Sleepwear & apparel,entanglement|strangulation,1,ACT NOW
26-052,2025-10-30,Organic Cotton Pack N Play Mattress Dual-Sided Portable Baby Crib Pad,"Sleep — cribs, bassinets, loungers",entrapment|suffocation,1,ACT NOW
26-060,2025-10-30,Children's HOMEAL Bed Rails,"Gates, rails & childproofing",entrapment,1,ACT NOW
26-049,2025-10-23,Bealife 5-Drawer Dressers,Nursery furniture & tip-over,entrapment|tipover,1,ACT NOW
26-048,2025-10-23,Scepter Gas and Oil Combination Fuel Containers,Household chemicals,burn|chemical|fire,3,ACT NOW
26-047,2025-10-23,Scepter Gas and Oil Combination Fuel Containers,Household chemicals,burn|chemical|fire,3,ACT NOW
26-044,2025-10-23,Pack-N-Stroll Premium Folding Utility Wagon,Strollers & carriers,entrapment|fall,1,ACT NOW
26-038,2025-10-23,Cranach Hardware Plastic Tip Restraint Kits,Nursery furniture & tip-over,entrapment|tipover,1,ACT NOW
26-037,2025-10-23,LEACHOI Bed Rail,"Gates, rails & childproofing",entrapment|suffocation,1,ACT NOW
26-032,2025-10-16,Belivium Baby Loungers,"Sleep — cribs, bassinets, loungers",entrapment|fall|suffocation,1,ACT NOW
26-022,2025-10-16,WLIVE Fabric 12-Drawer Dressers,Nursery furniture & tip-over,entrapment|tipover,1,ACT NOW
26-024,2025-10-16,AOWOS Dressers,Nursery furniture & tip-over,entrapment|tipover,1,ACT NOW
26-016,2025-10-09,Bmrwtg LED Tutu Skirts,Sleepwear & apparel,battery|burn,2,ACT NOW
26-015,2025-10-09,YGJT Baby Loungers,"Sleep — cribs, bassinets, loungers",entrapment|fall,1,ACT NOW
26-014,2025-10-09,Mom Genius Retractable Safety Gates,"Gates, rails & childproofing",entrapment,1,ACT NOW
26-013,2025-10-09,Bellabu Bear Children's Robes,Sleepwear & apparel,burn|flammable,3,ACT NOW
26-012,2025-10-09,Generic Magnetic Balls 1000pcs,Toys,chemical|magnet,2,ACT NOW
26-005,2025-10-02,Dissolved Oxygen Test Kits,Jewelry & accessories,chemical,4,ACT SOON
26-004,2025-10-02,Gunaito 10-Drawer Dressers,Nursery furniture & tip-over,entrapment|tipover,1,ACT NOW
26-003,2025-10-02,Blossom Children's Loungewear sets,Sleepwear & apparel,burn|flammable,3,ACT NOW
26-001,2025-10-02,Evermore Surprise Eggs,Outdoor & play equipment,chemical|lead,4,ACT SOON
25-479,2025-09-25,Persilux Zebra Blinds,Window coverings & cords,entanglement|labeling|strangulation,1,ACT NOW
25-478,2025-09-25,Autoez Bamboo Shades,Window coverings & cords,entanglement|labeling|strangulation,1,ACT NOW
25-477,2025-09-25,"""RELIEVE"" Numbing Cream",Personal care & medicine,chemical,4,ACT SOON
25-476,2025-09-25,Hoovy Cooling Gel Insert Pads for Car Seats and Strollers,Car seats & travel,burn,3,ACT NOW
25-474,2025-09-18,EnHomee 13-Drawer Dressers,Nursery furniture & tip-over,entrapment|tipover,1,ACT NOW
25-473,2025-09-18,LXDHSTRA Baby Loungers,"Sleep — cribs, bassinets, loungers",entrapment|fall|suffocation,1,ACT NOW
25-472,2025-09-18,YooxArmor Multi-Purpose Kids' Helmets,Helmets & wheeled toys,crash|labeling,3,ACT NOW
25-471,2025-09-18,Youbeien Crib Mobiles,"Sleep — cribs, bassinets, loungers",battery|burn,2,ACT NOW
25-462,2025-09-11,In My Jammers Button Up Flare Pajama Sets,Sleepwear & apparel,burn|flammable,3,ACT NOW
25-461,2025-09-11,Children's Wooden Cactus Toys,Toys,choking,3,ACT NOW
25-460,2025-09-11,Bariatric Fusion Iron Multivitamin Bottles,Feeding & high chairs,chemical,4,ACT SOON
25-456,2025-09-04,URMYWO Baby Loungers,"Sleep — cribs, bassinets, loungers",entrapment|fall|suffocation,1,ACT NOW
25-447,2025-08-28,Lulive 12-Drawer Dressers,Nursery furniture & tip-over,entrapment|tipover,1,ACT NOW
25-450,2025-08-28,Party Favors Lite-Up Torches and Mini Laser Pointers,Lighters & fire hazards,battery|burn,2,ACT NOW
25-449,2025-08-28,CT-ENERGY Lithium Coin Battery Chargers with Rechargeable 2032 Batteries,Button cells & batteries,battery|burn,2,ACT NOW
25-433,2025-08-14,Children's Spiral Tower Toys,Toys,choking,3,ACT NOW
25-434,2025-08-14,Firefly Safe & Green 32 oz. Fuel Bottles,Feeding & high chairs,chemical,4,ACT SOON
25-427,2025-08-07,La Ligne Enfant Bonne Nuit Pajamas,Sleepwear & apparel,burn|flammable,3,ACT NOW
25-426,2025-08-07,Séfralls Minoxidil Hair Generation Serum,Personal care & medicine,chemical,4,ACT SOON
25-425,2025-08-07,LeymanKids Children's Pajama Sets,Sleepwear & apparel,burn|flammable,3,ACT NOW
25-424,2025-08-07,Monica Vinader 14k Yellow Gold Mini Heart Jewelry,Jewelry & accessories,chemical,4,ACT SOON
25-422,2025-08-07,TEMI Go Basketball Toys,Toys,choking,3,ACT NOW
25-421,2025-08-07,Pet Zone Laser Pointer & LED Ball Pet Toys,Toys,battery|burn,2,ACT NOW
25-413,2025-07-31,Magnetic Floating Stackers toys,Toys,chemical|magnet,2,ACT NOW
25-419,2025-07-31,Baby Loren Morning Dresses,Sleepwear & apparel,burn|flammable,3,ACT NOW
25-415,2025-07-31,KidKraft Farm to Table Model Play Kitchen,Toys,strangulation,1,ACT NOW
25-401,2025-07-24,LIVACTI Retractable Safety Gates,"Gates, rails & childproofing",entrapment,1,ACT NOW
25-400,2025-07-24,Aiho Dressers,Nursery furniture & tip-over,entrapment|tipover,1,ACT NOW
25-404,2025-07-24,Minecraft Light-Up Slap Ruler Bracelets,Toys,battery|burn,2,ACT NOW
25-399,2025-07-24,100% Natural Pure Gum Spirits of Turpentine Bottles,Feeding & high chairs,chemical,4,ACT SOON
25-398,2025-07-24,LED Gloves,Toys,battery|burn,2,ACT NOW
25-397,2025-07-24,Georgia Pine Gum Spirits of Turpentine Bottles,Feeding & high chairs,chemical,4,ACT SOON
25-408,2025-07-24,Pura 4 Smart Home Fragrance Diffusers with detachable covers,Toys,chemical|magnet,2,ACT NOW
25-393,2025-07-21,48 inches and taller above-ground pools with compression straps running on the outside and over the vertical support legs,Bath & water safety,drowning,1,ACT NOW
25-392,2025-07-17,Babyletto Kiwi Electronic Recliner and Swivel Gliders with USB port,Nursery furniture & tip-over,overheat,4,ACT SOON
25-388,2025-07-17,Primark DTR (direct-to-retail) Stitch Scented Highlighters (4-pack),Lighters & fire hazards,chemical,4,ACT SOON
25-385,2025-07-10,Dearlomum Retractable Safety Gates,"Gates, rails & childproofing",entrapment,1,ACT NOW
25-384,2025-07-10,AUGNORYE Padded Cushioned Crib Bumpers,"Sleep — cribs, bassinets, loungers",suffocation,1,ACT NOW
25-383,2025-07-10,Braided crib bumpers,"Sleep — cribs, bassinets, loungers",suffocation,1,ACT NOW
25-382,2025-07-10,SPPTTY Kids 14- and 18-inch Bicycles,Outdoor & play equipment,chemical|lead,4,ACT SOON
25-380,2025-07-10,WLIVE Fabric 15-Drawer Dressers,Nursery furniture & tip-over,entrapment|tipover,1,ACT NOW
25-379,2025-07-10,"Creekliybear ""Pack and Play"" Aftermarket Play Yard Mattresses","Sleep — cribs, bassinets, loungers",entrapment|suffocation,1,ACT NOW
25-368,2025-07-03,Jeriflyer 8-inch pool drain covers,Bath & water safety,entrapment,1,ACT NOW
25-372,2025-07-03,SNLN Party Supply Toys,Toys,battery|burn,2,ACT NOW
25-374,2025-07-03,509 helmets and 509 for Polaris helmets,Helmets & wheeled toys,crash,3,ACT NOW
25-706,2025-06-26,"Peg Perego Tatamia 3-in-1 Recliner, Swings and High Chairs",Feeding & high chairs,suffocation,1,ACT NOW
25-361,2025-06-26,Boyro Baby Walkers,"Walkers, swings & bouncers",chemical|fall|lead,3,ACT NOW
25-360,2025-06-26,LED Fireplace Lanterns,Button cells & batteries,battery|burn,2,ACT NOW
25-359,2025-06-26,Bell Sports Bicycle Helmets,Helmets & wheeled toys,crash,3,ACT NOW
25-354,2025-06-26,"California Gold Nutrition Iron Supplements: Daily Prenatal Multi, Ultamins Women's Multivitamin, and Ultamins Women's 50+ Multivitamin",Feeding & high chairs,chemical,4,ACT SOON
25-345,2025-06-18,TADAKAZU Baby Loungers,"Sleep — cribs, bassinets, loungers",entrapment|fall|suffocation,1,ACT NOW
25-341,2025-06-18,YaFiti 12-Drawer White Dressers,Nursery furniture & tip-over,entrapment|tipover,1,ACT NOW
25-339,2025-06-12,Manual Retractable Security Pool Covers,Outdoor & play equipment,drowning|entrapment,1,ACT NOW
25-336,2025-06-12,Giraffe highchairs,Feeding & high chairs,fall,3,ACT NOW
25-318,2025-06-05,2-in-1 Funlio Convertible Baby High Chairs,Feeding & high chairs,entrapment|fall,1,ACT NOW
25-316,2025-06-05,Portable Hook-On Chairs,Feeding & high chairs,fall,3,ACT NOW
25-315,2025-06-05,ZHORANGE Portable Bassinets,"Sleep — cribs, bassinets, loungers",fall,3,ACT NOW
25-314,2025-06-05,Hobby Toy Hammer Ball sets,Toys,choking,3,ACT NOW
25-312,2025-06-05,ZRWD Infant Swings,"Walkers, swings & bouncers",battery|burn|labeling|suffocation,1,ACT NOW
25-308,2025-05-29,My First Snowman Toys,Toys,choking,3,ACT NOW
25-303,2025-05-29,Unity Teeter Tunnels with Lexan Tops,Outdoor & play equipment,fall,3,ACT NOW
25-307,2025-05-29,"VFAUOSIT Kitchen Faucets, model number 06BNV",Household chemicals,lead,3,ACT NOW
25-306,2025-05-29,"KICIMPRO Kitchen Faucets, model number KM800-01-06BN",Household chemicals,lead,3,ACT NOW
25-305,2025-05-29,"BASDEHEN Kitchen Faucets, model number CFDTTH-000-YGH",Household chemicals,lead,3,ACT NOW
25-302,2025-05-29,WeHwupe Adult Portable Bed Rails,"Gates, rails & childproofing",entrapment|suffocation,1,ACT NOW
25-291,2025-05-22,Holiday Lane Infant Footed Pajamas,Sleepwear & apparel,,4,ACT SOON
25-290,2025-05-22,Nezmdi Baby Swings,"Walkers, swings & bouncers",battery|labeling|suffocation,1,ACT NOW
25-294,2025-05-22,DTR Plush Bag Stitch and DTR Plush Bag Angel,Toys,choking,3,ACT NOW
25-293,2025-05-22,Sivan Six-Drawer Double Dressers,Nursery furniture & tip-over,entrapment|labeling|tipover,1,ACT NOW
25-292,2025-05-22,Rolanstar 6-Drawer Dressers,Nursery furniture & tip-over,entrapment|labeling|tipover,1,ACT NOW
25-282,2025-05-15,LivingCaring Adult Portable Bed Rails,"Gates, rails & childproofing",entrapment|suffocation,1,ACT NOW
25-287,2025-05-15,Children's Mini Danica Loungewear Sets,Sleepwear & apparel,burn|flammable,3,ACT NOW
25-286,2025-05-15,Child Safety Gates,"Gates, rails & childproofing",entrapment|fall,1,ACT NOW
25-285,2025-05-15,Chill Pill Magnetic Haptic Fidget Toys Red Bumpy,Toys,chemical|magnet,2,ACT NOW
25-281,2025-05-15,PlayTab Rollers Tile Toys,Toys,chemical|magnet,2,ACT NOW
25-280,2025-05-15,Digital Wall Clocks,Button cells & batteries,battery|burn,2,ACT NOW
25-279,2025-05-15,"NICREW 15"" Submersible RGB LED Lights with remote controls",Button cells & batteries,battery|burn|labeling,2,ACT NOW
25-278,2025-05-15,Boyro Baby Convertible High Chairs,Feeding & high chairs,entrapment|fall,1,ACT NOW
25-256,2025-05-08,"Kid Comfort, Kid Comfort Pro and Kid Comfort Active Child Carriers",Strollers & carriers,fall,3,ACT NOW
25-252,2025-05-08,Xylolin Peg Doll Toy Sets,Toys,choking,3,ACT NOW
25-245,2025-05-01,Dlesot Snap Hair Clips,Jewelry & accessories,chemical|lead,3,ACT NOW
25-235,2025-04-24,Huffy 12-Volt Children's Ride-On Tonka Dump Trucks,Toys,burn|fire|overheat,3,ACT NOW
25-233,2025-04-24,LuckupShein Window Roll Up Shades,Window coverings & cords,entanglement|labeling|strangulation,1,ACT NOW
25-234,2025-04-24,Roll Up Window Blinds,Window coverings & cords,entanglement|strangulation,1,ACT NOW
25-232,2025-04-24,LED Strip Lights,Button cells & batteries,battery|burn|labeling,2,ACT NOW
25-237,2025-04-24,Kids Thrill Shape Sorter Car Toys,Toys,choking,3,ACT NOW
25-236,2025-04-24,Sondiko Butane Torches,Lighters & fire hazards,burn,3,ACT NOW
25-231,2025-04-17,Tip-over Restraint Kits,Nursery furniture & tip-over,entrapment|tipover,1,ACT NOW
25-230,2025-04-17,Joydeco Roller Window Shades,Window coverings & cords,entanglement|labeling|strangulation,1,ACT NOW
25-229,2025-04-17,Glow Sticks and Glasses Party Pack Toys,Toys,battery|burn,2,ACT NOW
25-228,2025-04-17,COMEONROA Infant Swings,"Sleep — cribs, bassinets, loungers",battery|labeling|suffocation,1,ACT NOW
25-223,2025-04-10,"Safetussin Max Strength Multi-Symptom Cough, Cold and Flu tablets blister packs",Personal care & medicine,chemical,4,ACT SOON
25-222,2025-04-10,Babyjoy Convertible 6-in-1 High Chair Activity Centers,Feeding & high chairs,entrapment|fall,1,ACT NOW
25-221,2025-04-10,Multifunctional Puzzle Crab Toys,Toys,chemical|magnet,2,ACT NOW
25-217,2025-04-10,Kentfield Solid Wood Eight-Drawer Dressers,Nursery furniture & tip-over,entrapment|tipover,1,ACT NOW
25-220,2025-04-10,Bebamour baby bath seats,Bath & water safety,drowning|tipover,1,ACT NOW
25-216,2025-04-10,Tissue Box Toy sold with Fisher-Price 3-in-1 SnugaPuppy Activity Centers,"Walkers, swings & bouncers",choking,3,ACT NOW
25-215,2025-04-10,Brunch & Go Stroller Toys,Strollers & carriers,choking,3,ACT NOW
25-219,2025-04-10,Long-Haul 5L ATV Gas Cans,Helmets & wheeled toys,burn|chemical|fire,3,ACT NOW
25-206,2025-04-03,HONEYJOY Convertible and Foldable High Chairs,"Sleep — cribs, bassinets, loungers",suffocation,1,ACT NOW
25-205,2025-04-03,Superb Sports Baby Bath Seats,Bath & water safety,drowning|tipover,1,ACT NOW
25-705,2025-03-27,Children's Steel Utility Bunk Beds,Nursery furniture & tip-over,entrapment|strangulation,1,ACT NOW
25-202,2025-03-27,George Oliver Dressers,Nursery furniture & tip-over,entrapment|tipover,1,ACT NOW
25-201,2025-03-27,"NFH Iron SAP, NFH Heme Iron SAP and NFH Prenatal SAP bottles",Feeding & high chairs,chemical,4,ACT SOON
25-198,2025-03-27,LINKCOO Blackout Roller Window Shades,Window coverings & cords,entanglement|labeling|strangulation,1,ACT NOW
25-194,2025-03-20,"Benadryl Liquid Elixir, 100 mL bottles",Feeding & high chairs,chemical,4,ACT SOON
25-192,2025-03-20,GIKPAL 10 Drawer Dressers,Nursery furniture & tip-over,entrapment|labeling|tipover,1,ACT NOW
25-182,2025-03-13,Onasti Toddler Tower Stools,Nursery furniture & tip-over,fall|tipover,2,ACT NOW
25-180,2025-03-13,Silicone Rosary and Decade teethers,Feeding & high chairs,choking,3,ACT NOW
25-178,2025-03-13,Retractable Safety Gates,"Gates, rails & childproofing",entrapment,1,ACT NOW
25-171,2025-03-06,Lolanta Children's Bathrobes,Sleepwear & apparel,burn|flammable,3,ACT NOW
25-173,2025-03-06,Phosphate Reagent #1 Bottles sold within the Taylor Phosphate Test Kits,Feeding & high chairs,burn|chemical,3,ACT NOW
25-172,2025-03-06,Love Our Home Braided Crib Bumpers,"Sleep — cribs, bassinets, loungers",suffocation,1,ACT NOW
25-170,2025-03-06,Auto World Unassembled Deluxe Pit Kit Slot Cars,Toys,chemical|magnet,2,ACT NOW
25-168,2025-03-06,"Marie-Chantal Children's Nightgowns, Pajama Sets and Robes",Sleepwear & apparel,burn|flammable,3,ACT NOW
25-160,2025-03-06,Nuby Stroller Fans,Strollers & carriers,laceration,3,ACT NOW
25-166,2025-02-27,Babyjoy High Chairs,"Sleep — cribs, bassinets, loungers",entrapment|suffocation,1,ACT NOW
25-704,2025-02-27,Style Life Eleven Baby Loungers,"Sleep — cribs, bassinets, loungers",entrapment|fall|suffocation,1,ACT NOW
25-158,2025-02-27,Forever 21 Children's Pajamas,Sleepwear & apparel,burn|flammable,3,ACT NOW
25-163,2025-02-27,Allesin Blackout Roller Window Shades,Window coverings & cords,entanglement|labeling|strangulation,1,ACT NOW
25-161,2025-02-27,P.J. Salvage Pajama Sets and Robes,Sleepwear & apparel,burn|flammable,3,ACT NOW
25-151,2025-02-20,ShadesU Roller Window Shades,Window coverings & cords,entanglement|labeling|strangulation,1,ACT NOW
25-147,2025-02-20,Homebox Blackout Roller Window Shades,Window coverings & cords,entanglement|labeling|strangulation,1,ACT NOW
25-146,2025-02-20,Sauder and Sauder Beginnings Dressers and 4-Drawer Chests tip-over restraint straps,Nursery furniture & tip-over,entrapment|tipover,1,ACT NOW
25-145,2025-02-20,SEJOV Five-Drawer Dressers,Nursery furniture & tip-over,entrapment|tipover,1,ACT NOW
25-143,2025-02-20,Holosun Firearm Dot Sights,Button cells & batteries,battery|burn|labeling,2,ACT NOW
25-142,2025-02-20,Fjorden iPhone Camera Grips,Button cells & batteries,battery|burn,2,ACT NOW
25-139,2025-02-20,Rebecca's Toys & Prizes Bowling Pin Sipper Cups,Feeding & high chairs,chemical|lead,3,ACT NOW
25-131,2025-02-13,SHEIN EVRYDAY Kids' Pajama Sets,Sleepwear & apparel,burn|flammable,3,ACT NOW
25-135,2025-02-13,Youth Solitude Jackets,Sleepwear & apparel,entanglement|strangulation,1,ACT NOW
25-134,2025-02-13,6-in-1 Pounding Games,Toys,chemical|magnet,2,ACT NOW
25-128,2025-02-06,Roll Up Window Blinds,Window coverings & cords,entanglement|strangulation,1,ACT NOW
25-123,2025-02-06,Sling Carriers,Strollers & carriers,fall,3,ACT NOW
25-122,2025-02-06,UVIPC Baby Gates,"Gates, rails & childproofing",entrapment,1,ACT NOW
25-120,2025-02-06,Pella Reserve and Lifestyle Sliding Patio Doors and Lifestyle Windows,Button cells & batteries,battery|burn|labeling,2,ACT NOW
25-115,2025-01-30,Pearhead Infant Learning Toy Sets,Toys,choking,3,ACT NOW
25-113,2025-01-30,"Cozchique, Tebbis and Beeziac Girls Pajamas",Sleepwear & apparel,burn|flammable,3,ACT NOW
25-111,2025-01-30,Greater Goods Digital Kitchen Scales,Button cells & batteries,battery|burn|labeling,2,ACT NOW
25-110,2025-01-30,Cabinet Health 4 oz. Refillable Medicine Bottles,Feeding & high chairs,chemical,4,ACT SOON
25-105,2025-01-23,ChrisDowa Roller Window Shades,Window coverings & cords,entanglement|labeling|strangulation,1,ACT NOW
25-102,2025-01-23,Children's Holiday Pajama Sets,Sleepwear & apparel,burn|flammable,3,ACT NOW
25-096,2025-01-16,"Mini Bella Bunny Pajamas, Mini Camille Pajamas and Mini Petra Nightgown",Sleepwear & apparel,burn|flammable,3,ACT NOW
25-094,2025-01-16,HallyBee Farmhouse 5-Drawer Dressers,Nursery furniture & tip-over,entrapment|tipover,1,ACT NOW
25-088,2025-01-08,Wemfg Children's Multi-Purpose Bike Helmets,Helmets & wheeled toys,crash|labeling,3,ACT NOW
25-087,2025-01-08,SIG SAUER ROMEO5 Red Dot Sights,Button cells & batteries,battery|burn|labeling,2,ACT NOW
25-082,2025-01-02,Yaomiao Children's Jewelry Sets,Outdoor & play equipment,chemical|lead,4,ACT SOON
25-081,2025-01-02,Euqee Wintergreen Essential Oils,Personal care & medicine,chemical,4,ACT SOON
25-080,2024-12-26,Inclusive Orbit merry-go-rounds,Outdoor & play equipment,,4,ACT SOON
25-079,2024-12-26,GIKPAL 12-Drawer Dressers,Nursery furniture & tip-over,entrapment|tipover,1,ACT NOW
25-070,2024-12-19,Silicone spoons for babies,Feeding & high chairs,choking,3,ACT NOW
25-069,2024-12-19,Elongdi Magnetic Building Sticks Sets,Toys,chemical|magnet,2,ACT NOW
25-065,2024-12-12,Yoto Mini speakers,Nursery electricals & monitors,burn|fire|overheat,3,ACT NOW
25-054,2024-11-21,South Shore Cribs,"Sleep — cribs, bassinets, loungers",entrapment,1,ACT NOW
25-051,2024-11-21,Nerf Barrage Youth Bike Helmets,Helmets & wheeled toys,crash,3,ACT NOW
25-044,2024-11-14,YOYO3 strollers,Strollers & carriers,,4,ACT SOON
25-043,2024-11-14,"woom bicycles OFF 5, OFF AIR 5, OFF 6, OFF AIR 6, and ORIGINAL 6",Helmets & wheeled toys,crash|fall,3,ACT NOW
25-040,2024-11-14,Celebration Girl's Summer Pajama Sets,Sleepwear & apparel,burn|flammable,3,ACT NOW
25-046,2024-11-14,Medical King Bed Assist Rail adult bed rails,"Gates, rails & childproofing",entrapment|suffocation,1,ACT NOW
25-033,2024-11-07,Baofali 4-in-1 Microfiber Crib Safety Bumpers,"Sleep — cribs, bassinets, loungers",suffocation,1,ACT NOW
25-032,2024-11-07,Guava Roam Strollers,Strollers & carriers,fall,3,ACT NOW
25-031,2024-11-07,Kyte Baby Slumber Suits,Sleepwear & apparel,burn|flammable,3,ACT NOW
25-030,2024-11-07,Dreamgro Lullaby mermaid travel soothers,Feeding & high chairs,choking,3,ACT NOW
25-029,2024-10-31,Vevor Baby Gates,"Gates, rails & childproofing",entrapment,1,ACT NOW
25-012,2024-10-17,"Nub, Serie V, Cain, and Oliva branded Promotional Cigar Slim Lighters",Lighters & fire hazards,burn|fire,3,ACT NOW
25-009,2024-10-10,All Models of Fisher-Price Snuga Swings,"Walkers, swings & bouncers",suffocation,1,ACT NOW
25-007,2024-10-10,Droyd multi-purpose helmets,Helmets & wheeled toys,crash|labeling,3,ACT NOW
25-008,2024-10-10,Gimars Playpen with Mat,"Sleep — cribs, bassinets, loungers",entrapment|suffocation,1,ACT NOW
24-368,2024-09-19,Baby Tummy Time Gallery,Sleepwear & apparel,chemical,4,ACT SOON
24-370,2024-09-19,Ceither Adult Portable Bed Rails,"Gates, rails & childproofing",entrapment|suffocation,1,ACT NOW
24-366,2024-09-19,Newmemo Children's Ring Sets,Outdoor & play equipment,chemical|lead,4,ACT SOON
24-363,2024-09-12,Bright Builder Fort Kits with Flashlights,Toys,battery|burn,2,ACT NOW
24-362,2024-09-12,MJKSARE High Chairs,Feeding & high chairs,entrapment|fall,1,ACT NOW
24-361,2024-09-12,GOETAS Pool Drain Covers,Bath & water safety,entrapment,1,ACT NOW
24-357,2024-09-12,Stanley Jr. Kids Wheelbarrow and 7-piece Garden Sets,Sleepwear & apparel,chemical|lead,4,ACT SOON
24-352,2024-08-29,Glow in Dark Party Supplies Toy Sets,Toys,battery|burn,2,ACT NOW
24-351,2024-08-29,Dumbbell toy sold with Baby Biceps Gift Set,Toys,choking,3,ACT NOW
24-348,2024-08-22,Squeeze Plush Ball Toys,Toys,,4,ACT SOON
24-340,2024-08-15,Mamibaby and Cosy Nation Baby Loungers,"Sleep — cribs, bassinets, loungers",entrapment|fall|suffocation,1,ACT NOW
24-331,2024-08-01,Jeune French Contemporary Upholstered Panel Cribs,"Sleep — cribs, bassinets, loungers",choking,3,ACT NOW
24-328,2024-08-01,LED Light-up Jelly Ring Toys,Toys,battery|burn,2,ACT NOW
24-325,2024-08-01,Papablic Archie Infant Swings,"Sleep — cribs, bassinets, loungers",labeling|suffocation,1,ACT NOW
24-324,2024-08-01,Beberoad New Moon Travel Bassinets,"Sleep — cribs, bassinets, loungers",fall,3,ACT NOW
24-316,2024-07-25,Besrey Twins Strollers,Strollers & carriers,choking|entrapment|fall,1,ACT NOW
24-322,2024-07-25,Essential Values Golf Grip Solvent and Golf Grip Kits,Household chemicals,chemical,4,ACT SOON
24-311,2024-07-25,Lancaster Table & Seating Standard Height Plastic Restaurant High Chairs,Feeding & high chairs,fall,3,ACT NOW
24-318,2024-07-25,Victor Electric Folding Soft Bullet Toy Guns,Toys,,4,ACT SOON
24-308,2024-07-18,Brilliant Bee Rattles,Toys,choking,3,ACT NOW
24-303,2024-07-11,TonGass pool drain covers,Bath & water safety,entrapment,1,ACT NOW
24-301,2024-07-11,Children's Button-up Short-Sleeve/Shorts Two-Piece Pajama Sets,Sleepwear & apparel,burn|flammable,3,ACT NOW
24-300,2024-07-11,Lovely Angel Children's Lace Nightgowns,Sleepwear & apparel,burn|flammable,3,ACT NOW
24-296,2024-07-11,Children's Long-Sleeve/Pants Two-Piece Pajama Sets,Sleepwear & apparel,burn|flammable,3,ACT NOW
24-289,2024-07-03,SWOMOG Children's Two-Piece Pajama Sets,Sleepwear & apparel,burn|flammable,3,ACT NOW
24-291,2024-07-03,Power Adapters sold with Rest 1st Generation sound machines,Sleepwear & apparel,electrical,3,ACT NOW
24-284,2024-06-27,Tie Dye Fur Toy Trunk Storage Chests,Toys,entrapment|suffocation,1,ACT NOW
24-283,2024-06-27,"Co-op Cycles REV 12-, 16-, or 20-inch Kid's Bicycles with training wheels (all model years 2022-2024)",Helmets & wheeled toys,fall,3,ACT NOW
24-744,2024-06-27,Hayden Bookcase,Nursery furniture & tip-over,entrapment|tipover,1,ACT NOW
24-281,2024-06-25,Miniverse Make It Mini Sets with Liquid Resins,Toys,,4,ACT SOON
24-274,2024-06-20,Theefun Kids Gardening Tools Sets,Toys,chemical,4,ACT SOON
24-275,2024-06-20,Cargo bicycles,Helmets & wheeled toys,fall,3,ACT NOW
24-279,2024-06-20,Cedona Natural View six-drawer dressers,Nursery furniture & tip-over,entrapment|tipover,1,ACT NOW
24-265,2024-06-13,"1 Set Puzzle ""Magnetic"", ""Magnetism"", or ""Magnetism Intelligence Strategy Game"" Magnetic Battle Chess Games",Toys,chemical|magnet,2,ACT NOW
24-258,2024-06-06,Sling Carriers,Strollers & carriers,fall|suffocation,1,ACT NOW
24-246,2024-05-30,Crib Bumpers,"Sleep — cribs, bassinets, loungers",suffocation,1,ACT NOW
24-248,2024-05-30,Medline Bed Assist Bar adult bed rails,"Gates, rails & childproofing",entrapment|suffocation,1,ACT NOW
24-239,2024-05-23,TOPINCN Pool Drain Covers,Bath & water safety,entrapment,1,ACT NOW
24-237,2024-05-16,"Super Lube Syncopen Synthetic Penetrant, Super Lube Fire Resistant Hydraulic Fluid, and Super Lube Metal Protectant and Corrosion Inhibitor (consumer sizes of five gallons or less)",Feeding & high chairs,chemical|fire,3,ACT NOW
24-230,2024-05-09,Zegoo Children's Nightgowns,Sleepwear & apparel,burn|flammable,3,ACT NOW
24-233,2024-05-09,SIORO Children's Robes,Sleepwear & apparel,burn|flammable,3,ACT NOW
24-227,2024-05-09,Toy Pinwheels,Toys,choking,3,ACT NOW
24-221,2024-05-02,Creativity Street Foam Pattern Rollers,Outdoor & play equipment,chemical|lead,4,ACT SOON
24-217,2024-05-02,Mill Valley Jr. six-drawer youth dressers,Nursery furniture & tip-over,entrapment|tipover,1,ACT NOW
24-216,2024-05-02,SKIMS Children's Pajama Sets,Sleepwear & apparel,burn|flammable,3,ACT NOW
24-215,2024-05-02,Youth Sipper Bottles,Feeding & high chairs,choking,3,ACT NOW
24-211,2024-04-25,Kids' Bike Helmets,Helmets & wheeled toys,crash,3,ACT NOW
24-210,2024-04-25,Mario KartTM 24V Ride-On Racer Cars,Toys,crash,3,ACT NOW
24-209,2024-04-25,Crate & Barrel Hampshire Cribs,"Sleep — cribs, bassinets, loungers",fall,3,ACT NOW
24-207,2024-04-25,Sant and Abel Children's Two-Piece Pajama Sets,Sleepwear & apparel,burn|flammable,3,ACT NOW
24-202,2024-04-18,Randder 2-Pack Liquid Fuel Bottles,Feeding & high chairs,burn|chemical,3,ACT NOW
24-201,2024-04-18,Gasaciods Children's Multi-Purpose Helmets,Helmets & wheeled toys,crash,3,ACT NOW
24-193,2024-04-11,"Red Land Cotton ""Quilts"" and ""Quilted Shams""",Sleep — mattresses & bedding,laceration,3,ACT NOW
24-192,2024-04-11,BRS Liquid Fuel Bottles,Feeding & high chairs,burn|chemical,3,ACT NOW
24-190,2024-04-11,Yoto Mini speakers,Nursery electricals & monitors,burn|fire|overheat,3,ACT NOW
24-189,2024-04-05,"Tide Pods, Gain Flings, Ace Pods and Ariel Pods liquid laundry detergent packets packaged in flexible film bags. This recall announcement applies only to bags distributed in the United States.",Household chemicals,,4,ACT SOON
24-184,2024-04-04,Grão de Gente Baby Nests,"Sleep — cribs, bassinets, loungers",entrapment|fall|suffocation,1,ACT NOW
24-185,2024-04-04,Grão de Gente Crib Bumper Bedding Sets,"Sleep — cribs, bassinets, loungers",suffocation,1,ACT NOW
24-179,2024-04-04,Endurance® Hand Bed Rails,"Gates, rails & childproofing",entrapment|suffocation,1,ACT NOW
24-183,2024-04-04,Children's Two-Piece Pajamas and Lounge Dresses,Sleepwear & apparel,burn|flammable,3,ACT NOW
24-182,2024-04-04,Thule RideAlong rear-mounted Child Bike Seats,Helmets & wheeled toys,chemical,4,ACT SOON
24-742,2024-03-28,Forias Pack and Play Mattresses,"Sleep — cribs, bassinets, loungers",labeling|suffocation,1,ACT NOW
24-175,2024-03-28,Magnetic Beads HIGH POWER 5mm,Toys,chemical|magnet,2,ACT NOW
24-172,2024-03-21,BRS and BULin Liquid Fuel Bottles,Feeding & high chairs,burn|chemical,3,ACT NOW
24-167,2024-03-21,Fisher-Price Little People Mickey and Friends Figures,Toys,choking,3,ACT NOW
24-166,2024-03-21,Sneaker Basel Double Magnetic Levitation Displays,Toys,laceration|magnet,2,ACT NOW
24-147,2024-03-07,216-Piece 5mm Magnet Balls,Toys,chemical|magnet,2,ACT NOW
24-145,2024-03-07,Jool Baby Nova Baby Infant Swings,"Walkers, swings & bouncers",suffocation,1,ACT NOW
24-144,2024-03-07,"Magnetic Stones Toy Creativity Development DIY Magnetic Beads, 5mm (.2 inch)",Toys,chemical|magnet,2,ACT NOW
24-152,2024-03-07,Tommy Bahama brand children's pants sets,Sleepwear & apparel,choking|entanglement|fall,3,ACT NOW
24-153,2024-03-07,SINGES 3-in-1 Baby High Chairs and Booster Seats,Car seats & travel,fall|tipover,2,ACT NOW
24-155,2024-03-07,Bubble Bear Crib Mattresses,"Sleep — cribs, bassinets, loungers",fire|flammable|labeling,3,ACT NOW
24-138,2024-02-29,Liverpool Football Club (L.F.C.) Children's Pajamas,Sleepwear & apparel,burn|flammable,3,ACT NOW
24-142,2024-02-29,Heritage Store Hydrogen Peroxide Mouthwash,Feeding & high chairs,chemical,4,ACT SOON
24-135,2024-02-29,Children's Pajama Sets,Sleepwear & apparel,burn|flammable,3,ACT NOW
24-133,2024-02-29,"Vanilla Underground ""Minecraft TNT"" One-Piece Pajamas",Toys,burn|flammable,3,ACT NOW
24-141,2024-02-29,Sandford Family 6-Player Croquet Sets,Toys,chemical|lead,3,ACT NOW
24-739,2024-02-22,Spring Spirit and Biloban Pack and Play Mattresses,"Sleep — cribs, bassinets, loungers",labeling|suffocation,1,ACT NOW
24-738,2024-02-22,Magik & Kover Pack and Play Mattresses,"Sleep — cribs, bassinets, loungers",labeling|suffocation,1,ACT NOW
24-119,2024-02-15,BRS and BULin Liquid Fuel Bottles,Feeding & high chairs,burn|chemical|fire,3,ACT NOW
24-118,2024-02-15,Bell Soquel Youth Helmets,Helmets & wheeled toys,crash,3,ACT NOW
24-111,2024-02-08,Disposable Lighters,Lighters & fire hazards,burn|fire,3,ACT NOW
24-114,2024-02-08,Lolanta children's hooded flannel bathrobes,Sleepwear & apparel,burn|flammable,3,ACT NOW
24-104,2024-02-01,NextGen Children's Bicycles,Helmets & wheeled toys,crash|entrapment,1,ACT NOW
24-100,2024-02-01,Ekouaer Girl's Nightgowns,Sleepwear & apparel,burn|flammable,3,ACT NOW
24-098,2024-02-01,Slide & Seek Ball Runs with Wooden Knobs,Outdoor & play equipment,choking,3,ACT NOW
24-097,2024-02-01,"Magnetic DIY Balls Magic Cube, 5mm",Toys,chemical|magnet,2,ACT NOW
24-096,2024-02-01,Fishing Games,Toys,chemical|magnet,2,ACT NOW
24-101,2024-02-01,Children's nightgowns,Sleepwear & apparel,burn|flammable,3,ACT NOW
24-093,2024-01-25,Yaomiao Children's Rhinestone Silver Tiaras,Outdoor & play equipment,chemical|lead,4,ACT SOON
24-090,2024-01-25,BRS Fuel Bottles,Feeding & high chairs,burn|chemical,3,ACT NOW
24-078,2024-01-11,"New Age Industries (""New Age"") Furniture tip kits or tip restraints",Nursery furniture & tip-over,entrapment|tipover,1,ACT NOW
24-081,2024-01-11,Scout Kid's Bike Helmets,Helmets & wheeled toys,crash|labeling,3,ACT NOW
24-077,2024-01-04,UBBCARE Play Yard Mattresses,"Sleep — cribs, bassinets, loungers",labeling|suffocation,1,ACT NOW
24-071,2023-12-28,"Relax 5mm Science Kit, Large Hematite Magnets Magnetic Stones Building Blocks",Toys,chemical|magnet,2,ACT NOW
24-064,2023-12-21,HEAO 4-in-1 High Chairs,Feeding & high chairs,entrapment|laceration|suffocation,1,ACT NOW
24-737,2023-12-21,"Litti City Premier Doctor Playset and Teacher Purse Set, Litti Pritti Stylist Handbag Set, and Prextex Slime Eggs",Outdoor & play equipment,chemical|lead,4,ACT SOON
24-056,2023-12-14,Model Year 2021-2024 RZR 200 Youth ROVs,Feeding & high chairs,crash,3,ACT NOW
24-731,2023-12-07,Moonsea Pack and Play Mattresses,"Sleep — cribs, bassinets, loungers",labeling|suffocation,1,ACT NOW
24-730,2023-12-07,Bugaboo Dragonfly Seat Strollers,Strollers & carriers,,4,ACT SOON
24-729,2023-12-07,Vibe Bear Playyard Mattresses,"Sleep — cribs, bassinets, loungers",labeling|suffocation,1,ACT NOW
24-049,2023-12-07,"""Wooden Music Shaker"" and ""DTR M&M Maracas"" Baby Rattles",Toys,choking,3,ACT NOW
24-048,2023-12-07,"Colorful Metal Neodymium Magic Magnetic Balls - 8 color, 5mm",Toys,chemical|magnet,2,ACT NOW
24-042,2023-12-07,Bubba Bull Plush Toys,Toys,choking,3,ACT NOW
24-040,2023-12-07,SABRE Aim & Fire Pepper Gel Spray with Training Canisters,Toys,fire,3,ACT NOW
24-726,2023-12-05,Foiresoft Zebra Roller Blinds,Window coverings & cords,strangulation,1,ACT NOW
24-719,2023-11-30,YPSI and Z4 Inclined Sleeper Bassinets,"Sleep — cribs, bassinets, loungers",,4,ACT SOON
24-725,2023-11-30,Klickpick Home Children's Cup Sets,Feeding & high chairs,chemical|choking|laceration|lead,3,ACT NOW
24-724,2023-11-30,Tiblue 8 oz and 12 oz children's cups,Feeding & high chairs,chemical|choking|laceration|lead,3,ACT NOW
24-723,2023-11-30,DODO Baby House Pack and Play Mattresses,"Sleep — cribs, bassinets, loungers",labeling|suffocation,1,ACT NOW
24-721,2023-11-30,Vibe Bear Playyard Mattresses,"Sleep — cribs, bassinets, loungers",labeling|suffocation,1,ACT NOW
24-716,2023-11-22,"PandaEar Stainless Steel Toddler Cups, 8 oz.",Feeding & high chairs,chemical|choking|laceration|lead,3,ACT NOW
24-715,2023-11-16,13-Piece Toy Mushroom Peg Sorters,Toys,choking,3,ACT NOW
24-714,2023-11-16,LAOION Children's Cups,Feeding & high chairs,chemical|choking|laceration|lead,3,ACT NOW
24-712,2023-11-09,Children's Nightgowns,Sleepwear & apparel,burn|flammable,3,ACT NOW
24-019,2023-11-02,Creativity Street Assorted Craft Buttons,Outdoor & play equipment,chemical|lead,4,ACT SOON
24-707,2023-11-02,Infant Bath Seats,Bath & water safety,drowning|tipover,1,ACT NOW
24-017,2023-11-02,Yoocaa baby loungers,"Sleep — cribs, bassinets, loungers",entrapment|fall|suffocation,1,ACT NOW
24-014,2023-10-26,"Cosco Jump, Spin & Play Activity Centers","Walkers, swings & bouncers",fall,3,ACT NOW
24-010,2023-10-19,Thomas & Friends Wooden Railway Troublesome Truck & Crates and Thomas & Friends Wooden Railway Troublesome Truck & Paint,Toys,choking|magnet,2,ACT NOW
24-703,2023-10-12,"Crystal Clear Sodium Hydroxide, 2 lb. bags",Household chemicals,burn|chemical,3,ACT NOW
24-702,2023-10-12,YourHealthToolkit 5-pound children's weighted blankets,Sleep — mattresses & bedding,entrapment|suffocation,1,ACT NOW
24-007,2023-10-12,Sleepyhead Loveys and Bandana Bibs,Feeding & high chairs,choking,3,ACT NOW
24-006,2023-10-12,The FORT Children's Play Tents,Outdoor & play equipment,choking|laceration|magnet,2,ACT NOW
24-004,2023-10-05,Rene Rofe Girl Children's Blanket Sleepers and Hooded Robes,"Sleep — cribs, bassinets, loungers",burn|flammable,3,ACT NOW
24-002,2023-10-05,Cocco Candy Rolling Candy,Feeding & high chairs,choking,3,ACT NOW
23-298,2023-09-28,Rust-Oleum Professional Fluorescent Pink Inverted Marking Spray Paint cans,Feeding & high chairs,,4,ACT SOON
23-297,2023-09-28,Solaray Liposomal Multivitamins,Personal care & medicine,chemical,4,ACT SOON
23-293,2023-09-21,Men's clasp beaded bracelets,Outdoor & play equipment,chemical|lead,4,ACT SOON
23-292,2023-09-21,Rainbow Road Series Board Books,Toys,choking,3,ACT NOW
23-290,2023-09-21,HONEY JOY Infant Swings,"Walkers, swings & bouncers",,4,ACT SOON
23-286,2023-09-14,Chuckle & Roar Ultimate Water Beads Activity Kits,Toys,choking,3,ACT NOW
23-787,2023-08-31,DIYChemicals: Potassium Hydroxide/KOH Flakes and Sodium Hydroxide,Household chemicals,burn|chemical,3,ACT NOW
23-272,2023-08-31,Boon Flair & Flair Elite highchairs,Feeding & high chairs,fall,3,ACT NOW
23-785,2023-08-24,Kids bike helmets,Helmets & wheeled toys,crash|labeling,3,ACT NOW
23-782,2023-08-17,Midwest Lubricants Sodium Hydroxide,Household chemicals,burn|chemical,3,ACT NOW
23-265,2023-08-17,Simplay3 Toddler Towers,Nursery furniture & tip-over,fall|tipover,2,ACT NOW
23-263,2023-08-17,Zipadee Kids Convertible House Bed Frames and Montessori Floor Beds,Sleepwear & apparel,entrapment|strangulation,1,ACT NOW
23-781,2023-08-10,Room & Board Natural Organic Latex and Latex and Spring Crib Mattresses,"Sleep — cribs, bassinets, loungers",labeling|suffocation,1,ACT NOW
23-257,2023-08-10,Baby and Toddler Boy Basic Stretch Straight Leg Jeans,Sleepwear & apparel,choking,3,ACT NOW
23-250,2023-08-03,Philips Avent Digital Video Baby Monitors,Nursery electricals & monitors,burn|overheat,3,ACT NOW
23-777,2023-07-27,Timberline Solar Energy Shingles,"Walkers, swings & bouncers",fire,3,ACT NOW
23-776,2023-07-27,Sky Wheels,Outdoor & play equipment,fall,3,ACT NOW
23-775,2023-07-20,Pottery Barn Kids Penny Convertible Cribs,"Sleep — cribs, bassinets, loungers",laceration,3,ACT NOW
23-774,2023-07-20,CUPKIN Double-Walled Stainless Steel Children's Cups,Feeding & high chairs,chemical|lead,3,ACT NOW
23-239,2023-07-06,woom ORIGINAL Bicycles,Helmets & wheeled toys,fall,3,ACT NOW
23-237,2023-06-29,Canvas Baby Hammock Swings,"Sleep — cribs, bassinets, loungers",,4,ACT SOON
23-770,2023-06-22,Zooby video baby monitors for cars,Nursery electricals & monitors,fire|overheat,3,ACT NOW
23-230,2023-06-22,Hurtle Multi-Purpose Helmet,Helmets & wheeled toys,crash,3,ACT NOW
23-229,2023-06-22,Robo Alive Junior Baby Shark Sing & Swim Bath Toys (full-size) and Robo Alive Junior Mini Baby Shark Swimming Bath Toys (mini-size),Bath & water safety,fall|laceration,3,ACT NOW
23-227,2023-06-22,"Ferrous Sulfate (Iron) Enteric-Coated Tablets, 324 mg - 100 Tablet Bottles",Feeding & high chairs,chemical,4,ACT SOON
23-767,2023-06-08,Little Cotton Clothes Pajamas and Nightdresses,Sleepwear & apparel,burn|flammable,3,ACT NOW
23-766,2023-06-08,Deux Par Deux Children's One-Piece and Two-Piece Pajama Sets,Sleepwear & apparel,burn|flammable,3,ACT NOW
23-763,2023-06-08,Narskido Infant Bath Seats,Bath & water safety,drowning|tipover,1,ACT NOW
23-211,2023-06-01,Jetson Nova and Star 3-Wheel Kick Scooters,Helmets & wheeled toys,fall,3,ACT NOW
23-761,2023-05-25,The Preschool Electric Bicycles,Helmets & wheeled toys,chemical|lead,4,ACT SOON
23-210,2023-05-25,Janod Sweet Cocoon Activity Tables,Toys,choking,3,ACT NOW
23-203,2023-05-18,"PhysiciansCare Allergy, Allergy Plus and Cold and Cough",Personal care & medicine,chemical,4,ACT SOON
23-754,2023-05-04,Children's white robes,Sleepwear & apparel,burn|flammable,3,ACT NOW
23-752,2023-05-04,L.O.L. Surprise! Trick or Treat subscription boxes sold with Metal Doll Pins,Toys,chemical|lead,3,ACT NOW
23-193,2023-05-04,Twin Over Twin Bunk Beds,"Walkers, swings & bouncers",fall,3,ACT NOW
23-192,2023-04-27,Easter Bunny and Boutique Butterfly Jewel Necklaces,Jewelry & accessories,chemical,4,ACT SOON
23-750,2023-04-27,Pool drain covers,Bath & water safety,entrapment,1,ACT NOW
23-749,2023-04-27,Ejoyous pool drain covers,Bath & water safety,entrapment,1,ACT NOW
23-748,2023-04-27,Pool and spa drain covers,Bath & water safety,entrapment,1,ACT NOW
23-194,2023-04-27,Screaming Plush Monkey Toys,Toys,choking,3,ACT NOW
23-185,2023-04-20,Rollerblade® Fury Inline Skates and Rollerblade® Fury brake supports,Helmets & wheeled toys,fall,3,ACT NOW
23-747,2023-04-20,Lelinta Multi-Purpose Kids Helmets,Helmets & wheeled toys,crash,3,ACT NOW
23-184,2023-04-20,Children's Fishing Rods sold with Kid Casters No Tangle Combos,Outdoor & play equipment,chemical|lead,4,ACT SOON
23-746,2023-04-20,Children's robes,Sleepwear & apparel,burn|flammable,3,ACT NOW
23-188,2023-04-20,Children's sleepwear,Sleepwear & apparel,burn|flammable,3,ACT NOW
23-187,2023-04-20,Children's sleepwear,Sleepwear & apparel,burn|flammable,3,ACT NOW
23-744,2023-04-13,FunnyPaja Children's Bathrobes,Sleepwear & apparel,burn|flammable,3,ACT NOW
23-743,2023-04-13,Arshiner Children's Nightgowns,Sleepwear & apparel,burn|flammable,3,ACT NOW
23-745,2023-04-13,Children's robes,Sleepwear & apparel,burn|flammable,3,ACT NOW
23-177,2023-04-13,Luxor A/V carts,Nursery furniture & tip-over,tipover,2,ACT NOW
23-175,2023-04-06,BLAVINGAD fishing games,Toys,choking,3,ACT NOW
23-742,2023-04-06,"Basket with Balls toys sold with Monti Kids Tummy-Time, 4-6M Play and Early Gross Motor subscription boxes",Toys,choking,3,ACT NOW
23-170,2023-03-30,2-in-1 Outdoor Kids Swings,"Walkers, swings & bouncers",fall,3,ACT NOW
23-161,2023-03-17,Mockingbird Single Strollers,Strollers & carriers,fall,3,ACT NOW
23-155,2023-03-16,Ecoxall Sodium and Potassium Hydroxide,Household chemicals,burn|chemical,3,ACT NOW
23-154,2023-03-16,"Nurtec® ODT (rimegepant) orally disintegrating tablets, 75mg 8-Unit Dose blister pack",Personal care & medicine,chemical,4,ACT SOON
23-151,2023-03-09,Vaunn Medical Bed Assist Rail adult bed rails,"Gates, rails & childproofing",entrapment|suffocation,1,ACT NOW
23-737,2023-03-09,Baby Crib Bumpers,"Sleep — cribs, bassinets, loungers",suffocation,1,ACT NOW
23-150,2023-03-09,Calico Critters® Animal Figures and Sets sold with Bottle and Pacifier Accessories,Feeding & high chairs,choking,3,ACT NOW
23-146,2023-03-09,Aprepitant capsules and Lidocaine and Prilocaine cream,Personal care & medicine,chemical,4,ACT SOON
23-145,2023-03-09,YETI soft coolers and gear cases,Toys,chemical|magnet,2,ACT NOW
23-730,2023-03-02,Multi-Purpose Kids Bike Helmets,Helmets & wheeled toys,crash,3,ACT NOW
23-731,2023-03-02,Classic Whimsy children's pajamas,Sleepwear & apparel,burn|flammable,3,ACT NOW
23-139,2023-03-02,Children's Bamboo Plates,Feeding & high chairs,chemical|lead,3,ACT NOW
23-138,2023-03-02,Infant Capilene Midweight Base Layer Sets,Sleepwear & apparel,choking,3,ACT NOW
23-136,2023-02-23,LumaRail Bed Assist Rails,"Gates, rails & childproofing",entrapment|suffocation,1,ACT NOW
23-134,2023-02-23,Lancaster Table & Seating brand High Chairs,Feeding & high chairs,fall,3,ACT NOW
23-135,2023-02-23,Aderes bookcases,Nursery furniture & tip-over,entrapment|tipover,1,ACT NOW
23-127,2023-02-16,"""My First"" Mickey Mouse, Minnie Mouse, Buzz Lightyear, and Stitch Figurines",Toys,choking,3,ACT NOW
23-123,2023-02-16,Children's nightgowns,Sleepwear & apparel,burn|flammable,3,ACT NOW
23-122,2023-02-16,Children's pajamas and headbands,Outdoor & play equipment,burn|chemical|flammable|lead,3,ACT NOW
23-121,2023-02-16,Children's nightgowns,Sleepwear & apparel,burn|flammable,3,ACT NOW
23-724,2023-02-09,Baby Sleep Sacks,Sleep — mattresses & bedding,choking,3,ACT NOW
23-117,2023-02-09,Silver Lining Cloud Activity Gyms,Toys,choking,3,ACT NOW
23-115,2023-02-08,Fabuloso Multi-Purpose Cleaners,Household chemicals,,4,ACT SOON
23-113,2023-02-02,Children's Robes,Sleepwear & apparel,burn|flammable,3,ACT NOW
23-112,2023-02-02,Children's robes,Sleepwear & apparel,burn|flammable,3,ACT NOW
23-111,2023-02-02,Children's Robes,Sleepwear & apparel,burn|flammable,3,ACT NOW
23-110,2023-02-02,Children's robes,Sleepwear & apparel,burn|flammable,3,ACT NOW
23-109,2023-02-02,Children's pajamas,Sleepwear & apparel,burn|flammable,3,ACT NOW
23-106,2023-01-26,Children's Lounge Pants,Sleepwear & apparel,burn|flammable,3,ACT NOW
23-104,2023-01-19,Children's sleepwear,Sleepwear & apparel,burn|flammable,3,ACT NOW
23-097,2023-01-19,Children's Pajama Sets,Toys,burn|flammable,3,ACT NOW
23-103,2023-01-19,Children's sleepwear,Sleepwear & apparel,burn|flammable,3,ACT NOW
23-102,2023-01-19,Children's sleepwear,Sleepwear & apparel,burn|flammable,3,ACT NOW
23-101,2023-01-19,Children's sleepwear,Sleepwear & apparel,burn|flammable,3,ACT NOW
23-100,2023-01-19,Children's sleepwear,Sleepwear & apparel,burn|flammable,3,ACT NOW
23-099,2023-01-19,Children's sleepwear,Sleepwear & apparel,burn|flammable,3,ACT NOW
23-095,2023-01-19,Children's robes,Sleepwear & apparel,burn|flammable,3,ACT NOW
23-105,2023-01-19,Heavy Duty Headlight Sealant,Feeding & high chairs,chemical,4,ACT SOON
23-721,2023-01-12,LG 86-inch smart televisions and stands,Nursery furniture & tip-over,entrapment|tipover,1,ACT NOW
23-088,2023-01-09,All models of Rock 'n Play Sleepers,"Sleep — cribs, bassinets, loungers",,4,ACT SOON
23-089,2023-01-09,All models of Kids2 Rocking Sleepers,"Sleep — cribs, bassinets, loungers",,4,ACT SOON
23-085,2023-01-05,Children's pajamas,Sleepwear & apparel,burn|flammable,3,ACT NOW
23-081,2022-12-22,Home Bed Rails,"Gates, rails & childproofing",entrapment|suffocation,1,ACT NOW
23-078,2022-12-22,PillowfortTM Weighted Blankets,Sleep — mattresses & bedding,entrapment|suffocation,1,ACT NOW
23-077,2022-12-22,"Pacific Igniter and Pacific Bubble Pop 20"" kids' bicycles",Helmets & wheeled toys,fall|fire,3,ACT NOW
23-070,2022-12-15,Samnyte Tattoo Numbing Creams,Personal care & medicine,chemical,4,ACT SOON
23-717,2022-12-15,Thornhill Dark Brown and Natural Baby Cribs,"Sleep — cribs, bassinets, loungers",fall,3,ACT NOW
23-714,2022-12-01,Discovery Cubes Animal Hide and Seek Activity Toy,Toys,choking,3,ACT NOW
23-060,2022-12-01,Cloud Island 4-Piece Plush Toy Sets,Toys,choking,3,ACT NOW
23-711,2022-11-23,"Green Sprouts Stainless Steel Straw Bottles, Sippy Cups and Sip & Straw Cups",Feeding & high chairs,chemical|lead,3,ACT NOW
23-052,2022-11-23,Children's clothing sets,Outdoor & play equipment,chemical|lead,4,ACT SOON
23-049,2022-11-17,Rainbow Stacking Toys,Toys,choking,3,ACT NOW
23-048,2022-11-17,Infant's Yellow Footed Fleece Pajamas with Animal Graphic,Sleepwear & apparel,laceration,3,ACT NOW
23-042,2022-11-10,Mockingbird Single-to-Double Strollers,Strollers & carriers,fall,3,ACT NOW
23-032,2022-11-03,FUUL 1.9L Pure Liquid Paraffin Lamp Oil,Lighters & fire hazards,chemical,4,ACT SOON
23-707,2022-11-03,Stashables Finger Skateboard Ramp Sets,Outdoor & play equipment,chemical|lead,4,ACT SOON
23-033,2022-11-03,Tangame Busy Houses,Outdoor & play equipment,chemical|lead,4,ACT SOON
23-031,2022-11-03,Bolt Foldable Children's Scooters,Helmets & wheeled toys,chemical|lead,4,ACT SOON
23-027,2022-10-27,Goalsetter wall-mounted basketball goals,Sleepwear & apparel,fall,3,ACT NOW
23-703,2022-10-20,Butterfly Net Sets and Army Action Figure Playsets,Outdoor & play equipment,chemical|lead,4,ACT SOON
23-019,2022-10-20,Gel Blaster SURGE 1.0 toy guns,Toys,fire|overheat,3,ACT NOW
23-018,2022-10-20,Mittal International Baby Blankets,Sleep — mattresses & bedding,choking|entrapment|strangulation,1,ACT NOW
23-010,2022-10-13,Children's Nightgowns,Sleepwear & apparel,burn|flammable,3,ACT NOW
23-008,2022-10-13,Children's Rings,Outdoor & play equipment,chemical|lead,4,ACT SOON
23-009,2022-10-13,Early Learning Centre Little Senses Lights & Sounds Shape Sorter Toys,Toys,choking,3,ACT NOW
23-011,2022-10-13,Children's Bathrobes,Sleepwear & apparel,burn|flammable,3,ACT NOW
23-701,2022-10-06,Eames Desk Units and Eames Storage Units,Sleepwear & apparel,chemical|lead,4,ACT SOON
22-778,2022-09-29,Flynn Twin Full Bunk Beds With Ladders,Nursery furniture & tip-over,entrapment,1,ACT NOW
22-232,2022-09-29,Toddleroo Rotating Cabinet Latches,Nursery furniture & tip-over,choking,3,ACT NOW
22-233,2022-09-29,Children's Bowtie Hairclips,Outdoor & play equipment,chemical|lead,4,ACT SOON
22-776,2022-09-22,Pool and spa drain covers,Outdoor & play equipment,entrapment,1,ACT NOW
22-775,2022-09-22,Pool and spa drain covers,Outdoor & play equipment,entrapment,1,ACT NOW
22-774,2022-09-22,Pool and spa drain covers,Outdoor & play equipment,entrapment,1,ACT NOW
22-773,2022-09-22,Pool and spa drain covers,Outdoor & play equipment,entrapment,1,ACT NOW
22-772,2022-09-15,"Cityscape Travel Jogger Strollers, Model TJ75B12A",Strollers & carriers,fall,3,ACT NOW
22-217,2022-09-08,Children's HearMuffs sound compression ear muffs,Button cells & batteries,burn,3,ACT NOW
22-769,2022-09-01,Otter MOMO Children's Sandals,Outdoor & play equipment,chemical|lead,4,ACT SOON
22-768,2022-09-01,Infant Bath Seats,Bath & water safety,drowning|tipover,1,ACT NOW
22-215,2022-09-01,UPPAbaby All-Terrain RIDGE Jogging Strollers,Strollers & carriers,laceration,3,ACT NOW
22-211,2022-08-25,Blue's Clues Foot to Floor Ride-on Toys,Toys,fall|tipover,2,ACT NOW
22-207,2022-08-25,Big Game Hunters Mud Kitchens,Outdoor & play equipment,chemical|lead,4,ACT SOON
22-205,2022-08-25,Kidoozie My First Activity Desk Toys,Toys,entanglement|entrapment,1,ACT NOW
22-202,2022-08-18,Hard Rock Cafe Children's Hooded Sweatshirts,Sleepwear & apparel,entanglement|strangulation,1,ACT NOW
22-200,2022-08-15,"4moms MamaRoo Baby Swing, versions 1.0 through 4.0 and RockaRoo Baby Rockers","Walkers, swings & bouncers",entanglement|strangulation,1,ACT NOW
22-765,2022-07-28,NUK First Choice 240 mL Glass Baby Bottles,Feeding & high chairs,chemical|lead,3,ACT NOW
22-192,2022-07-28,KidoozieTM Play Tents and Playhouses,Outdoor & play equipment,burn|flammable,3,ACT NOW
22-190,2022-07-28,Aesop Post-Poo Drops and Aesop Oil Burner Blends,Personal care & medicine,chemical,4,ACT SOON
22-759,2022-07-21,Monti Kids Toy Box with Bins,Toys,choking,3,ACT NOW
22-188,2022-07-21,Baby Mirror Activity Toys,Toys,laceration,3,ACT NOW
22-181,2022-07-07,Shake Look Touch books,Toys,choking,3,ACT NOW
22-177,2022-06-30,Children's Pajamas,Sleepwear & apparel,burn|flammable,3,ACT NOW
22-178,2022-06-30,Children's Nightgowns,Sleepwear & apparel,burn|flammable,3,ACT NOW
22-754,2022-06-30,Lidocaine 4% Topical Anesthetic Cream,Personal care & medicine,chemical,4,ACT SOON
22-172,2022-06-23,Children's robes,Sleepwear & apparel,burn|flammable,3,ACT NOW
22-170,2022-06-23,Baby Boy Dino Rompers and Baby Boy Camo Rompers Two Pack,Sleepwear & apparel,choking,3,ACT NOW
22-161,2022-06-16,"Walgreens Pain Reliever Acetaminophen, 150 count bottles",Feeding & high chairs,chemical,4,ACT SOON
22-160,2022-06-16,"Kroger Aspirin, 300 count bottles and Ibuprofen, 160 count bottles",Feeding & high chairs,chemical,4,ACT SOON
22-164,2022-06-16,"Kroger Arthritis Pain Acetaminophen, 225 count bottles",Feeding & high chairs,chemical,4,ACT SOON
22-165,2022-06-16,Children's pajamas,Sleepwear & apparel,burn|flammable,3,ACT NOW
22-166,2022-06-16,Children's Desks and Chairs,Outdoor & play equipment,chemical|lead,4,ACT SOON
22-167,2022-06-16,Wooden xylophone Toys,Toys,choking|fall,3,ACT NOW
22-162,2022-06-16,"Kroger Acetaminophen, 100 count bottles",Feeding & high chairs,chemical,4,ACT SOON
22-750,2022-06-09,Jungle Jumparoo Children's Toys,Outdoor & play equipment,chemical|lead,4,ACT SOON
22-156,2022-06-09,Activity Loops,Toys,choking,3,ACT NOW
22-146,2022-06-02,Wonder & Wise Baby Activity Walkers,"Walkers, swings & bouncers",strangulation,1,ACT NOW
22-145,2022-06-02,Children's robes,Sleepwear & apparel,burn|flammable,3,ACT NOW
22-142,2022-06-02,Children's pajama sets,Sleepwear & apparel,burn|flammable,3,ACT NOW
22-141,2022-06-02,"6"" Aflac Plush Promotional Ducks",Outdoor & play equipment,chemical|lead,4,ACT SOON
22-139,2022-05-26,Children's pajamas,Sleepwear & apparel,burn|flammable,3,ACT NOW
22-138,2022-05-26,Wonder & Wise Activity Tables,Toys,choking,3,ACT NOW
22-749,2022-05-26,Children's pajamas,Sleepwear & apparel,burn|flammable,3,ACT NOW
22-133,2022-05-05,BIBS Baby Bottles,Feeding & high chairs,burn,3,ACT NOW
22-130,2022-05-05,"Infant French terry jumpsuits, rompers, snap suits, baby dresses and bibs",Feeding & high chairs,choking|laceration,3,ACT NOW
22-129,2022-05-05,Children's robes,Sleepwear & apparel,burn|flammable,3,ACT NOW
22-128,2022-05-05,Children's Robes,Sleepwear & apparel,burn|flammable,3,ACT NOW
22-745,2022-04-28,Best Naturals Organic Wintergreen Essential Oil,Personal care & medicine,chemical,4,ACT SOON
22-126,2022-04-28,H for HappyTM Woven Bunny Baskets,Toys,choking,3,ACT NOW
22-741,2022-04-21,Monti Kids Wooden Push Toys,Toys,choking,3,ACT NOW
22-124,2022-04-21,Children's pajamas,Sleepwear & apparel,burn|flammable,3,ACT NOW
22-114,2022-04-14,Rae Prenatal Capsules and Rae Immunity Capsules,Personal care & medicine,chemical,4,ACT SOON
22-118,2022-04-14,"Hempväna Ultra Strength Pain Relief Cream with Lidocaine, Hempväna Ultra Strength Pain Relief Cream Night with Lidocaine, Hempväna Ultra Strength Pain Relief Cream Turmeric with Lidocaine, Hempväna Pain Relieving Hand & Body Lotion with Lidocaine",Personal care & medicine,chemical,4,ACT SOON
22-116,2022-04-14,FAO Schwarz Toy Wood Play Smart Robot Buddy(s) and FAO Schwarz Toy Wood Sensory Boards,Toys,choking,3,ACT NOW
22-738,2022-04-07,biOrigins Sodium Hydroxide Products,Household chemicals,burn|chemical,3,ACT NOW
22-113,2022-04-07,Clikk high chairs,Feeding & high chairs,fall,3,ACT NOW
22-110,2022-03-31,Kid O Hudson® Glow Rattles,Toys,choking,3,ACT NOW
22-736,2022-03-24,tonies® Blocks,Toys,chemical|magnet,2,ACT NOW
22-735,2022-03-24,Commencal Ramones 14-Inch Bicycles,Helmets & wheeled toys,crash,3,ACT NOW
22-107,2022-03-24,Ninebot Children's Bicycle Helmets,Helmets & wheeled toys,crash,3,ACT NOW
22-101,2022-03-17,DigitDots 3mm and 5mm Magnetic Balls,Toys,chemical|magnet,2,ACT NOW
22-733,2022-03-17,"PhysiciansCare brand Aspirin, Extra Strength Non Aspirin, Extra Strength Pain Reliever, Ibuprofen, Medication Station, and Multi-Pack",Personal care & medicine,chemical,4,ACT SOON
22-103,2022-03-16,B. toys Wooden Activity Walker - Walk 'n' Learn,"Walkers, swings & bouncers",choking,3,ACT NOW
22-099,2022-03-16,Airborne Gummies (63 and 75 count bottles),Feeding & high chairs,,4,ACT SOON
22-095,2022-03-09,Be the Band Music Sets,Toys,choking|suffocation,1,ACT NOW
22-090,2022-03-02,Bee Happy 12 Days of Craft Advent Calendars,Toys,chemical|lead,3,ACT NOW
22-731,2022-02-24,Mama & Me MINI Children's Handbags,Outdoor & play equipment,chemical|lead,4,ACT SOON
22-087,2022-02-23,Wooden Teethers,Feeding & high chairs,choking,3,ACT NOW
22-730,2022-02-17,Steel drinking cups with handle,Feeding & high chairs,choking,3,ACT NOW
22-724,2022-02-17,Infant Walkers,"Walkers, swings & bouncers",entrapment,1,ACT NOW
22-728,2022-02-17,Children's Sleepwear Sets,Sleepwear & apparel,burn|flammable,3,ACT NOW
22-083,2022-02-16,Valco Baby Snap Duo Trend Strollers,Strollers & carriers,fall,3,ACT NOW
22-080,2022-02-16,Children's Sleepwear Garments,Sleepwear & apparel,burn|flammable,3,ACT NOW
22-722,2022-02-10,Serta® Perfect Sleeper® Mattresses,"Sleep — cribs, bassinets, loungers",fire|flammable,3,ACT NOW
22-073,2022-02-09,Adam the AppleTM Children's Stackable Toys,Toys,chemical|lead,3,ACT NOW
22-074,2022-02-09,Kids Reiny Szn Mid-Cushion Crew Socks,Sleepwear & apparel,choking,3,ACT NOW
22-071,2022-02-09,Children's Nightgowns,Sleepwear & apparel,burn|flammable,3,ACT NOW
22-719,2022-02-03,River Street Five-Drawer Chests,Nursery furniture & tip-over,entrapment|tipover,1,ACT NOW
22-069,2022-02-02,SureClose® READYFIT 180° Hinge-Closer Sets,"Gates, rails & childproofing",drowning,1,ACT NOW
22-067,2022-02-02,KOYO Bounca The Squig Limited Edition Plush toys,Toys,choking,3,ACT NOW
22-066,2022-02-02,Children's Robes,Sleepwear & apparel,burn|flammable,3,ACT NOW
22-060,2022-01-26,Over-the-counter drugs,Feeding & high chairs,chemical,4,ACT SOON
22-057,2022-01-26,Children's Nightgowns,Sleepwear & apparel,burn|flammable,3,ACT NOW
22-055,2022-01-19,Children's Sleepwear Garments,Sleepwear & apparel,burn|flammable,3,ACT NOW
22-054,2022-01-19,FRIGG Silicone Pacifiers,Feeding & high chairs,choking,3,ACT NOW
22-053,2022-01-12,Children's Robes,Sleepwear & apparel,burn|flammable,3,ACT NOW
22-715,2022-01-06,Covered Wood Wagons,Helmets & wheeled toys,chemical|lead,4,ACT SOON
22-044,2022-01-05,Native Creation Small Wool Sweaters,Sleepwear & apparel,chemical|lead,4,ACT SOON
22-040,2021-12-22,Carex Brand Adult Portable Bed Rails,"Gates, rails & childproofing",entrapment|suffocation,1,ACT NOW
22-036,2021-12-22,Angel Line Bunk Beds with angled ladders,Nursery furniture & tip-over,entrapment|strangulation,1,ACT NOW
22-039,2021-12-22,Endurance® Hand Bed Rails,"Gates, rails & childproofing",entrapment|suffocation,1,ACT NOW
22-713,2021-12-16,Infant Bath Seats,Bath & water safety,drowning|tipover,1,ACT NOW
22-027,2021-12-08,Children's robes,Sleepwear & apparel,burn|flammable,3,ACT NOW
22-025,2021-12-06,Bed Assist Handles and Bed Assist Rail,"Gates, rails & childproofing",entrapment|suffocation,1,ACT NOW
22-024,2021-12-01,Projector Flashlights (included as part of a care package),Nursery electricals & monitors,battery|choking,2,ACT NOW
22-710,2021-11-12,Baby Ruffle Rompers,Sleepwear & apparel,choking,3,ACT NOW
22-709,2021-11-12,Baby Long Sleeve Wiggle Sets,Sleepwear & apparel,choking,3,ACT NOW
22-013,2021-11-10,ABUS MountZ Youth Helmets,Helmets & wheeled toys,,4,ACT SOON
22-706,2021-11-04,"Turbo Racer, Cloud Racer, Captain's Fort and Fort Highlander Outdoor Playsets",Outdoor & play equipment,entrapment,1,ACT NOW
22-007,2021-11-02,Better Homes and Gardens Essential Oil Infused Aromatherapy Room Spray with Gemstones,Personal care & medicine,,4,ACT SOON
22-704,2021-10-28,Arc Collection Furniture,Nursery furniture & tip-over,chemical|lead,4,ACT SOON
22-011,2021-10-27,Nova Series 5-Drawer Chests,Nursery furniture & tip-over,entrapment|tipover,1,ACT NOW
22-701,2021-10-07,Zoom 360 Ultralight jogging strollers,Strollers & carriers,fall,3,ACT NOW
21-198,2021-09-23,"Boppy Original Newborn Loungers, Boppy Preferred Newborn Loungers and Pottery Barn Kids Boppy Newborn Loungers","Sleep — cribs, bassinets, loungers",suffocation,1,ACT NOW
21-781,2021-09-09,VITUS 14 and VITUS 16 Kids Bikes,Helmets & wheeled toys,,4,ACT SOON
21-194,2021-09-09,Janod Children's Shaving Kits,Toys,chemical,4,ACT SOON
21-778,2021-09-02,StepUp Sidekick Learning Towers,Nursery furniture & tip-over,fall,3,ACT NOW
21-193,2021-09-01,TurboSke Kids Toddler Bike Helmets,Helmets & wheeled toys,,4,ACT SOON
21-777,2021-08-26,"""Cutie Spoovel"" children's eating utensils",Feeding & high chairs,choking,3,ACT NOW
21-188,2021-08-25,Ocean and Safari animal wooden tray puzzles,Toys,choking,3,ACT NOW
21-775,2021-08-19,Infant Bath Seats,Bath & water safety,drowning|tipover,1,ACT NOW
21-187,2021-08-18,Tucker & Tate children's socks,Sleepwear & apparel,choking,3,ACT NOW
21-181,2021-08-18,Teether Rings with Decorative Fabric and Plush Attachments,Feeding & high chairs,choking,3,ACT NOW
21-179,2021-08-17,Zen Magnets and Neoballs Magnets,Toys,chemical|magnet,2,ACT NOW
21-771,2021-08-12,Andecor Girls Soft Tye Dye Area Rugs,Outdoor & play equipment,fire|flammable,3,ACT NOW
21-769,2021-07-29,Children's Sleepwear Sets,Sleepwear & apparel,burn|flammable,3,ACT NOW
21-172,2021-07-28,Birkenstock Kids' Mogami Sandals Sizes 24-28,Sleepwear & apparel,choking,3,ACT NOW
21-171,2021-07-28,Children's Pajamas,Sleepwear & apparel,burn|flammable,3,ACT NOW
21-764,2021-07-22,Barrington 5-Drawer Chests,Nursery furniture & tip-over,entrapment|tipover,1,ACT NOW
21-164,2021-07-14,Disney Baby Winnie the Pooh Rattle Sets,Toys,choking,3,ACT NOW
21-163,2021-07-14,Ozone 500® Girls' and Boys' Elevate 24-Inch Bicycles,Helmets & wheeled toys,fall,3,ACT NOW
21-761,2021-07-08,Creekside Kids Five-Drawer Chests,Nursery furniture & tip-over,entrapment|tipover,1,ACT NOW
21-160,2021-07-07,Children's Robes,Sleepwear & apparel,burn|flammable,3,ACT NOW
21-759,2021-07-01,The Best Damn Liquids branded liquid nicotine,Feeding & high chairs,chemical,4,ACT SOON
21-157,2021-06-30,Children's Nightgowns,Sleepwear & apparel,burn|flammable,3,ACT NOW
21-158,2021-06-30,UPPAbaby adapters included with Rumbleseats,Strollers & carriers,fall,3,ACT NOW
21-159,2021-06-30,Children's Robes,Sleepwear & apparel,burn|flammable,3,ACT NOW
21-156,2021-06-30,Children's Nightgowns,Sleepwear & apparel,burn|flammable,3,ACT NOW
21-757,2021-06-24,Girls' Nightgowns,Sleepwear & apparel,burn|flammable,3,ACT NOW
21-755,2021-06-24,"Wintergreen Essential Oil, Birch Essential Oil, Headache Relief Essential Oil Blend, Headache Relief Roll-On Essential Oil Blend, and Deep Muscle Essential Oil Blend",Personal care & medicine,chemical,4,ACT SOON
21-754,2021-06-10,Children's Barhee Fishing Hero Toy Games,Outdoor & play equipment,chemical|lead,4,ACT SOON
21-147,2021-06-03,Fisher-Price 4-in-1 Rock 'n Glide Soothers and 2-in-1 Soothe 'n Play Gliders,Feeding & high chairs,suffocation,1,ACT NOW
21-750,2021-05-27,Williams Advanced Materials & Chemicals Recalls Three Chemical Products Due to Failure to Meet Child-Resistant Packaging Requirement and Violation of FHSA Labeling Requirement (Recall Alert),Household chemicals,burn|chemical|labeling,3,ACT NOW
21-140,2021-05-26,"Arizona Jean Co. ""Lilac Smoke"" Girls Midweight Puffer Jackets",Sleepwear & apparel,entanglement,4,ACT SOON
21-139,2021-05-26,"METROUS1, METROUS2 and METROUS4 Compact City Strollers",Strollers & carriers,choking,3,ACT NOW
21-749,2021-05-20,Pro Supply Outlet (PSO) Sodium and Potassium Hydroxide,Household chemicals,burn|chemical,3,ACT NOW
21-745,2021-05-13,The Lye Guy Sodium Hydroxide and Potassium Hydroxide,Household chemicals,burn|chemical,3,ACT NOW
21-743,2021-05-13,"Sodium Hydroxide Flakes, Pure Lye, Caustic Soda Drain Cleaner and Sodium Hydroxide Flake (Caustic Soda Flake)",Household chemicals,burn|chemical,3,ACT NOW
21-134,2021-05-12,Wild Republic Slap Watches,Jewelry & accessories,choking|fall,3,ACT NOW
21-125,2021-05-05,Inclined sleeper accessory included with Kolcraft Cuddle 'n Care 2-in-1 Bassinet & Incline Sleepers and Preferred Position 2-in-1 Bassinet & Incline Sleepers,"Sleep — cribs, bassinets, loungers",,4,ACT SOON
21-123,2021-05-05,Infant Sleep Bags,"Sleep — cribs, bassinets, loungers",suffocation,1,ACT NOW
21-740,2021-04-29,Modernist Pantry Kitchen Alchemy Sodium Hydroxide,Household chemicals,burn|chemical,3,ACT NOW
21-118,2021-04-28,LifeSeasons Blood Nourish-R Iron Supplement,Feeding & high chairs,chemical,4,ACT SOON
21-737,2021-04-22,Welmate Lidocaine Numbing Cream,Personal care & medicine,chemical,4,ACT SOON
21-114,2021-04-21,Swix branded Focus Down Jackets Jr.,Sleepwear & apparel,entanglement|entrapment|strangulation,1,ACT NOW
21-112,2021-04-14,Clip Clop Infant Activity Rattles,Toys,choking,3,ACT NOW
21-111,2021-04-14,Cat & Jack Baby Heart Ears Rompers,Sleepwear & apparel,choking,3,ACT NOW
21-109,2021-04-14,B. toys Firefly Frank Infant Teethers,Feeding & high chairs,choking,3,ACT NOW
21-736,2021-04-08,GEO Wintergreen Organic Essential Oil and GEO Alleviate Organic Essential Oil Blend,Personal care & medicine,chemical,4,ACT SOON
21-102,2021-04-07,"Animal, Heathered Plush and Luxe Sherpa Children's Bath Wraps",Toys,burn|flammable,3,ACT NOW
21-735,2021-04-01,Foldable Infant Bath Seats,Bath & water safety,drowning|tipover,1,ACT NOW
21-734,2021-04-01,"dōTERRA Deep Blue, PastTense and Deep Blue Touch Essential Oils",Feeding & high chairs,chemical,4,ACT SOON
21-729,2021-03-18,EvrysdiTM (risdiplam),Feeding & high chairs,chemical,4,ACT SOON
21-728,2021-03-18,Shepherd Boy Plush toys with wire staff,Toys,laceration,3,ACT NOW
21-725,2021-03-04,Cabina Bunk Beds,Nursery furniture & tip-over,fall,3,ACT NOW
21-089,2021-02-25,"Imatinib Mesylate Tablets 100 mg, Imatinib Mesylate Tablets 400 mg, Pregabalin Capsules 50 mg, Pregabalin Capsules 75 mg, Pregabalin Capsules 100 mg, Pregabalin Capsules 150 mg, Sevelamer Carbonate Tablets 800 mg, Tadalafil Tablets 5 mg and Tadalafil Tablets 20 mg",Personal care & medicine,chemical,4,ACT SOON
21-723,2021-02-25,"deSensua Wintergreen, Birch and Pain Soother Essential Oils",Feeding & high chairs,chemical,4,ACT SOON
21-088,2021-02-24,Bee Free Children's Helmets,Helmets & wheeled toys,,4,ACT SOON
21-083,2021-02-17,10-in-1 Incredible Inventions Science Kits,Toys,chemical|labeling|lead|magnet,2,ACT NOW
21-071,2021-01-27,Junction Tall Chests and Low Dressers,Nursery furniture & tip-over,entrapment|tipover,1,ACT NOW
21-719,2021-01-14,Scalpa Numb Maximum Strength Topical Anesthetic Cream,Personal care & medicine,chemical,4,ACT SOON
21-067,2021-01-13,Janod Toy Confetti Trumpets,Toys,choking,3,ACT NOW
21-718,2021-01-07,"Chests, cabinets and dressers",Nursery furniture & tip-over,entrapment|tipover,1,ACT NOW
21-063,2021-01-06,Ozone 500® Density Bicycles,Helmets & wheeled toys,fall,3,ACT NOW
21-062,2020-12-30,Cat & Jack Infant-Toddler One-Piece Rashguard Swimsuits,Sleepwear & apparel,choking|laceration,3,ACT NOW
21-061,2020-12-30,Cloud Island infant rompers,Sleepwear & apparel,choking|laceration,3,ACT NOW
21-057,2020-12-23,"Excedrin Migraine Caplets, Excedrin Migraine Geltabs, Excedrin Extra Strength Caplets, Excedrin PM Headache Caplets, and Excedrin Tension Headache Caplets",Feeding & high chairs,chemical,4,ACT SOON
21-052,2020-12-16,"Inclined sleeper accessory included with the Graco Pack 'n Play Day2Dream Playard with Bedside Sleeper, Graco Pack 'n Play Nuzzle Nest Playard, Graco Pack 'n Play Everest Playard and Graco Pack 'n Play Rock 'n Grow Playard","Sleep — cribs, bassinets, loungers",,4,ACT SOON
21-714,2020-12-10,Homfa HPB-087 and HPB-106 Cabinets,Nursery furniture & tip-over,entrapment|tipover,1,ACT NOW
21-043,2020-12-09,Children's flashlights,Sleepwear & apparel,burn|fire|overheat,3,ACT NOW
21-045,2020-12-09,Dash® X FM child bicycle seats,Helmets & wheeled toys,crash,3,ACT NOW
21-048,2020-12-09,Western Chief toddler light-up rain boots,Sleepwear & apparel,choking,3,ACT NOW
21-033,2020-11-25,"Baby Spoons and Forks, Feeding Spoons and Placemat Feeding sets 4PCs",Feeding & high chairs,choking,3,ACT NOW
21-029,2020-11-10,Crafty Bubbles Wintergreen Essential Oil,Toys,chemical,4,ACT SOON
21-021,2020-11-04,"Cat & Jack ""Himani"" and ""Jaren"" Toddler Boots",Sleepwear & apparel,choking,3,ACT NOW
21-019,2020-11-04,Drawer Chests,"Walkers, swings & bouncers",entrapment|tipover,1,ACT NOW
21-706,2020-10-29,Nash Convertible Cribs,"Sleep — cribs, bassinets, loungers",,4,ACT SOON
21-015,2020-10-28,Ron Jon Surf Shop Sippy Cup,Feeding & high chairs,chemical|lead,3,ACT NOW
21-704,2020-10-22,"Wintergreen essential oil, and Pain Ease, Sports Pro, True Blue, Relieve Me oil blends",Personal care & medicine,chemical,4,ACT SOON
21-002,2020-10-07,Antifreeze products,Household chemicals,chemical,4,ACT SOON
20-782,2020-09-24,Vthrive Bioactive Women's One-Daily Multi vitamins,Personal care & medicine,chemical,4,ACT SOON
20-780,2020-09-11,"31 Medique Over-the-Counter drugs from the product lines: Medi-First, Medi-First Plus, Medique, Dover, Otis Clapp, and Ecolab.",Sleepwear & apparel,chemical,4,ACT SOON
20-778,2020-09-10,Organic Aromas Wintergreen Essential Oil,Personal care & medicine,chemical,4,ACT SOON
20-773,2020-08-27,Birch Sweet Essential Oil 100% Pure,Personal care & medicine,chemical,4,ACT SOON
20-772,2020-08-27,Calmer Solutions Wintergreen Gautheria Procumdens 100% Pure Essential Oil,Personal care & medicine,chemical,4,ACT SOON
20-173,2020-08-26,"6"" Plush Aflac Promotional Doctor Duck",Outdoor & play equipment,chemical|lead,4,ACT SOON
20-770,2020-08-21,Children's helmets,Helmets & wheeled toys,,4,ACT SOON
20-168,2020-08-19,Super Soaker XP 20 and Super Soaker XP 30,Outdoor & play equipment,chemical|lead,4,ACT SOON
20-163,2020-08-12,Lawn dart sets,Outdoor & play equipment,laceration,3,ACT NOW
20-164,2020-08-12,Thule Sleek strollers,Strollers & carriers,,4,ACT SOON
20-161,2020-08-11,Essential Home Belmont 2.0 four-drawer chests,Nursery furniture & tip-over,entrapment|tipover,1,ACT NOW
20-769,2020-08-06,"REVIVE Wintergreen and Birch Essential Oils and REVIVE Sore No More, Ache Away and Breeze Essential Oil Blends",Personal care & medicine,chemical,4,ACT SOON
20-767,2020-07-30,Bio Source Naturals Wintergreen and Birch Sweet Essential Oils,Personal care & medicine,chemical,4,ACT SOON
20-766,2020-07-23,Nature's Oil Wintergreen and Birch Essential Oils,Personal care & medicine,chemical,4,ACT SOON
20-154,2020-07-22,BioMed Balance Wintergreen and Birch Tar Essential Oils,Personal care & medicine,chemical,4,ACT SOON
20-152,2020-07-22,Manhattan Ball,Toys,choking,3,ACT NOW
20-148,2020-07-15,Simplers Botanicals Organic Wintergreen (Gaultheria Fragrantissiam) Essential Oil,Personal care & medicine,chemical,4,ACT SOON
20-762,2020-07-09,DaVinci Bailey bassinets,"Sleep — cribs, bassinets, loungers",entrapment|fall,1,ACT NOW
20-760,2020-07-09,Miracle Botanicals Wintergreen and Birch Essential Oils,Personal care & medicine,chemical,4,ACT SOON
20-759,2020-07-09,"Wintergreen 100% Pure Essential Oil, Sweet Birch 100% Pure Essential Oil, Super Soother Pure Essential Oil Blend, and Breathe Deep Pure Essential Oil Blend",Feeding & high chairs,chemical,4,ACT SOON
20-147,2020-07-08,Pranarom Wintergreen Essential Oils,Personal care & medicine,chemical,4,ACT SOON
20-145,2020-07-08,GloryBee Wintergreen Essential Oil,Personal care & medicine,chemical,4,ACT SOON
20-756,2020-07-02,Edens Garden 100% Pure Wintergreen and Birch Essential Oil,Personal care & medicine,chemical,4,ACT SOON
20-755,2020-07-02,Belecoo 535-S Baby Strollers,Strollers & carriers,entrapment|fall|strangulation,1,ACT NOW
20-754,2020-07-02,Cottage Town Bedroom Furniture Collection,Nursery furniture & tip-over,chemical|lead,4,ACT SOON
20-144,2020-07-01,Cub Scout activity pins,Outdoor & play equipment,chemical|lead,4,ACT SOON
20-753,2020-06-25,Baby Strollers,Strollers & carriers,entrapment|fall|strangulation,1,ACT NOW
20-752,2020-06-18,"Brighton, Travis and Bevelle dressers",Nursery furniture & tip-over,entrapment|tipover,1,ACT NOW
20-750,2020-06-11,Davina Wintergreen Essential Oil and Davina Kneads Relief Sore Muscle Blend,Personal care & medicine,chemical,4,ACT SOON
20-135,2020-06-11,Miniware Teething Spoons,Feeding & high chairs,choking,3,ACT NOW
20-132,2020-06-10,Umbrella strollers,Strollers & carriers,choking|fall,3,ACT NOW
20-748,2020-06-04,Simply Earth Wintergreen Essential Oil,Personal care & medicine,chemical,4,ACT SOON
20-749,2020-06-04,Emori Wintergreen 100% Pure Essential Therapeutic Grade Oil,Personal care & medicine,chemical,4,ACT SOON
20-126,2020-05-27,Sanvall Rapid Alivio Pain Relieving Roll-On,Feeding & high chairs,chemical,4,ACT SOON
20-747,2020-05-21,Nelson and Lauki Dressers and Cabinets,Nursery furniture & tip-over,entrapment|tipover,1,ACT NOW
20-746,2020-05-21,Viva Doria Wintergreen Essential Oil,Personal care & medicine,chemical,4,ACT SOON
20-125,2020-05-20,Bunz Kidz Children's Sleepwear Sets,Sleepwear & apparel,burn|flammable,3,ACT NOW
20-743,2020-05-14,Jade Bloom Wintergreen and Birch Sweet Essential Oils,Personal care & medicine,chemical,4,ACT SOON
20-745,2020-05-14,Organic Pure Oil Wintergreen Essential Oil,Personal care & medicine,chemical,4,ACT SOON
20-742,2020-05-14,Aromatics International Wintergreen Essential Oil,Personal care & medicine,chemical,4,ACT SOON
20-121,2020-05-14,Swurfer Kiwi Baby and Toddler Swings,"Walkers, swings & bouncers",fall,3,ACT NOW
20-120,2020-05-13,Hodedah HI4DR 4-drawer chests,Nursery furniture & tip-over,entrapment|tipover,1,ACT NOW
20-741,2020-05-07,Mag Cube magnetic ball sets,Toys,magnet,2,ACT NOW
20-117,2020-05-06,Prepac 4-drawer chests,Nursery furniture & tip-over,entrapment|tipover,1,ACT NOW
20-740,2020-04-30,Essential Trading Post Wintergreen and Birch Essential Oils,Personal care & medicine,chemical,4,ACT SOON
20-113,2020-04-30,Children's Neck Pillows,Toys,chemical|lead,3,ACT NOW
20-739,2020-04-23,BioFinest Wintergreen Essential Oil,Personal care & medicine,chemical,4,ACT SOON
20-737,2020-04-23,Eiji Essentials Wintergreen Essential Oil,Personal care & medicine,chemical,4,ACT SOON
20-736,2020-04-23,Dr. Mercola Wintergreen Essential Oil,Personal care & medicine,chemical,4,ACT SOON
20-111,2020-04-16,Wyndmere Birch Sweet Essential Oil and Aches and Pains Synergistic Blend,Personal care & medicine,chemical,4,ACT SOON
20-732,2020-04-16,Vitamin Shoppe Energy Formula Multivitamins (90 Tablets),Feeding & high chairs,chemical,4,ACT SOON
20-731,2020-04-16,Dr. Adorable Sweet Birch Essential Oils,Personal care & medicine,chemical,4,ACT SOON
20-106,2020-04-06,Blythe dressers,Nursery furniture & tip-over,entrapment|tipover,1,ACT NOW
20-102,2020-04-02,Musical Lili Llama,Toys,choking|fall,3,ACT NOW
20-723,2020-03-19,"Plant Therapy Wintergreen, Organic Wintergreen, Muscle Aid Synergy Blend, Tingly Mint Synergy Blend, and Vein Aid Synergy Blend Oils",Personal care & medicine,chemical,4,ACT SOON
20-098,2020-03-19,Children's Tool Kits,Outdoor & play equipment,lead,4,ACT SOON
20-096,2020-03-19,Thule Sleek Car Seat Adapters,Car seats & travel,fall,3,ACT NOW
20-729,2020-03-19,Lilly of New York children's winter boots,Outdoor & play equipment,chemical|lead,4,ACT SOON
20-730,2020-03-19,Kids & Koalas baby walkers,"Walkers, swings & bouncers",entrapment,1,ACT NOW
20-093,2020-03-18,"Sodium Hydroxide, Lye/Caustic Soda and Potassium Hydroxide, Caustic Potash Ash",Household chemicals,burn|chemical,3,ACT NOW
20-725,2020-03-18,Earthsonnets Wintergreen (Gualtheria procumbens) Essential Oil,Personal care & medicine,chemical,4,ACT SOON
20-722,2020-03-18,Earthroma's Wintergreen Essential Oil,Personal care & medicine,chemical,4,ACT SOON
20-094,2020-03-18,100% Sodium Hydroxide Drain Cleaner,Household chemicals,chemical,4,ACT SOON
20-091,2020-03-18,"Sandimmune® (cyclosporine capsules, USP) 100 mg soft gelatin capsules and Neoral® (cyclosporine capsules, USP) MODIFIED 100 mg soft gelatin capsules prescription drug blister packages",Personal care & medicine,chemical,4,ACT SOON
20-724,2020-03-18,NumbSkin pain relief cream with lidocaine,Personal care & medicine,chemical,4,ACT SOON
20-092,2020-03-18,"Soap Supply Co. Lye, Soap Makers Lye, California Soap Supply, Combo Pure Solutions, Red Crown High Test Lye, and Boyer Potassium Hydroxide Flakes",Household chemicals,burn|chemical,3,ACT NOW
20-721,2020-03-12,Finch three-drawer dressers,Nursery furniture & tip-over,entrapment|tipover,1,ACT NOW
20-087,2020-03-05,Children's pajamas and robes,Sleepwear & apparel,burn|flammable,3,ACT NOW
20-085,2020-03-04,KULLEN 3-drawer chest,Nursery furniture & tip-over,entrapment|tipover,1,ACT NOW
20-082,2020-02-27,Just Blanks children's nightgowns,Sleepwear & apparel,burn|flammable,3,ACT NOW
20-081,2020-02-27,Little Helper'sTM children's grocery shopping carts,Toys,laceration,3,ACT NOW
20-078,2020-02-26,Aura and Silas 3-Drawer Chests,Nursery furniture & tip-over,entrapment|tipover,1,ACT NOW
20-079,2020-02-26,Home Decorators Collection Print Block 4-Drawer Whitewash Chest,Nursery furniture & tip-over,entrapment|tipover,1,ACT NOW
20-075,2020-02-20,Inclined sleeper accessory included with Kolcraft Cuddle 'n Care 2-in-1 Bassinet & Incline Sleepers and Preferred Position 2-in-1 Bassinet & Incline Sleepers.,"Sleep — cribs, bassinets, loungers",,4,ACT SOON
20-074,2020-02-19,Contigo Kids Cleanable Water Bottles,Feeding & high chairs,choking,3,ACT NOW
20-717,2020-02-06,Patmos Chaise Lounge Chairs,Toys,chemical|lead,3,ACT NOW
20-071,2020-02-06,"Go Forward 4-in-1 Evolved Ergonomic, Flip Front2back and Up Close Newborn infant carriers",Car seats & travel,fall,3,ACT NOW
20-066,2020-02-06,Sophie la Giraffe Bead Maze,Toys,choking,3,ACT NOW
20-068,2020-02-06,"Sun Essential Oils, Wintergreen",Personal care & medicine,chemical,4,ACT SOON
20-716,2020-01-30,Children's Lounge Pants,Sleepwear & apparel,burn|flammable,3,ACT NOW
20-059,2020-01-29,SwaddleMe By Your Bed Sleeper inclined sleeper,"Sleep — cribs, bassinets, loungers",,4,ACT SOON
20-061,2020-01-29,"Beautyrest Beginnings Incline Sleeper with Adjustable Feeding Position for Newborns; Disney Baby Minnie Mouse Incline Sleeper with Adjustable Feeding Position for Newborns; Delta Children Deluxe 3-in-1 Activity Rocker, Feeder and Sleeper; Simmons Kids Beautyrest Deluxe 3-in-1 Activity Rocker, Feeder, and Sleeper; 3-in-1 Activity Rocker, Feeder and Incline Sleeper and others.","Sleep — cribs, bassinets, loungers",,4,ACT SOON
20-060,2020-01-29,Pillo Portable Napper,"Sleep — cribs, bassinets, loungers",,4,ACT SOON
20-052,2020-01-16,Tango Mini Strollers,Strollers & carriers,fall,3,ACT NOW
20-712,2020-01-09,Little Bambino 4 in 1 canopy children's tricycles,Helmets & wheeled toys,chemical|lead,4,ACT SOON
20-045,2019-12-19,Light-Up Magic Wands,Toys,choking,3,ACT NOW
20-044,2019-12-19,Merge Playground Climbers,Outdoor & play equipment,entrapment,1,ACT NOW
20-041,2019-12-18,Chadwick and Bailey five-drawer chests,Nursery furniture & tip-over,entrapment|tipover,1,ACT NOW
20-040,2019-12-17,Crewcuts boys' stone washed denim pants,Sleepwear & apparel,choking,3,ACT NOW
20-711,2019-12-05,DaVinci Bailey bassinets,"Sleep — cribs, bassinets, loungers",fall,3,ACT NOW
20-033,2019-11-26,19 different recalled products,Sleepwear & apparel,burn|choking|fall|fire|laceration,3,ACT NOW
20-709,2019-11-21,Wintergreen 100 Percent Pure Essential Oil,Personal care & medicine,chemical,4,ACT SOON
20-025,2019-11-20,Cutek Proclean Professional Wood Restoration,Feeding & high chairs,chemical,4,ACT SOON
20-026,2019-11-20,Airome Wintergreen Essential Oil and Deep Soothe Essential Oil 100 percent Pure & Natural Therapeutic Grade Essential Oils.,Personal care & medicine,chemical,4,ACT SOON
20-019,2019-11-14,ALOCANE® Emergency Burn Pads,Personal care & medicine,burn|chemical,3,ACT NOW
20-018,2019-11-12,Hooey children's sweatshirts with drawstrings,Sleepwear & apparel,entanglement|strangulation,1,ACT NOW
20-015,2019-10-31,All-Gloo Craft Glue,Toys,chemical,4,ACT SOON
20-704,2019-10-18,Spider Climb playground climbers,Outdoor & play equipment,fall,3,ACT NOW
20-008,2019-10-08,MATVRÅ Infant Bibs,Feeding & high chairs,choking,3,ACT NOW
20-003,2019-10-03,Belmont four-drawer dressers,Nursery furniture & tip-over,entrapment|tipover,1,ACT NOW
20-002,2019-10-02,INK+IVY Renu three-drawer dressers,Nursery furniture & tip-over,entrapment|tipover,1,ACT NOW
19-209,2019-09-24,Mid-Century three-drawer chests,Nursery furniture & tip-over,entrapment|tipover,1,ACT NOW
19-200,2019-09-10,Healing Solutions Wintergreen and Birch 100 percent Pure Therapeutic Grade Essential Oils,Personal care & medicine,chemical,4,ACT SOON
19-204,2019-09-10,Children's loungewear,Toys,burn|flammable,3,ACT NOW
19-779,2019-09-05,Children's bunk beds,"Walkers, swings & bouncers",fall,3,ACT NOW
19-199,2019-09-04,Artizen Oils Wintergreen and Birch 100 percent Pure & Natural Therapeutic Grade Essential Oils,Personal care & medicine,chemical,4,ACT SOON
19-198,2019-09-03,The Beaufort Bonnet Company Handmade Knit Dolls,Toys,laceration,3,ACT NOW
19-197,2019-08-30,Children's chairs and stools,Nursery furniture & tip-over,chemical|lead,4,ACT SOON
19-195,2019-08-29,Ubbi Connecting Bath Toys,Bath & water safety,choking|laceration,3,ACT NOW
19-194,2019-08-29,Losartan Potassium and Ezetimibe prescription drug bottles,Feeding & high chairs,chemical,4,ACT SOON
19-190,2019-08-28,Black Wash Mirrored Chests and Six-Drawer Camille Chests,Nursery furniture & tip-over,entrapment|tipover,1,ACT NOW
19-186,2019-08-27,Contigo Kids Cleanable Water Bottles,Feeding & high chairs,choking,3,ACT NOW
19-772,2019-08-22,Piping Rock wintergreen essential oil,Personal care & medicine,chemical,4,ACT SOON
19-185,2019-08-20,Children's pajamas,Sleepwear & apparel,burn|flammable,3,ACT NOW
19-184,2019-08-20,Activity Push Walkers,"Walkers, swings & bouncers",choking|laceration,3,ACT NOW
19-179,2019-08-01,Super Jumper Trampolines,"Walkers, swings & bouncers",fall,3,ACT NOW
19-178,2019-07-31,Infant Sock and Wrist Rattle Sets,Toys,choking,3,ACT NOW
19-177,2019-07-31,Eddie Bauer Slumber and Soothe Rock Bassinet/Rocker; Disney Baby Doze and Dream Bassinet/Rocker,"Sleep — cribs, bassinets, loungers",,4,ACT SOON
19-765,2019-07-30,Magnetic Trivets,Toys,magnet,2,ACT NOW
19-763,2019-07-25,"Modified thru-bolt axles for use with BOB Jogging Strollers distributed through the BOB Information Campaign from January 10, 2019 to April 26, 2019",Strollers & carriers,fall,3,ACT NOW
19-176,2019-07-25,Children's pajamas,Sleepwear & apparel,burn|flammable,3,ACT NOW
19-174,2019-07-25,Stokke® StepsTM Bouncers,"Walkers, swings & bouncers",fall,3,ACT NOW
19-173,2019-07-24,Trek Kickster,Helmets & wheeled toys,fall,3,ACT NOW
19-171,2019-07-23,Boppy Infant Head and Neck Support Accessories,Sleep — mattresses & bedding,suffocation,1,ACT NOW
19-762,2019-07-16,Majestic Pure Wintergreen Oil,Personal care & medicine,chemical,4,ACT SOON
19-761,2019-07-11,Levolor Two-Corded Custom Cellular Shades,Window coverings & cords,strangulation,1,ACT NOW
19-164,2019-07-11,Playtive Junior Wooden Grasping Toy,Toys,choking,3,ACT NOW
19-758,2019-07-09,Loviebee children's security blankets,"Sleep — cribs, bassinets, loungers",choking,3,ACT NOW
19-159,2019-07-08,"Forky 11"" Plush Toys",Feeding & high chairs,choking,3,ACT NOW
19-757,2019-07-03,Girl's pajama sets,Sleepwear & apparel,burn|flammable,3,ACT NOW
19-756,2019-07-03,Children's pajama pants,Sleepwear & apparel,burn|flammable,3,ACT NOW
19-158,2019-07-03,Nature's Truth wintergreen essential oil,Personal care & medicine,chemical,4,ACT SOON
19-151,2019-06-27,Inclined sleeper accessory included with all models of Fisher-Price Ultra-Lite Day & Night Play Yards,"Sleep — cribs, bassinets, loungers",,4,ACT SOON
19-754,2019-06-18,Copeland Corner Curios,Nursery furniture & tip-over,entrapment|tipover,1,ACT NOW
19-135,2019-06-11,"Cat & Jack ""Lilia"" Rain Boots",Sleepwear & apparel,choking,3,ACT NOW
19-128,2019-05-29,Children's robes and pajama pants,Sleepwear & apparel,burn|flammable,3,ACT NOW
19-747,2019-05-28,Children's sleep sacks,Sleep — mattresses & bedding,burn|flammable,3,ACT NOW
19-122,2019-05-15,Babycook Neo steam cooker/blenders,Feeding & high chairs,laceration,3,ACT NOW
19-120,2019-05-15,"Hush gels, sprays and Hush foam soaps",Personal care & medicine,chemical,4,ACT SOON
19-116,2019-05-09,Libra style 3-drawer chests,Nursery furniture & tip-over,entrapment|tipover,1,ACT NOW
19-112,2019-04-26,All models of Kids II Rocking Sleepers,"Sleep — cribs, bassinets, loungers",,4,ACT SOON
19-742,2019-04-25,Pain Relief Cream with Lidocaine,Personal care & medicine,chemical,4,ACT SOON
19-108,2019-04-18,Bullseye's Playground wooden toy vehicles,Outdoor & play equipment,choking,3,ACT NOW
19-106,2019-04-17,Children's loungewear sets,Sleepwear & apparel,burn|flammable,3,ACT NOW
19-736,2019-04-15,Children's Bathrobes,Sleepwear & apparel,burn|flammable,3,ACT NOW
19-105,2019-04-12,All Models of Rock 'n Play Sleeper,"Sleep — cribs, bassinets, loungers",,4,ACT SOON
19-093,2019-04-02,Infant Cheetah Fur jackets,Sleepwear & apparel,choking,3,ACT NOW
19-092,2019-03-28,Baby Rattle Socks,Toys,choking,3,ACT NOW
19-731,2019-03-21,Little Experimenter children's globes,Sleepwear & apparel,burn|fire|overheat,3,ACT NOW
19-076,2019-02-28,Numb 100 Topical Anesthetic Cream,Personal care & medicine,chemical,4,ACT SOON
19-075,2019-02-28,EZY Gel Topical Anesthetic Gel,Personal care & medicine,chemical,4,ACT SOON
19-072,2019-02-26,Sleeper Chair Folding Foam Beds,"Sleep — cribs, bassinets, loungers",fire|flammable,3,ACT NOW
19-062,2019-02-12,"Cat & Jack Unicorn ""Chiara"" Boots",Sleepwear & apparel,choking,3,ACT NOW
19-058,2019-02-05,Children's Power Wheels Barbie Dream Campers,Toys,,4,ACT SOON
19-724,2019-01-30,Bed Rails,"Gates, rails & childproofing",entrapment|suffocation,1,ACT NOW
19-055,2018-12-19,Women's Iron Complete Dietary Supplement (60 caplets),Personal care & medicine,,4,ACT SOON
19-054,2018-12-19,Children's soft books,Toys,choking,3,ACT NOW
19-053,2018-12-18,Infant snowsuits,Sleepwear & apparel,choking,3,ACT NOW
19-721,2018-12-13,Children's robes,Sleepwear & apparel,burn|flammable,3,ACT NOW
19-042,2018-12-06,Tuo convertible high chairs,Feeding & high chairs,fall,3,ACT NOW
19-044,2018-12-06,Falls Creek Kids infant and toddler hoodies,Sleepwear & apparel,choking|fall,3,ACT NOW
19-719,2018-11-27,5-Gallon mixing buckets,Bath & water safety,drowning|fall,1,ACT NOW
19-718,2018-11-20,MyBaby Giraffe Nightlights,Nursery electricals & monitors,choking,3,ACT NOW
19-717,2018-11-15,Metal-wrapped coffee tables,Nursery furniture & tip-over,chemical|lead,4,ACT SOON
19-716,2018-11-15,Active Series baby carriers,Strollers & carriers,fall,3,ACT NOW
19-034,2018-11-08,Girl's clothing sets with pendant necklace,Outdoor & play equipment,chemical|lead,4,ACT SOON
19-032,2018-11-08,Children's water bottles,Feeding & high chairs,choking,3,ACT NOW
19-712,2018-11-01,"Numbify, Extra Strength Numbify, Pre-TAT Tattoo, Superior Pain & Itch Relief & Soothing Sore Relief creams, sprays and gels",Personal care & medicine,chemical,4,ACT SOON
19-026,2018-10-31,Slap bracelets,Jewelry & accessories,laceration,3,ACT NOW
19-709,2018-10-26,INNOCHEER children's musical instruments sets,Toys,chemical|lead,3,ACT NOW
19-024,2018-10-25,Infant rattles,Toys,choking,3,ACT NOW
19-010,2018-10-16,Eddie Bauer fabric infant carriers,Car seats & travel,fall,3,ACT NOW
19-011,2018-10-16,Tubeez Baby Bath Support Seats,Bath & water safety,drowning|tipover,1,ACT NOW
19-703,2018-10-04,Merge playground climbers,Outdoor & play equipment,strangulation,1,ACT NOW
19-001,2018-10-01,Uber Numb topical anesthetic cream and spray,Personal care & medicine,chemical,4,ACT SOON
18-234,2018-09-28,Mason & Billy action dolls and Mason & Billy HeForShe special edition action dolls,Toys,choking,3,ACT NOW
18-239,2018-09-26,Neckerchief slides,Outdoor & play equipment,chemical|lead,4,ACT SOON
18-229,2018-09-25,Desert Harvest Reléveum Skin Repair Cream,Feeding & high chairs,chemical,4,ACT SOON
18-225,2018-09-20,ED by Ellen DeGeneres coveralls,Sleepwear & apparel,choking,3,ACT NOW
18-214,2018-09-05,Rust-Oleum black satin countertop coating,Household chemicals,chemical|lead,3,ACT NOW
18-763,2018-08-29,Rubber critter toys,Toys,chemical|lead,3,ACT NOW
18-206,2018-08-23,Pull-Back Speedy Jets,Toys,choking,3,ACT NOW
18-198,2018-08-21,Curve in-pool step systems,Outdoor & play equipment,drowning|entrapment,1,ACT NOW
18-192,2018-07-24,Okie Dokie Denim Patches Shortie shorts,Sleepwear & apparel,choking,3,ACT NOW
18-188,2018-07-12,Children's pajamas,Sleepwear & apparel,burn|flammable,3,ACT NOW
18-183,2018-07-06,Blister packages of prescription medication,Personal care & medicine,chemical,4,ACT SOON
18-167,2018-05-24,Jané Muum strollers,Strollers & carriers,entrapment|strangulation,1,ACT NOW
18-162,2018-05-22,My First Porsche - Wooden Cars,Toys,choking,3,ACT NOW
18-743,2018-05-16,Playground SuperMax Triple Slides,Outdoor & play equipment,entrapment,1,ACT NOW
18-741,2018-05-10,Babynest crib bumpers,"Sleep — cribs, bassinets, loungers",strangulation,1,ACT NOW
18-153,2018-05-10,WaterpedeTM children's bath toys,Bath & water safety,choking,3,ACT NOW
18-150,2018-05-08,Hauck Nerf® Battle Racer go-karts,Helmets & wheeled toys,crash|laceration,3,ACT NOW
18-148,2018-05-02,3-piece penguin cardigan sets,Sleepwear & apparel,choking,3,ACT NOW
18-738,2018-04-19,Reduce Hydro Pro water bottles,Feeding & high chairs,chemical|lead,3,ACT NOW
18-143,2018-04-19,Petit Collage musical jumbo wooden xylophones,Toys,choking,3,ACT NOW
18-732,2018-03-28,Electric heated micro plush flannel Sherpa throw blankets,Sleep — mattresses & bedding,burn|fire|overheat,3,ACT NOW
18-126,2018-03-15,Dr. Brown's Lovey pacifier & teether holders,Feeding & high chairs,choking,3,ACT NOW
18-123,2018-03-14,Playtime Pals Pop-Up Hideaway Hut children's tents,Outdoor & play equipment,laceration,3,ACT NOW
18-122,2018-03-14,Children's eWagons,Helmets & wheeled toys,,4,ACT SOON
18-118,2018-03-07,Maximum Strength Bacitraycin Plus Ointment with Lidocaine,Personal care & medicine,chemical,4,ACT SOON
18-117,2018-03-07,Cat & Jack Girls' Star Studded Skinny Jeans,Sleepwear & apparel,laceration,3,ACT NOW
18-112,2018-03-01,Graco Table2Table 6-in-1 Highchairs,Feeding & high chairs,fall,3,ACT NOW
18-109,2018-02-28,Children's nightgowns,Sleepwear & apparel,burn|flammable,3,ACT NOW
18-097,2018-02-13,Children's rompers,Sleepwear & apparel,choking,3,ACT NOW
18-091,2018-02-01,Infant bodysuits,Sleepwear & apparel,choking,3,ACT NOW
18-720,2018-02-01,Luminette privacy sheer blinds,Window coverings & cords,strangulation,1,ACT NOW
18-088,2018-01-31,Sunny CS (cribside) nursery space heaters,"Sleep — cribs, bassinets, loungers",burn|fire,3,ACT NOW
18-086,2018-01-30,Well at Walgreens pain and itch relief cream,Personal care & medicine,chemical,4,ACT SOON
18-084,2018-01-25,Lights & Lullabies travel mobiles,"Sleep — cribs, bassinets, loungers",fall,3,ACT NOW
18-717,2018-01-25,Murphy Bed Hardware Kits,Nursery furniture & tip-over,entrapment|tipover,1,ACT NOW
18-083,2018-01-25,Shake & Sing Elephant Rattles,Toys,choking,3,ACT NOW
18-081,2018-01-19,Panasonic 55-inch flat screen LED/LCD televisions with tabletop swivel stands,Nursery furniture & tip-over,entrapment|fall|tipover,1,ACT NOW
18-716,2018-01-18,Multipro Baby Cradle N Swings,"Sleep — cribs, bassinets, loungers",entrapment|fall,1,ACT NOW
18-078,2018-01-09,Tuo Convertible High Chairs,Feeding & high chairs,fall,3,ACT NOW
18-076,2018-01-02,Ultra Lounge bean bag chair covers,Nursery furniture & tip-over,choking|entrapment|suffocation,1,ACT NOW
18-712,2017-12-28,Nook toddler beds,"Sleep — cribs, bassinets, loungers",entrapment|fall,1,ACT NOW
18-070,2017-12-21,Children's three-piece pajama sets,Sleepwear & apparel,burn|flammable,3,ACT NOW
18-066,2017-12-19,Children's toilet step stools,Nursery furniture & tip-over,fall,3,ACT NOW
18-058,2017-12-12,Crib and toddler bed mattresses,"Sleep — cribs, bassinets, loungers",fire|flammable,3,ACT NOW
18-056,2017-12-08,Children's pajama sets,Sleepwear & apparel,burn|flammable,3,ACT NOW
18-049,2017-11-30,Maximum Strength Synodrin Pain Relieving Cream with Lidocaine,Personal care & medicine,chemical,4,ACT SOON
18-045,2017-11-29,Clay craft kits,Toys,mold,4,ACT SOON
18-040,2017-11-21,Children's and adult chests and dressers,Nursery furniture & tip-over,entrapment|tipover,1,ACT NOW
18-042,2017-11-20,Children's pajamas,Sleepwear & apparel,burn|flammable,3,ACT NOW
18-026,2017-11-08,Baby B'gosh quilted jackets,Sleepwear & apparel,choking,3,ACT NOW
18-025,2017-11-07,Children's bicycles with Samox cranksets,Helmets & wheeled toys,fall,3,ACT NOW
18-023,2017-11-03,Kid's rain ponchos,Sleepwear & apparel,entanglement|strangulation,1,ACT NOW
18-021,2017-11-01,Children's nightgowns and two-piece pajama sets,Sleepwear & apparel,burn|flammable,3,ACT NOW
18-020,2017-11-01,Children's nightgowns and pajama sets,Sleepwear & apparel,burn|flammable,3,ACT NOW
18-019,2017-11-01,Children's pajamas,Sleepwear & apparel,burn|flammable,3,ACT NOW
18-016,2017-10-25,Baby Gym,Sleepwear & apparel,strangulation,1,ACT NOW
18-015,2017-10-24,Soothing Motions Seats,"Walkers, swings & bouncers",fire|overheat,3,ACT NOW
18-012,2017-10-19,Wind-up musical toys,Toys,choking,3,ACT NOW
18-009,2017-10-17,Room Essentials leather pouf ottoman,"Sleep — cribs, bassinets, loungers",choking|suffocation,1,ACT NOW
18-004,2017-10-05,Bruin infant wiggle ball toys,Toys,choking,3,ACT NOW
18-001,2017-10-03,Children's Playtex plates and bowls,Feeding & high chairs,choking,3,ACT NOW
17-235,2017-09-28,Moonlight & Melodies nightlight soothers,Feeding & high chairs,electrical,3,ACT NOW
17-231,2017-09-25,J is for Jeep brand cross-country all-terrain jogging strollers,Strollers & carriers,fall,3,ACT NOW
17-228,2017-09-20,Infant bib and bootie sets,Feeding & high chairs,choking,3,ACT NOW
17-223,2017-09-13,Room Essentials 4-drawer dressers,Nursery furniture & tip-over,entrapment|tipover,1,ACT NOW
17-220,2017-09-07,Bracelets sold with storybooks,Jewelry & accessories,laceration,3,ACT NOW
17-766,2017-09-07,Toddler sweater fleece pullovers,Sleepwear & apparel,choking,3,ACT NOW
17-217,2017-09-06,Mainstays chests of drawers,Nursery furniture & tip-over,entrapment|tipover,1,ACT NOW
17-765,2017-09-05,Children's nightgowns and pajama sets,Sleepwear & apparel,burn|flammable,3,ACT NOW
17-216,2017-08-31,itty bittys® baby plush stacking toys,Toys,choking,3,ACT NOW
17-212,2017-08-29,Infant rompers,Sleepwear & apparel,choking,3,ACT NOW
17-207,2017-08-15,BRIO soft hammer rattles,Toys,choking,3,ACT NOW
17-206,2017-08-15,Girl's dresses,Sleepwear & apparel,choking,3,ACT NOW
17-202,2017-08-08,Wave Zone children's swimsuits,Sleepwear & apparel,choking,3,ACT NOW
17-200,2017-08-03,Children's robes,Sleepwear & apparel,burn|flammable,3,ACT NOW
17-197,2017-08-02,Children's two-piece woven pajama sets,Sleepwear & apparel,burn|flammable,3,ACT NOW
17-192,2017-08-01,Children's magnetic building sets,Toys,choking|magnet,2,ACT NOW
17-191,2017-07-20,WinkelTM Colorburst activity toys,Toys,choking,3,ACT NOW
17-188,2017-07-13,Lamaze Munching Max chipmunk stuffed toys,Toys,laceration,3,ACT NOW
17-183,2017-06-29,Infant coveralls,Sleepwear & apparel,choking,3,ACT NOW
17-752,2017-06-28,Stockholm three-drawer TV chests,Nursery furniture & tip-over,entrapment|tipover,1,ACT NOW
17-182,2017-06-28,5-drawer chests,Nursery furniture & tip-over,entrapment|tipover,1,ACT NOW
17-178,2017-06-15,Luxe Satin children's robes,Sleepwear & apparel,burn|flammable,3,ACT NOW
17-173,2017-06-07,Foldaway expandable safety gates,"Gates, rails & childproofing",entrapment|strangulation,1,ACT NOW
17-171,2017-06-06,Eloise and Benton Bubble children's playwear,Sleepwear & apparel,choking,3,ACT NOW
17-169,2017-06-01,Children's robes,Sleepwear & apparel,burn|flammable,3,ACT NOW
17-164,2017-05-23,"Temani ivory wicker chair, settee and ottoman","Sleep — cribs, bassinets, loungers",lead,4,ACT SOON
17-166,2017-05-23,Easter and July 4th-themed Light-Up Spinner Toys,Toys,choking,3,ACT NOW
17-162,2017-05-23,Battery operated ride-on toys,Toys,crash|fall,3,ACT NOW
17-155,2017-05-17,Plush toys,Toys,choking,3,ACT NOW
17-149,2017-05-11,Nature's Truth Slow Release Iron Supplements,Feeding & high chairs,chemical,4,ACT SOON
17-146,2017-05-04,Combi Shuttle Travel System (stroller and car seat combos),Car seats & travel,fall,3,ACT NOW
17-142,2017-04-27,Poco child carriers,Strollers & carriers,fall,3,ACT NOW
17-138,2017-04-25,Infant Cozie booties,Sleepwear & apparel,choking,3,ACT NOW
17-133,2017-04-13,Water-absorbing Easter and Dino toys,Toys,,4,ACT SOON
17-738,2017-04-10,Bow Front chest of drawers,Nursery furniture & tip-over,entrapment|tipover,1,ACT NOW
17-737,2017-04-04,Lingerie chests,Nursery furniture & tip-over,entrapment|tipover,1,ACT NOW
17-125,2017-04-04,Children's zipper hooded sweatshirts and girls bomber jackets,Sleepwear & apparel,choking|laceration,3,ACT NOW
17-122,2017-03-30,Infant caps,Sleepwear & apparel,choking,3,ACT NOW
17-120,2017-03-29,Toy trolleys,Toys,,4,ACT SOON
17-734,2017-03-22,Children's waterproof bibs,Feeding & high chairs,suffocation,1,ACT NOW
17-110,2017-03-14,Children's robes and two-piece pajama sets,Sleepwear & apparel,burn|flammable,3,ACT NOW
17-106,2017-03-09,Girls' hooded sweatshirts,Sleepwear & apparel,entanglement|strangulation,1,ACT NOW
17-104,2017-03-02,Oball Rattles,Toys,choking,3,ACT NOW
17-100,2017-03-01,Metal Halide Lamps,Toys,fall|fire|laceration,3,ACT NOW
17-099,2017-02-28,Faux-Fur Hooded Bear Coats,Sleepwear & apparel,choking,3,ACT NOW
17-098,2017-02-28,Helix pool slides,Outdoor & play equipment,fall,3,ACT NOW
17-096,2017-02-23,Little TikesTM 2-in-1 Snug 'n Secure Pink toddler swings,"Walkers, swings & bouncers",fall,3,ACT NOW
17-093,2017-02-22,Little Live Pets Lil Frog and Lil Frog Lily Pad toys,Toys,,4,ACT SOON
17-090,2017-02-21,Piano benches sold with Yamaha grand piano,Jewelry & accessories,lead,3,ACT NOW
17-088,2017-02-16,Britax B-Agile and BOB Motion Strollers with Click & Go receivers,Strollers & carriers,fall,3,ACT NOW
17-085,2017-02-10,Metal top dining tables,Personal care & medicine,chemical|lead,3,ACT NOW
17-084,2017-02-09,Light-spinner toy wands,Toys,,4,ACT SOON
17-731,2017-01-31,5-drawer chests,Nursery furniture & tip-over,entrapment|tipover,1,ACT NOW
17-730,2017-01-31,Chest of drawers,Nursery furniture & tip-over,entrapment|tipover,1,ACT NOW
17-075,2017-01-31,Two Over Two 4-drawer dressers,Nursery furniture & tip-over,entrapment|tipover,1,ACT NOW
17-072,2017-01-24,Children's electric scooters,Helmets & wheeled toys,fall,3,ACT NOW
17-729,2017-01-17,Mobiles hanging cars,Sleepwear & apparel,choking|fall,3,ACT NOW
17-725,2017-01-11,Cynthia dressers,Nursery furniture & tip-over,entrapment|tipover,1,ACT NOW
17-723,2017-01-10,Kids toy shovels and garden tool sets,Toys,chemical|entanglement|lead,3,ACT NOW
17-063,2017-01-04,Infant hoodie sweatshirts,Sleepwear & apparel,choking,3,ACT NOW
17-062,2016-12-29,Children's scooter,Helmets & wheeled toys,fall,3,ACT NOW
17-060,2016-12-28,Children's knit denim jackets,Sleepwear & apparel,choking,3,ACT NOW
17-057,2016-12-20,Strollers,Strollers & carriers,fall|laceration,3,ACT NOW
17-720,2016-12-15,"""Christmas Wishes"" tins",Sleepwear & apparel,choking,3,ACT NOW
17-719,2016-12-13,Egg laying chicken toys,Toys,choking,3,ACT NOW
17-717,2016-12-01,Baby Bath Seats and Chairs,Bath & water safety,drowning|tipover,1,ACT NOW
17-033,2016-11-16,Children's shoes,Sleepwear & apparel,laceration,3,ACT NOW
17-705,2016-10-25,Car seat strap systems,Car seats & travel,choking,3,ACT NOW
17-020,2016-10-20,Halloween LED gel clings,Sleepwear & apparel,choking,3,ACT NOW
17-014,2016-10-13,Trek Baby carriers,Strollers & carriers,fall,3,ACT NOW
17-010,2016-10-12,Strollers,Strollers & carriers,fall,3,ACT NOW
17-007,2016-10-06,Infant bath tubs with fabric slings,Bath & water safety,drowning,1,ACT NOW
17-702,2016-10-03,Children's nightgowns,Sleepwear & apparel,burn|flammable,3,ACT NOW
17-701,2016-10-03,Bed canopies,Sleepwear & apparel,entanglement|strangulation,1,ACT NOW
16-268,2016-09-21,Buckle Onbu infant carriers,Car seats & travel,fall,3,ACT NOW
16-259,2016-09-08,Pacifier,Feeding & high chairs,choking,3,ACT NOW
16-770,2016-08-30,Egg-laying chicken toys,Toys,choking,3,ACT NOW
16-251,2016-08-25,Jewelry,Jewelry & accessories,chemical|lead,3,ACT NOW
16-249,2016-08-24,Stroller,Strollers & carriers,fall,3,ACT NOW
16-247,2016-08-23,"""Step-iT"" Activity Wristbands",Sleepwear & apparel,burn,3,ACT NOW
16-248,2016-08-23,Plastic toy building sets,Outdoor & play equipment,choking,3,ACT NOW
16-245,2016-08-17,Football helmets,Helmets & wheeled toys,,4,ACT SOON
16-767,2016-08-16,Four-drawer chests,Nursery furniture & tip-over,entrapment|tipover,1,ACT NOW
16-766,2016-08-04,Magnetic travel maps,Toys,magnet,2,ACT NOW
16-236,2016-08-02,Stainless Steel Straws,Feeding & high chairs,,4,ACT SOON
16-232,2016-07-27,Zolpidem Tartrate Sublingual tablets,Personal care & medicine,chemical,4,ACT SOON
16-761,2016-07-26,Children's nightgowns,Sleepwear & apparel,burn|flammable,3,ACT NOW
16-231,2016-07-21,Video baby monitor's batteries,Button cells & batteries,burn|overheat,3,ACT NOW
16-229,2016-07-21,Cannondale commuter bicycles,Helmets & wheeled toys,fall,3,ACT NOW
16-228,2016-07-19,Silver bracelets and charm necklaces,Jewelry & accessories,chemical|lead,3,ACT NOW
16-227,2016-07-19,Insulated water bottles,Feeding & high chairs,chemical|lead,3,ACT NOW
16-226,2016-07-14,Safety gates and safety gate extensions,"Gates, rails & childproofing",fall,3,ACT NOW
16-225,2016-07-14,"Liquid Plumr® Pro-Strength Foaming Clog Fighter®, Liquid Plumr® Industrial Strength Urgent Clear® and Liquid Plumr® Pro-Strength Urgent Clear® clog removers",Feeding & high chairs,burn|chemical,3,ACT NOW
16-222,2016-07-12,Marquesa dressers and nightstands,Nursery furniture & tip-over,entrapment|tipover,1,ACT NOW
16-219,2016-07-07,Swivel wheel jogging strollers,Strollers & carriers,crash|fall,3,ACT NOW
16-756,2016-07-06,Little Lotus baby swaddles and sleeping bags,"Sleep — cribs, bassinets, loungers",choking,3,ACT NOW
16-205,2016-06-29,Children's nightgowns,Sleepwear & apparel,burn|flammable,3,ACT NOW
16-204,2016-06-28,Children's and adult chests and dressers,Nursery furniture & tip-over,entrapment|tipover,1,ACT NOW
16-200,2016-06-21,Octo-rattles,Toys,choking,3,ACT NOW
16-194,2016-06-10,Sky Rover toys,Toys,burn|fire|overheat,3,ACT NOW
16-188,2016-06-09,Chairs and swings,"Walkers, swings & bouncers",lead,4,ACT SOON
16-751,2016-06-02,Children's bunk beds,Nursery furniture & tip-over,fall,3,ACT NOW
16-186,2016-06-02,Jewelry-making kit,Jewelry & accessories,chemical|lead,3,ACT NOW
16-179,2016-05-27,Tommee Tippee Sippee spill-proof cups,Feeding & high chairs,mold,4,ACT SOON
16-178,2016-05-26,Child backpack carriers,Strollers & carriers,fall,3,ACT NOW
16-172,2016-05-24,Metal Halide Lamps,Toys,burn|fall|laceration,3,ACT NOW
16-745,2016-05-20,Juvenile dressers,Nursery furniture & tip-over,entrapment|tipover,1,ACT NOW
16163,2016-05-18,phil&teds dash strollers,Strollers & carriers,,4,ACT SOON
16-162,2016-05-17,Infant bicycle helmets with magnetic no-pinch buckle chin straps,Toys,choking|magnet,2,ACT NOW
16-161,2016-05-12,Rattles,Toys,choking,3,ACT NOW
16-160,2016-05-12,Pacifier holders,Feeding & high chairs,choking,3,ACT NOW
16-157,2016-05-11,Baby carriers,Strollers & carriers,fall,3,ACT NOW
16-743,2016-05-10,Bedside Sleepers,"Sleep — cribs, bassinets, loungers",fall,3,ACT NOW
16-156,2016-05-05,LatchTM lightweight pacifiers and clips,Feeding & high chairs,choking,3,ACT NOW
16-147,2016-04-19,Wooden toy blocks and giraffes,Toys,choking,3,ACT NOW
16-145,2016-04-15,Moogy plush toys,Toys,choking,3,ACT NOW
16-143,2016-04-14,Cradle 'n Swings,"Sleep — cribs, bassinets, loungers",fall,3,ACT NOW
16-139,2016-04-07,Children's bat cape costumes,Sleepwear & apparel,strangulation,1,ACT NOW
16-137,2016-04-07,Plastic Trapeze rings,Jewelry & accessories,fall,3,ACT NOW
16-135,2016-04-05,Children's loungewear,Sleepwear & apparel,burn|flammable,3,ACT NOW
16-129,2016-03-31,Busy Loops table top toys,Toys,choking,3,ACT NOW
16-734,2016-03-31,Children's footed pajamas,Sleepwear & apparel,burn|flammable,3,ACT NOW
16-728,2016-02-18,Girls' Crewcuts puffer coats,Sleepwear & apparel,choking,3,ACT NOW
16-100,2016-02-11,High chairs,Feeding & high chairs,fall,3,ACT NOW
16-097,2016-02-09,Infant Elf Booties,Sleepwear & apparel,choking,3,ACT NOW
16-094,2016-02-04,Monkey Glockenspiel,Toys,lead,3,ACT NOW
16-095,2016-02-04,Wedgwood Peter Rabbit decorative baby rattles,Toys,choking,3,ACT NOW
16-092,2016-02-04,Toy trucks,Toys,burn|fire|overheat,3,ACT NOW
16-723,2016-01-21,Children's bikes,Helmets & wheeled toys,laceration,3,ACT NOW
16-080,2016-01-21,Britax B-Ready strollers,Strollers & carriers,choking,3,ACT NOW
16-081,2016-01-21,Britax B-Safe 35 and B-Safe 35 Elite infant car seats and travel systems,Car seats & travel,fall,3,ACT NOW
16-076,2016-01-19,Darth Vader and Disneyland 60th infant bodysuits,Sleepwear & apparel,choking,3,ACT NOW
16-075,2016-01-14,LATTJO Tongue drums and LATTJO Drumstick sets,Toys,choking,3,ACT NOW
16-720,2016-01-07,Children's Pajamas,Sleepwear & apparel,burn|flammable,3,ACT NOW
16-060,2015-12-17,Bean bag chairs,Nursery furniture & tip-over,choking|entrapment|suffocation,1,ACT NOW
16-059,2015-12-16,Skip Hop crib mobiles,"Sleep — cribs, bassinets, loungers",fall,3,ACT NOW
16-057,2015-12-10,Assured Burn Relief Gel,Toys,burn|chemical,3,ACT NOW
16-042,2015-11-24,Roman shades,Window coverings & cords,strangulation,1,ACT NOW
16-029,2015-11-10,Boys' Jackets,Sleepwear & apparel,entanglement|entrapment|strangulation,1,ACT NOW
16-028,2015-11-10,Bueno by Contigo Kids Straw Tumblers,Feeding & high chairs,choking,3,ACT NOW
16-705,2015-11-03,Window shades,Window coverings & cords,entanglement|strangulation,1,ACT NOW
16-024,2015-10-29,Girl's Hoodies,Sleepwear & apparel,entanglement|strangulation,1,ACT NOW
16-022,2015-10-28,Avengers and Darth Vader Themed Water Bottles,Feeding & high chairs,lead,3,ACT NOW
16-019,2015-10-28,Child bicycle trailers,Helmets & wheeled toys,crash,3,ACT NOW
16-018,2015-10-27,Peanuts Flying Ace Ride-On Toys,Toys,choking,3,ACT NOW
16-016,2015-10-22,Starbrights Dragon stuffed animals,Toys,choking,3,ACT NOW
16-014,2015-10-21,Adhesive removers,Feeding & high chairs,chemical|choking|labeling,3,ACT NOW
16-011,2015-10-20,Children's denim pants,Jewelry & accessories,choking,3,ACT NOW
16-006,2015-10-08,D&#233;cor Wood Highchair,Feeding & high chairs,fall,3,ACT NOW
16-701,2015-10-07,Youth Model Can-Am all-terrain vehicles,Helmets & wheeled toys,fire,3,ACT NOW
16-002,2015-10-01,DaVinci Cribs,"Sleep — cribs, bassinets, loungers",entrapment|fall|laceration,1,ACT NOW
15-255,2015-09-29,Pacifier clips,Feeding & high chairs,choking,3,ACT NOW
15-250,2015-09-24,Plastic Trapeze rings,Jewelry & accessories,fall,3,ACT NOW
15-246,2015-09-17,Mobiles,Toys,entanglement|strangulation,1,ACT NOW
15-241,2015-09-10,Sardines Fishing Game and Starfish Fishing Game,Toys,choking|magnet,2,ACT NOW
15-235,2015-09-08,VYSSA SPELEVINK crib mattresses,"Sleep — cribs, bassinets, loungers",fire,3,ACT NOW
15-233,2015-09-04,Croker Kids Ireland kids hoodie,Sleepwear & apparel,entanglement|strangulation,1,ACT NOW
15-232,2015-09-03,Prestone&#174; Windshield De-Icer and Prestone&#174; Ice & Frost Shield,Household chemicals,chemical,4,ACT SOON
15-230,2015-09-02,Tadpoles Baby and Kids Moses Basket and Stand,"Sleep — cribs, bassinets, loungers",fall,3,ACT NOW
15-229,2015-09-02,Pink Giraffe Animal Purse,Jewelry & accessories,lead,3,ACT NOW
15-219,2015-08-18,Bottles with cracked caps containing Temodar&#174; (Temozolomide) and Temozolomide (generic) capsules,Feeding & high chairs,chemical,4,ACT SOON
15-217,2015-08-18,PATRULL Nightlight,Nursery electricals & monitors,electrical,3,ACT NOW
15-212,2015-08-12,Girls Hoodie and Jacket,Sleepwear & apparel,entanglement|strangulation,1,ACT NOW
15-209,2015-08-06,Boys' varsity jackets,Sleepwear & apparel,choking,3,ACT NOW
15-208,2015-08-06,Precious Cargo infant one-piece garments,Sleepwear & apparel,choking,3,ACT NOW
15-745,2015-08-05,Gadget Pencil Cases,Toys,magnet,2,ACT NOW
15-207,2015-08-05,"MZB Children's ""Light Up"" Watches",Jewelry & accessories,burn,3,ACT NOW
15-206,2015-08-04,My Snuggly Ellie Activity Toys,Toys,choking,3,ACT NOW
15-203,2015-07-30,Foam crib mattresses,"Sleep — cribs, bassinets, loungers",fire|flammable,3,ACT NOW
15-198,2015-07-28,Children's Animal-themed Sweaters,Sleepwear & apparel,entanglement|strangulation,1,ACT NOW
15-196,2015-07-23,"UPPAbaby 2015 CRUZ , 2015 VISTA strollers and 2015 RumbleSeat",Strollers & carriers,choking,3,ACT NOW
15-185,2015-07-15,DaVinci Cribs,"Sleep — cribs, bassinets, loungers",entrapment|fall|laceration,1,ACT NOW
15-739,2015-07-01,Otteroo Inflatable Baby Floats,Outdoor & play equipment,drowning,1,ACT NOW
15-172,2015-06-25,Little Digger Toy,Toys,lead,3,ACT NOW
15-165,2015-06-16,Bud and Skipit Wheely Cute Pull Toys,Toys,choking,3,ACT NOW
15-162,2015-06-11,Multivitamin Women 50+ tablets,Personal care & medicine,chemical,4,ACT SOON
15-160,2015-06-09,Children's furniture,Nursery furniture & tip-over,entrapment|fall|suffocation|tipover,1,ACT NOW
15-734,2015-06-05,Dietary supplements,Personal care & medicine,chemical,4,ACT SOON
15-145,2015-05-21,Nest Booster Seat,Car seats & travel,fall,3,ACT NOW
15-133,2015-05-12,PATRULL KL&#196;MMA and PATRULL SMIDIG Safety Gates,"Gates, rails & childproofing",fall,3,ACT NOW
15-132,2015-05-12,Police Press and Go Toy Vehicles,Toys,choking,3,ACT NOW
15-731,2015-05-12,PowerReclineXRw,Nursery furniture & tip-over,fall|tipover,2,ACT NOW
15-131,2015-05-08,"Cribs, furniture and accessories with vintage grey paint finish","Sleep — cribs, bassinets, loungers",lead,4,ACT SOON
15-127,2015-05-01,SULTAN and VYSSA crib mattress,"Sleep — cribs, bassinets, loungers",entrapment,1,ACT NOW
15-126,2015-04-30,Kaleidoscope,Toys,choking|laceration,3,ACT NOW
15-122,2015-04-23,Children's Pajama Sets,Sleepwear & apparel,burn|flammable,3,ACT NOW
15-730,2015-04-22,Baby Coveralls,Sleepwear & apparel,choking,3,ACT NOW
15-113,2015-04-16,Sensory Grab Garb Blankets,Sleep — mattresses & bedding,laceration,3,ACT NOW
15-108,2015-04-08,Children's Pajamas,Sleepwear & apparel,burn|flammable,3,ACT NOW
15-725,2015-04-01,Trailz Strollers,Strollers & carriers,fall,3,ACT NOW
15-106,2015-03-31,Blinds To Go custom-made window shades,Window coverings & cords,strangulation,1,ACT NOW
15-724,2015-03-27,Children's Pajamas and Robes,Sleepwear & apparel,burn|flammable,3,ACT NOW
15-101,2015-03-19,Bernat Tizzy Yarn,Toys,entanglement,4,ACT SOON
15-723,2015-03-12,Fly Boy Airplane Rocker,"Walkers, swings & bouncers",choking,3,ACT NOW
15-097,2015-03-12,Youth Loungewear Pants,Sleepwear & apparel,burn|flammable,3,ACT NOW
15-096,2015-03-11,Children's zipper hooded sweatshirts,Sleepwear & apparel,choking,3,ACT NOW
15-093,2015-03-10,Children's Pajamas,Sleepwear & apparel,burn|flammable,3,ACT NOW
15-089,2015-03-04,Children's Pajamas,Sleepwear & apparel,burn|flammable,3,ACT NOW
15-088,2015-03-03,2-in-1 Bassinet to Cradle,"Sleep — cribs, bassinets, loungers",entrapment|fall|suffocation,1,ACT NOW
15-720,2015-02-18,Hula Girl Cocktail Shaker and Glass Set,Sleepwear & apparel,laceration,3,ACT NOW
15-076,2015-02-10,2014 Marin MBX 50 and Tiny Trail Bicycles,Helmets & wheeled toys,crash,3,ACT NOW
15-075,2015-02-05,Mima Moon 3-in-1 High Chairs,Feeding & high chairs,fall,3,ACT NOW
15-074,2015-02-05,Airplane and butterfly push toys,Toys,choking,3,ACT NOW
15-072,2015-02-04,Children's pajamas and robes,Sleepwear & apparel,burn|flammable,3,ACT NOW
15-069,2015-02-04,Tough Treadz Auto Carrier,Toys,laceration,3,ACT NOW
15-068,2015-02-03,The PouchPop&#153; Topper,Sleepwear & apparel,choking,3,ACT NOW
15-063,2015-01-22,Ameristep Hyde Cliff Hanger and Sky Walker Tree Stands,"Walkers, swings & bouncers",fall,3,ACT NOW
15-059,2015-01-13,VYSSA crib mattress,"Sleep — cribs, bassinets, loungers",entrapment,1,ACT NOW
15-057,2015-01-08,Children's Pajama Sets,Sleepwear & apparel,burn|flammable,3,ACT NOW
15-714,2014-12-22,Kids GAA Fleece Panel Hoodie,Sleepwear & apparel,entanglement|strangulation,1,ACT NOW
15-053,2014-12-19,Bean Bag Chairs,Nursery furniture & tip-over,choking|entrapment|suffocation,1,ACT NOW
15-052,2014-12-19,Kid's Hoodies,Sleepwear & apparel,entanglement|strangulation,1,ACT NOW
15-051,2014-12-18,Pink Pony Hoodies,Sleepwear & apparel,entanglement|strangulation,1,ACT NOW
15-049,2014-12-18,Animated toy,Toys,burn,3,ACT NOW
15-048,2014-12-17,Gift Gallery Moody Face Stress Balls,Toys,choking,3,ACT NOW
15-043,2014-12-09,Dream On Me Play Yards,"Sleep — cribs, bassinets, loungers",fall|strangulation,1,ACT NOW
15-035,2014-11-20,Leatherman&#174; Leap&#153; multi-tool,Outdoor & play equipment,laceration,3,ACT NOW
15-032,2014-11-20,"Aspen, Breeze, Capri, Cirrus, Glider, Kite, LiteRider, Sierra, Solara, Sterling and TravelMate Model Strollers and Travel Systems",Car seats & travel,laceration,3,ACT NOW
15-034,2014-11-19,Hoppe's Semi-Auto Gun Bore Cleaner,Household chemicals,,4,ACT SOON
15-021,2014-11-10,"""Hello Kitty&#174; Birthday Lollipop"" Whistles",,choking,3,ACT NOW
15-007,2014-10-15,Just Like Home Toy Toaster Sets,Toys,choking,3,ACT NOW
15-002,2014-10-02,Koala children's sandals with butterfly wings,Toys,choking,3,ACT NOW
14-287,2014-09-30,Boy's Zipper Hooded Hoodie,Sleepwear & apparel,entanglement|strangulation,1,ACT NOW
14-286,2014-09-30,Boys Zipper Hooded Sweatshirts,Sleepwear & apparel,entanglement|strangulation,1,ACT NOW
14-284,2014-09-30,Children's soft-soled shoes,Sleepwear & apparel,choking,3,ACT NOW
14-281,2014-09-25,Bad Boy Buggies Off-Road Vehicles,,crash,3,ACT NOW
14-276,2014-09-16,GUNGGUNG child's swing,"Walkers, swings & bouncers",fall,3,ACT NOW
14-272,2014-09-10,Boy's hooded jacket with a waist drawstring,Sleepwear & apparel,entanglement|strangulation,1,ACT NOW
14-269,2014-09-04,"""Carta"" and ""Cotton"" Children's Shoes",Sleepwear & apparel,laceration,3,ACT NOW
14-268,2014-09-04,Children's sunglasses,Jewelry & accessories,lead,3,ACT NOW
14-265,2014-09-02,Tray Vous&#153; snack and activity trays with connectors,Strollers & carriers,strangulation,1,ACT NOW
14-747,2014-08-27,Hooded swimwear jackets,Sleepwear & apparel,entanglement|strangulation,1,ACT NOW
14-261,2014-08-22,Bean bag chairs,Nursery furniture & tip-over,choking|entrapment|suffocation,1,ACT NOW
14-258,2014-08-19,Franklin & Ben Mason 4-in-1 Convertible Cribs,"Sleep — cribs, bassinets, loungers",entrapment|fall,1,ACT NOW
14-257,2014-08-19,Brita hard-sided water filter bottle for kids,Feeding & high chairs,laceration,3,ACT NOW
14-742,2014-08-07,Fisherman's and Open Stitch Children's Sweaters,Sleepwear & apparel,,4,ACT SOON
14-245,2014-07-31,Avigo 20 Inch Turn N' Burn Youth Bicycles,Toys,burn|fall,3,ACT NOW
14-239,2014-07-24,Tommee Tippee&#174; Monitor with Movement Sensor Pad,Nursery electricals & monitors,entanglement|strangulation,1,ACT NOW
14-237,2014-07-23,Dream On Me Dinah High Chairs,Feeding & high chairs,entrapment|fall|strangulation,1,ACT NOW
14-236,2014-07-22,Sparrow Cribs,"Sleep — cribs, bassinets, loungers",entrapment,1,ACT NOW
14-229,2014-07-14,Panadol Advance&#174; 100 count caplets,Feeding & high chairs,chemical,4,ACT SOON
14-735,2014-06-04,Lea Covington and Hannah Collection Bunk Beds,Nursery furniture & tip-over,entrapment,1,ACT NOW
14-198,2014-06-04,phil&teds Travel System 26 infant car seat adaptors for strollers,Car seats & travel,fall,3,ACT NOW
14-193,2014-05-28,Baby food processor,Feeding & high chairs,fall,3,ACT NOW
14-192,2014-05-27,Children's Pajamas,Sleepwear & apparel,burn|flammable,3,ACT NOW
14-189,2014-05-22,Lakeshore Bristle Builders&#174; for Toddlers,Outdoor & play equipment,choking,3,ACT NOW
14--181,2014-05-15,Felt Easter Baskets,,choking,3,ACT NOW
14-180,2014-05-15,Girls' Leggings,Sleepwear & apparel,choking,3,ACT NOW
14-170,2014-05-08,Aman Trunk,,lead,4,ACT SOON
14-734,2014-05-07,Magnetic Color Sorting Board,Toys,choking|lead|magnet,2,ACT NOW
14-732,2014-05-01,Baby Coveralls,Sleepwear & apparel,choking,3,ACT NOW
14-167,2014-05-01,Boys' Ripzone Hooligan Hooded Jackets,Sleepwear & apparel,entanglement|strangulation,1,ACT NOW
14-163,2014-04-29,FXR Factory Racing Children's jackets and hoodies,Sleepwear & apparel,entanglement|strangulation,1,ACT NOW
14-161,2014-04-29,Children's wall-mounted lamps,,entanglement|strangulation,1,ACT NOW
14-157,2014-04-24,Girls' Sugarfly Peacoats with a waist drawstring,Sleepwear & apparel,entanglement|strangulation,1,ACT NOW
14-156,2014-04-23,Rechargeable batteries used in Summer Infant video monitors,Button cells & batteries,burn|overheat,3,ACT NOW
14-146,2014-04-10,Children's Two Piece Pajama Sets,Sleepwear & apparel,burn|flammable,3,ACT NOW
14-728,2014-04-09,Boys' pajamas,Sleepwear & apparel,burn|flammable,3,ACT NOW
14-140,2014-03-25,My Sweet Love / My Sweet Baby Cuddle Care Baby Doll,Toys,burn|overheat,3,ACT NOW
14-137,2014-03-20,Children's bed canopies,,entanglement|strangulation,1,ACT NOW
14-136,2014-03-20,Wooden flipping acrobat toys,Toys,lead,3,ACT NOW
14-135,2014-03-19,Three styles of Plush Grumpy Cat stuffed animal toys.,Toys,choking,3,ACT NOW
14-132,2014-03-19,Vera Bradley Bear Ring Rattles and Bunny Stuffed Toys,Toys,choking,3,ACT NOW
14-722,2014-03-13,Dining tables,,lead,4,ACT SOON
14-718,2014-02-27,Dalton Ottomans with Storage Compartments,"Sleep — cribs, bassinets, loungers",entrapment|suffocation,1,ACT NOW
14-117,2014-02-26,Cork Stacker block sets,Toys,choking,3,ACT NOW
14-111,2014-02-20,Coleman&#174; Runestone Style Children's Shoes,Sleepwear & apparel,laceration,3,ACT NOW
14-110,2014-02-20,U.S. Polo Assn. girl's jackets,Sleepwear & apparel,entanglement|strangulation,1,ACT NOW
14-109,2014-02-20,Go Gaga Squeeze & Teethe Coco the Monkey,Toys,choking,3,ACT NOW
14-102,2014-02-06,BebeLove&#153; Baby Walkers,"Walkers, swings & bouncers",entrapment,1,ACT NOW
14-100,2014-02-04,Lion Force Boys' Puffer Coats,Sleepwear & apparel,entanglement|strangulation,1,ACT NOW
14-101,2014-02-04,Girls' hooded jackets,Sleepwear & apparel,entanglement|strangulation,1,ACT NOW
14-098,2014-01-30,"B-Agile, B-Agile Double and BOB Motion strollers",Strollers & carriers,laceration,3,ACT NOW
14-097,2014-01-30,"Fred & Friends Chill Baby Artiste, Volume and Panic pacifiers",Feeding & high chairs,choking,3,ACT NOW
14-084,2014-01-22,Playtex pacifier holder clips,Feeding & high chairs,choking,3,ACT NOW
14-083,2014-01-22,Baby rattles,Toys,choking,3,ACT NOW
14-709,2014-01-15,Tottenham Hotspur Infant Home Kits,Sleepwear & apparel,choking|laceration,3,ACT NOW
14-072,2013-12-30,Zoom Car Seat Adapter,Car seats & travel,fall,3,ACT NOW
14-705,2013-12-23,Oodle Swings,"Walkers, swings & bouncers",,4,ACT SOON
14-070,2013-12-19,Children's spoon and fork sets,Feeding & high chairs,choking,3,ACT NOW
14-069,2013-12-19,Playtex Hip Hammock infant carriers,"Sleep — cribs, bassinets, loungers",fall,3,ACT NOW
14-067,2013-12-19,Browning Youth Buckmark Junior Hoodie Sweatshirts,Sleepwear & apparel,entanglement|strangulation,1,ACT NOW
14-050,2013-12-16,Yoki Girl's Faux Leather Jacket,Sleepwear & apparel,entanglement|strangulation,1,ACT NOW
14-056,2013-12-12,Water-absorbing polymer toys,Toys,,4,ACT SOON
14-052,2013-12-11,Children's wall-mounted lamps,"Sleep — cribs, bassinets, loungers",entanglement|strangulation,1,ACT NOW
14-051,2013-12-11,IQ Girls' Hooded Pink Leopard Jackets,Sleepwear & apparel,entanglement|strangulation,1,ACT NOW
14-049,2013-12-11,Tornado brand home playground tube slides with port holes,Outdoor & play equipment,laceration,3,ACT NOW
14-043,2013-12-05,Girls BCG Hooded Windsuits,Sleepwear & apparel,entanglement|strangulation,1,ACT NOW
14-040,2013-12-04,Girl's long sleeve hooded jacket and pant sets,Sleepwear & apparel,entanglement|strangulation,1,ACT NOW
14-039,2013-12-04,Manhattan Toy&#174; Quixel&#153; baby rattles,Toys,choking,3,ACT NOW
14-031,2013-11-26,"Girl's ""Susan"" Sandals",Sleepwear & apparel,choking,3,ACT NOW
14-032,2013-11-26,Little Willy's Hooded Sweatshirts,Sleepwear & apparel,entanglement|strangulation,1,ACT NOW
14-033,2013-11-26,Tailwind bicycle racks for trailercycles,Helmets & wheeled toys,fall,3,ACT NOW
14-028,2013-11-21,Angelcare Movement and Sound Baby Monitors,Nursery electricals & monitors,entanglement|strangulation,1,ACT NOW
14-026,2013-11-21,Boy's Loungewear Pants,Sleepwear & apparel,burn|flammable,3,ACT NOW
14-020,2013-11-13,Step2&#174; Whisper Ride Touring Wagon&#153;,Toys,fall,3,ACT NOW
14-019,2013-11-13,Lullaby Cradle Glider,"Sleep — cribs, bassinets, loungers",fall,3,ACT NOW
14-018,2013-11-12,Children's nightgowns,Sleepwear & apparel,burn|flammable,3,ACT NOW
14-017,2013-11-12,L.L. Bean girl's pajama sets,Sleepwear & apparel,burn|flammable,3,ACT NOW
14-016,2013-11-12,Riley Duo Bunk Beds,Nursery furniture & tip-over,entrapment|suffocation,1,ACT NOW
14-015,2013-11-07,Boy's hooded jackets,Sleepwear & apparel,entanglement|strangulation,1,ACT NOW
14-007,2013-10-29,BreathableSack wearable blanket for infants,Sleep — mattresses & bedding,choking,3,ACT NOW
14-006,2013-10-29,Circo-brand Chloe and Conner Sitting Stools,,fall,3,ACT NOW
14-003,2013-10-23,Building Toy Playsets,Outdoor & play equipment,choking,3,ACT NOW
14-002,2013-10-22,Trail Crest boys and girls hooded sweatshirts and jackets,Sleepwear & apparel,entanglement|strangulation,1,ACT NOW
13-292,2013-09-27,Journey Girl Travel Trunk,Toys,laceration,3,ACT NOW
13-751,2013-09-19,"Iron Sleigh, Petal and Picket bed-frames",Sleepwear & apparel,entrapment,1,ACT NOW
13-286,2013-09-17,Children's one-piece footed pajamas,Sleepwear & apparel,burn|flammable,3,ACT NOW
13-284,2013-09-11,"Children's books titled ""Count my Kisses, 1, 2, 3"" and ""Red, Green, Blue, I Love You""",Toys,choking|laceration,3,ACT NOW
13-279,2013-09-10,Water-absorbing polymer balls,Toys,,4,ACT SOON
13-278,2013-09-10,Water-absorbing polymer beads,Toys,,4,ACT SOON
13-274,2013-08-29,Sulley character stuffed animal,Toys,choking,3,ACT NOW
13-272,2013-08-28,Car Seat Adaptor for Strollers,Car seats & travel,fall,3,ACT NOW
13-271,2013-08-21,HALO&#174; SleepSack&#174; Wearable Blankets with Pink Satin Flowers,Sleep — mattresses & bedding,choking,3,ACT NOW
13-270,2013-08-20,Children's Pajamas and Nightgowns,Sleepwear & apparel,burn|flammable,3,ACT NOW
13-268,2013-08-20,Children's two-piece loungewear sets,Sleepwear & apparel,burn|flammable,3,ACT NOW
13-749,2013-08-15,Boys' and girls' sandals,Sleepwear & apparel,fall,3,ACT NOW
13-262,2013-08-08,Holgate Toys Recalls Playmat Sets Due to Choking Hazard; Sold Exclusively at Wegmans Food Stores,Toys,choking,3,ACT NOW
13-259,2013-08-06,Light-up toy frogs and ducks,Toys,choking,3,ACT NOW
13-258,2013-08-06,Sleepharmony Metal Youth Beds in pink,Sleepwear & apparel,lead,4,ACT SOON
13-254,2013-07-31,Water-Absorbing Polymer Balls,Toys,,4,ACT SOON
13-255,2013-07-31,Leisure Ways&#174; Brands Kids Outdoor Furniture,Nursery furniture & tip-over,lead,4,ACT SOON
13-246,2013-07-23,Autumn Run Girls Gemma II Boots,Sleepwear & apparel,laceration,3,ACT NOW
13-245,2013-07-23,Rockland Furniture round cribs,"Sleep — cribs, bassinets, loungers",entrapment|fall|strangulation|suffocation,1,ACT NOW
13-244,2013-07-23,Baby Einstein Musical Motion Activity Jumpers,"Walkers, swings & bouncers",,4,ACT SOON
13-242,2013-07-18,Infants' First Impressions Varsity Jackets,Sleepwear & apparel,choking,3,ACT NOW
13-240,2013-07-17,Thermobaby Aquababy Bath Ring Seats,Bath & water safety,drowning|tipover,1,ACT NOW
13-237,2013-07-17,Boy's long sleeve hooded jackets,Sleepwear & apparel,entanglement|strangulation,1,ACT NOW
13-234,2013-07-03,Remote-controlled 3 channel helicopters,Toys,burn|fire|overheat,3,ACT NOW
13-229,2013-06-27,"""Buff Baby"" baby rattles",Toys,choking,3,ACT NOW
13-221,2013-06-19,Jeep Liberty Strollers,Strollers & carriers,,4,ACT SOON
13-218,2013-06-18,Idea Baby Bath Seats,Bath & water safety,drowning|tipover,1,ACT NOW
13-219,2013-06-18,Idea Baby Bath Seats,Bath & water safety,drowning|tipover,1,ACT NOW
13-215,2013-06-13,"""Joanna"" Girl's Sandal",Sleepwear & apparel,choking,3,ACT NOW
13-736,2013-06-07,"High-Powered Magnets distributed with Adobe ConnectTM ""Effective Collaboration is Magnetic"" Promotional Materials Package",Toys,magnet,2,ACT NOW
13-212,2013-06-06,Target-Mins&#153; Iron Supplement Bottles,Feeding & high chairs,chemical,4,ACT SOON
13-206,2013-05-30,"Dan-Dee ""Chicken Dance"" Tap Dance Easter Chicks",Jewelry & accessories,,4,ACT SOON
13-204,2013-05-29,Sweet Lambie Crib Bumper,"Sleep — cribs, bassinets, loungers",entanglement,4,ACT SOON
13-202,2013-05-29,Children's two-piece pajama sets,Sleepwear & apparel,burn|flammable,3,ACT NOW
13-201,2013-05-29,Children's Water Bottles,Feeding & high chairs,choking,3,ACT NOW
13-200,2013-05-28,GNU Snowboard Bindings,Jewelry & accessories,fall,3,ACT NOW
13-195,2013-05-21,"Lea Panel, Loft and Bunk Beds",Nursery furniture & tip-over,fall,3,ACT NOW
13-194,2013-05-16,Anywhere Lounger Bean Bag Chairs,"Sleep — cribs, bassinets, loungers",strangulation|suffocation,1,ACT NOW
13-192,2013-05-16,Deezo boys and girls zip-up hoodies,Sleepwear & apparel,entanglement|strangulation,1,ACT NOW
13-180,2013-04-25,Dollies,Toys,choking,3,ACT NOW
13-177,2013-04-24,Girl's Three-Piece Clothing Sets,Sleepwear & apparel,entanglement|strangulation,1,ACT NOW
13-176,2013-04-24,Gingham Bunny forks and spoons for babies,Feeding & high chairs,choking,3,ACT NOW
13-172,2013-04-18,Mini Boden Chunky Cord Dungarees,Sleepwear & apparel,choking,3,ACT NOW
13-173,2013-04-18,Infant Froggy Socks,Sleepwear & apparel,choking,3,ACT NOW
13-170,2013-04-17,2012 Huffy&#174; 20-Inch Slider Tricycle,Toys,crash|fall,3,ACT NOW
13-169,2013-04-16,Children's Wooden Puzzles,Toys,choking,3,ACT NOW
13-732,2013-04-15,Buckyballs high-powered magnet sets,Toys,magnet,2,ACT NOW
13-731,2013-04-15,Buckyballs high-powered magnet sets,Toys,magnet,2,ACT NOW
13-168,2013-04-12,Buckyballs and Buckycubes high-powered magnet sets,Toys,magnet,2,ACT NOW
13-167,2013-04-11,One-piece footed infant clothing with a zipper,Sleepwear & apparel,choking,3,ACT NOW
13-166,2013-04-10,"""Aubree's"" and ""Hearts"" baby socks",Sleepwear & apparel,choking,3,ACT NOW
13-162,2013-04-03,Urban Shredder Ride-On Toys,Toys,fall,3,ACT NOW
13-157,2013-03-27,Bell Full Throttle Bike Helmets,Toys,fall,3,ACT NOW
13-156,2013-03-27,Cherry model strollers,Strollers & carriers,entrapment|strangulation,1,ACT NOW
13-155,2013-03-27,Baby high chairs,Feeding & high chairs,entrapment|strangulation,1,ACT NOW
13-153,2013-03-27,Bugaboo Cameleon3 Strollers,Strollers & carriers,fall,3,ACT NOW
13-151,2013-03-26,PT Domusindo Perdana drop-side cribs,"Sleep — cribs, bassinets, loungers",entrapment|fall|strangulation|suffocation,1,ACT NOW
13-150,2013-03-26,Basic Beat BB201 standard egg shaker,Toys,choking,3,ACT NOW
13-141,2013-03-13,Cha Cha and Cha Cha 2 girls' boots,Sleepwear & apparel,entanglement|fall,3,ACT NOW
13-140,2013-03-13,Children's Pajamas,Sleepwear & apparel,burn|flammable,3,ACT NOW
13-139,2013-03-13,Imaginarium Activity Walkers,"Walkers, swings & bouncers",choking,3,ACT NOW
13-134,2013-03-06,Santa Cruz Jr. Youth Snorkeling Masks,,laceration,3,ACT NOW
13-133,2013-03-06,Martinique LX Jr. Youth Snorkeling Mask Sets,,laceration,3,ACT NOW
13-125,2013-02-26,Motor Scooters with Hello Kitty graphics,Toys,fall,3,ACT NOW
13-120,2013-02-12,Beamerzzz&#153; Stuffed Animals with LED Flashlight,Toys,laceration,3,ACT NOW
13-118,2013-02-06,EVO strollers,Strollers & carriers,entrapment|strangulation,1,ACT NOW
13-115,2013-02-06,4moms&#174; breeze&#153; Cotton Jersey Playard Sheets,"Sleep — cribs, bassinets, loungers",entrapment|suffocation,1,ACT NOW
13-114,2013-01-31,Triaminic&#174; Syrups and Theraflu Warming Relief&#174; Syrups,Personal care & medicine,chemical,4,ACT SOON
13-110,2013-01-31,MegaFood One Daily Supplement Bottles,Feeding & high chairs,chemical,4,ACT SOON
13-113,2013-01-31,Bunk Beds,Nursery furniture & tip-over,entrapment|suffocation,1,ACT NOW
13-111,2013-01-31,Nanospheres Magnetic Desk Toys,Toys,magnet,2,ACT NOW
13-112,2013-01-30,Magnet Balls&#174; Manipulative Magnet Sets,Toys,magnet,2,ACT NOW
13-106,2013-01-29,Million Dollar Baby Dressers,Toys,entrapment|tipover,1,ACT NOW
13-105,2013-01-29,Natart Chelsea Dressers,Nursery furniture & tip-over,entrapment|tipover,1,ACT NOW
13-095,2013-01-14,Girls Circo Fleece Blanket Sleepers,"Sleep — cribs, bassinets, loungers",burn|flammable,3,ACT NOW
13-093,2013-01-14,Children's two-piece pajama sets,Sleepwear & apparel,burn|flammable,3,ACT NOW
13-092,2013-01-14,Bugaboo Cameleon and Bugaboo Donkey Model Strollers,Strollers & carriers,choking|fall,3,ACT NOW
13-087,2013-01-07,Newborn Rock 'n Play Sleeper&#153;,"Sleep — cribs, bassinets, loungers",mold,4,ACT SOON
13-083,2012-12-26,"Nap Nanny&#174; Generations One and Two, and the Chill&#153; model infant recliners",Toys,,4,ACT SOON
13-084,2012-12-26,Falls Creek Kids infant and toddler denim jeans,Sleepwear & apparel,choking|fall,3,ACT NOW
13-079,2012-12-19,Sassy&#174;- branded Hug N' Tug Puppy and Monkey and Carter's&#174;-branded Hug N' Tug Monkey Toys,Toys,choking,3,ACT NOW
13-071,2012-12-16,"Water Balz, Growing Skulls, H2O Orbs ""Despicable Me"" and Fabulous Flowers toys",Toys,,4,ACT SOON
13-065,2012-12-11,Baby Jogger City Versa&#153; strollers,Strollers & carriers,fall,3,ACT NOW
13-062,2012-12-09,High-Powered Magnet desk toy,Toys,magnet,2,ACT NOW
13-061,2012-12-05,Dream On Me Bath Seats,Bath & water safety,drowning|tipover,1,ACT NOW
13-060,2012-12-05,Dream On Me Bed Rails,"Gates, rails & childproofing",entrapment|strangulation|suffocation,1,ACT NOW
13-052,2012-11-27,Liquid Motion waterslides,Outdoor & play equipment,,4,ACT SOON
13-051,2012-11-27,Trampolines,Outdoor & play equipment,laceration,3,ACT NOW
13-049,2012-11-26,Children's Riding Toy,Toys,fall,3,ACT NOW
13-707,2012-11-20,Standard cordlock top-down/bottom-up Duette and Applause honeycomb shades; standard cordlock top-down/bottom-up Hunter Douglas pleated shades; Hunter Douglas Brilliance Privacy View pleated shades and standard cordlock Duette and Applause Duolite shade,Window coverings & cords,entanglement|strangulation,1,ACT NOW
13-046,2012-11-20,Foam Pumpkin Turkey Craft Kit,Toys,magnet,2,ACT NOW
13-045,2012-11-19,Girl's Pajamas,Sleepwear & apparel,burn|flammable,3,ACT NOW
13-044,2012-11-19,Children's Pajamas,Sleepwear & apparel,burn|flammable,3,ACT NOW
13-043,2012-11-15,PeaPod and PeaPod Plus Travel Beds,Outdoor & play equipment,entrapment|suffocation,1,ACT NOW
13-032,2012-11-07,Graco&#174;-branded Avalon Glider Rockers with Ottoman and Complete Nursery Solution (CNS) Box 2 / Katelyn Nursery Solution Glider Rockers,"Sleep — cribs, bassinets, loungers",fall,3,ACT NOW
13-023,2012-10-30,Double Dazzler Light Show,Toys,burn|overheat,3,ACT NOW
13-012,2012-10-22,"ValcoBaby ""Joey"" booster toddler seats for strollers",Car seats & travel,fall,3,ACT NOW
13-017,2012-10-22,Eddie Bauer Rocking Wood Bassinets,"Sleep — cribs, bassinets, loungers",suffocation,1,ACT NOW
13-014,2012-10-17,Happy Swing II infant swings,"Walkers, swings & bouncers",entrapment|strangulation,1,ACT NOW
13-013,2012-10-17,Bistro high chairs,Feeding & high chairs,entrapment|strangulation,1,ACT NOW
13-010,2012-10-17,Children's upholstered toddler chairs,,choking|laceration,3,ACT NOW
13-008,2012-10-15,Fleece Hoodie and T-Shirt Sets,Sleepwear & apparel,lead,4,ACT SOON
13-006,2012-10-08,Graco Classic Wood Highchairs,Feeding & high chairs,fall,3,ACT NOW
13-004,2012-10-03,Pink Angel Embroidered Girls' Denim Shorts,,choking,3,ACT NOW
12-751,2012-09-26,Cyclone Swing Seats,"Walkers, swings & bouncers",fall,3,ACT NOW
12-285,2012-09-26,Captain Cutlass Toy Pirate Pistols,Toys,lead,3,ACT NOW
12279,2012-09-17,Children's Water Bottle,Feeding & high chairs,choking,3,ACT NOW
12-747,2012-09-11,Range Rider Ride-On Toy Cars,Toys,burn|fire|overheat,3,ACT NOW
12-273,2012-09-05,nan,Window coverings & cords,,4,ACT SOON
12-262,2012-08-29,Mother's Touch/Deluxe Baby Bathers,Bath & water safety,fall,3,ACT NOW
12-254,2012-08-22,CareBears&#153; Pacifiers,Feeding & high chairs,choking,3,ACT NOW
12252,2012-08-20,Scooter,Helmets & wheeled toys,laceration,3,ACT NOW
12-250,2012-08-15,Crib Fringe,"Sleep — cribs, bassinets, loungers",strangulation,1,ACT NOW
12-247,2012-08-14,Bumbo Baby Seats,,fall,3,ACT NOW
12-242,2012-08-06,Children's Pajamas,Sleepwear & apparel,burn|flammable,3,ACT NOW
12-239,2012-07-31,Midwest Folding Products Stage and Riser Caddies,"Gates, rails & childproofing",fall,3,ACT NOW
12237,2012-07-30,Kenta and Kenta Plus child carriers,Strollers & carriers,fall,3,ACT NOW
12-238,2012-07-30,Green Toys&#153; Mini Vehicles,Toys,choking,3,ACT NOW
12-233,2012-07-23,Contours Options LT Tandem Strollers,Strollers & carriers,choking|fall,3,ACT NOW
12-232,2012-07-23,Peg Perego Strollers,Strollers & carriers,entrapment|strangulation,1,ACT NOW
12-229,2012-07-18,Folding Beach Chairs,,laceration,3,ACT NOW
12226,2012-07-17,Alex &#174; Model 786X Little Jumpers Trampoline,"Walkers, swings & bouncers",fall,3,ACT NOW
12223,2012-07-11,Old Navy Toddler Girl Aqua Socks,Sleepwear & apparel,fall,3,ACT NOW
12-221,2012-07-11,Chicco Polly High Chair,Feeding & high chairs,fall|laceration,3,ACT NOW
12215,2012-07-02,Discovery Kids&#153; Animated Marine and Safari Lamps,Sleepwear & apparel,burn|fire,3,ACT NOW
12204,2012-06-27,Children's pajamas,Sleepwear & apparel,burn|flammable,3,ACT NOW
12-205,2012-06-27,"Gabiano Collection Boys and Girls Pajamas, Sets and Gowns",Sleepwear & apparel,burn|flammable,3,ACT NOW
12-206,2012-06-27,Boys and Girls Pull-On Lounge Pants and Girls Boxers,Sleepwear & apparel,burn|flammable,3,ACT NOW
08-379,2012-06-25,nan,Sleepwear & apparel,,4,ACT SOON
12-738,2012-06-20,Recliner Chair,,lead,4,ACT SOON
08-312,2012-06-18,nan,"Sleep — cribs, bassinets, loungers",,4,ACT SOON
07-520,2012-06-15,nan,Feeding & high chairs,,4,ACT SOON
07-285,2012-06-14,nan,Feeding & high chairs,,4,ACT SOON
12-196,2012-06-13,Contours Options three- and four-wheeled strollers,Strollers & carriers,laceration,3,ACT NOW
05-076,2012-06-07,nan,Toys,,4,ACT SOON
12192,2012-06-04,Convertible high chairs,Feeding & high chairs,fall,3,ACT NOW
96-047,2012-05-31,"Squeak Pickle toys, Squeak Kangaroo, and baby kangaroo toys",Toys,choking,3,ACT NOW
12188,2012-05-29,Imaginarium 5-Sided Activity Center,"Walkers, swings & bouncers",choking,3,ACT NOW
12-180,2012-05-16,Toilet and Cabinet Locks,Nursery furniture & tip-over,drowning,1,ACT NOW
12-181,2012-05-16,First Fitness&#174; Trampolines with Handlebars,Outdoor & play equipment,fall|laceration,3,ACT NOW
12-179,2012-05-15,Tots in Mind play yard tents,"Sleep — cribs, bassinets, loungers",entrapment|strangulation,1,ACT NOW
12-178,2012-05-14,SX and QH Boys' Zip-front Hooded Jackets,Sleepwear & apparel,entanglement|strangulation,1,ACT NOW
12176,2012-05-09,Class Club Children's Letterman Jackets,Sleepwear & apparel,choking,3,ACT NOW
12-174,2012-05-09,nan,Outdoor & play equipment,,4,ACT SOON
12-172,2012-05-08,Sportspower BouncePro 14' Trampolines,Outdoor & play equipment,fall,3,ACT NOW
12-173,2012-05-08,Kolcraft Tender Vibes & Light Vibes bassinets,"Sleep — cribs, bassinets, loungers",fall,3,ACT NOW
12170,2012-05-07,M.M.M. Boys' Jogging Suits,Sleepwear & apparel,entanglement|strangulation,1,ACT NOW
12169,2012-05-07,O'Neill Pluto hooded flannel shirts,Sleepwear & apparel,entanglement|strangulation,1,ACT NOW
12167,2012-05-07,Girls' Winter Jackets with drawstrings,Sleepwear & apparel,entanglement|strangulation,1,ACT NOW
12168,2012-05-07,"""YMI"" girls' hooded sweatshirts with drawstrings",Sleepwear & apparel,entanglement|strangulation,1,ACT NOW
12166,2012-05-07,"""Goddess"" Hooded Sweatshirts with drawstrings",Sleepwear & apparel,entanglement|strangulation,1,ACT NOW
12162,2012-04-25,Target Home Bunny Sippy Cup,Feeding & high chairs,,4,ACT SOON
12-161,2012-04-25,Whoozit&#174; Starry Time Rattle,Toys,choking,3,ACT NOW
12160,2012-04-23,PUMA USA V-Konstruct Training Jacket with Pockets,Sleepwear & apparel,entanglement|strangulation,1,ACT NOW
12-157,2012-04-23,"""Me Jane"" and ""B-Hip Kids by Me Jane"" girls' jackets with faux fur trim",Sleepwear & apparel,entanglement|strangulation,1,ACT NOW
12-148,2012-04-11,Rockland Furniture Drop-side Cribs,"Sleep — cribs, bassinets, loungers",entrapment|fall|strangulation|suffocation,1,ACT NOW
12143,2012-04-04,Topeak Babyseat&#153; II Bicycle Carrier Seats,Strollers & carriers,laceration,3,ACT NOW
12-140,2012-03-29,Toy truck gifts with boy's t-shirts,Toys,burn|fire,3,ACT NOW
12-728,2012-03-26,Feels Real Baby Dolls,Toys,choking,3,ACT NOW
12136,2012-03-21,Push 'N Snap Cabinet Locks,Nursery furniture & tip-over,,4,ACT SOON
12131,2012-03-12,4-in-1 Dramatic Play Theater Toys,Toys,entrapment|tipover,1,ACT NOW
12130,2012-03-07,Umbro Boys' outerwear jackets,Sleepwear & apparel,entanglement|entrapment|strangulation,1,ACT NOW
12-126,2012-03-06,nan,,,4,ACT SOON
12122,2012-02-27,Children's pajamas and sleepwear,Sleepwear & apparel,burn|flammable,3,ACT NOW
12-116,2012-02-22,Kelty Single and Double Jogging Strollers,Strollers & carriers,fall|tipover,2,ACT NOW
12111,2012-02-15,Tumblekins Toys,Toys,choking|laceration,3,ACT NOW
12-109,2012-02-15,Slalom Glider,Outdoor & play equipment,fall,3,ACT NOW
12103,2012-02-02,Carter's Watch the Wear Bodysuits and Sleep 'n Play Garments,Sleepwear & apparel,choking,3,ACT NOW
12-104,2012-02-02,Bumbleride Indie & Indie Twin Strollers,Strollers & carriers,fall,3,ACT NOW
12718,2012-02-01,Fold-Out Sleeper Ottomans,"Sleep — cribs, bassinets, loungers",fall,3,ACT NOW
12092,2012-01-23,Super Luchamania Action Figures,Toys,lead,3,ACT NOW
12093,2012-01-23,Infant Rattles,Toys,choking,3,ACT NOW
12090,2012-01-22,Travelin' Chef Expandable Thermal Food Carrier,,chemical,4,ACT SOON
12089,2012-01-22,Expandable Insulated Lunch Box with Freezer Gel Pack,Feeding & high chairs,chemical,4,ACT SOON
12-085,2012-01-10,Chariot bicycle trailers and bicycle trailer conversion kits,Helmets & wheeled toys,,4,ACT SOON
12711,2012-01-09,Blake Bed Frames,,entrapment,1,ACT NOW
12-082,2012-01-05,Bicycle helmets for children and youth,Helmets & wheeled toys,fall,3,ACT NOW
12079,2012-01-04,ANTILOP High Chairs,Feeding & high chairs,fall,3,ACT NOW
12081,2012-01-04,Children's Chairs and Stools,,lead,4,ACT SOON
12075,2011-12-27,Bed Canopy,,fall,3,ACT NOW
12071,2011-12-22,Children's pajamas,Sleepwear & apparel,burn|flammable,3,ACT NOW
12-070,2011-12-22,Children's fleece robes,Sleepwear & apparel,burn|flammable,3,ACT NOW
12-066,2011-12-22,Bugaboo Bee Strollers,Strollers & carriers,fall,3,ACT NOW
12-068,2011-12-22,Colorful Hearts Teddy Bears,Toys,choking|fall,3,ACT NOW
12064,2011-12-21,"Circo 17"" Children's Travel Cases",,lead,4,ACT SOON
12-067,2011-12-21,Car Seat Adapter,Car seats & travel,fall,3,ACT NOW
12055,2011-12-12,Baby Rattles,Toys,choking|laceration,3,ACT NOW
12-053,2011-12-07,Children's Henley Pima Cotton Pajamas,Sleepwear & apparel,burn|flammable,3,ACT NOW
12-045,2011-11-15,"KEDS&#174; ""Know It All"" Girls' Shoe",Sleepwear & apparel,laceration,3,ACT NOW
12-044,2011-11-15,Kidgets&#174; Animal Sock Top Slippers,Toys,choking,3,ACT NOW
12-041,2011-11-15,Swimwear Set With Inflatable Inner Tube,Outdoor & play equipment,strangulation,1,ACT NOW
12-033,2011-11-02,Cub Scout Wind Tech jackets,Sleepwear & apparel,entanglement|entrapment|strangulation,1,ACT NOW
12032,2011-11-01,Drop-side cribs,"Sleep — cribs, bassinets, loungers",entrapment|fall|strangulation|suffocation,1,ACT NOW
12-031,2011-11-01,Toulouse-LapTrec magnetic sketchboards,Toys,choking|magnet,2,ACT NOW
12-019,2011-10-24,Microfiber Glider Recliners with Ottomans and Leather Glider Recliners with Ottomans,"Sleep — cribs, bassinets, loungers",entrapment,1,ACT NOW
12017,2011-10-20,Children's Frog Masks,,suffocation,1,ACT NOW
12013,2011-10-19,LittleLife Discoverer Child Carriers,Strollers & carriers,fall,3,ACT NOW
12014,2011-10-19,Twist and Sort Toys,Toys,choking,3,ACT NOW
12-012,2011-10-18,"""Innovations"" and ""At Home with Meijer"" Roman shades and roll-up blinds",Window coverings & cords,entanglement|strangulation,1,ACT NOW
12006,2011-10-10,B.O.B.&#174; single and double strollers,Strollers & carriers,choking,3,ACT NOW
12005,2011-10-05,BUSA children's folding tent,Outdoor & play equipment,laceration,3,ACT NOW
12003,2011-10-04,Drop-Side Cribs,"Sleep — cribs, bassinets, loungers",entrapment|fall|strangulation|suffocation,1,ACT NOW
11-343,2011-09-28,nan,"Sleep — cribs, bassinets, loungers",entrapment|fall|strangulation|suffocation,1,ACT NOW
11-342,2011-09-28,nan,Toys,choking,3,ACT NOW
11337,2011-09-27,OZOfire&#153; Pourable Gel Fuel (Formula 4) and SUREFIRE&#153; Pourable Gel Fuel (Formula 4) Bottles,Feeding & high chairs,burn|fire,3,ACT NOW
11-335,2011-09-27,nan,Toys,lead,3,ACT NOW
11-334,2011-09-27,Little Tikes® Workshop and Tool Sets,Toys,choking,3,ACT NOW
11-321,2011-09-07,"Chloe, Sophie and Audrey soft dolls",Toys,strangulation,1,ACT NOW
11-316,2011-08-31,TwirllaTM Wooden Rattle,Toys,choking,3,ACT NOW
11-313,2011-08-29,nan,"Walkers, swings & bouncers",fall,3,ACT NOW
11-305,2011-08-15,Riding Toy,Toys,fall|tipover,2,ACT NOW
11-298,2011-08-03,Love.Hugs.Peace lapel pins,,lead,4,ACT SOON
11-293,2011-08-01,Toy keys with remote,Toys,choking,3,ACT NOW
11288,2011-07-27,nan,Strollers & carriers,,4,ACT SOON
11-284,2011-07-26,Safety Latches and Outlet Covers,"Gates, rails & childproofing",,4,ACT SOON
11-285,2011-07-26,nan,,fall,3,ACT NOW
11-279,2011-07-19,nan,Sleepwear & apparel,fire|flammable|laceration|overheat,3,ACT NOW
11-272,2011-07-06,Mini Stars building sets,Toys,choking,3,ACT NOW
11-263,2011-06-29,Wooden animal drum,,lead,4,ACT SOON
11-267,2011-06-29,Sage Creek Organics children's sleepwear,Sleepwear & apparel,burn|flammable,3,ACT NOW
11-748,2011-06-29,"GNC Women's Ultra Mega®, Ultra Mega Active, Ultra Mega Energy and Metabolism, and GNC Prenatal Formula with Iron multivitamins",Feeding & high chairs,,4,ACT SOON
11-747,2011-06-29,nan,Window coverings & cords,strangulation,1,ACT NOW
11-266,2011-06-29,nan,Personal care & medicine,chemical,4,ACT SOON
11-262,2011-06-28,Adventure Playsets Wooden Swing Sets,"Walkers, swings & bouncers",fall,3,ACT NOW
11745,2011-06-22,Quick Kids Junior Tennis Racquets,,chemical|lead,4,ACT SOON
11-256,2011-06-22,B-Nimble Strollers,Strollers & carriers,,4,ACT SOON
11-258,2011-06-22,nan,Personal care & medicine,chemical,4,ACT SOON
11-257,2011-06-22,nan,Sleepwear & apparel,choking,3,ACT NOW
11-250,2011-06-15,nan,Nursery furniture & tip-over,,4,ACT SOON
11249,2011-06-14,Emma's Garden&#174; Polka-Dot girls' dresses,Sleepwear & apparel,choking,3,ACT NOW
11-248,2011-06-14,Circo Child Booster Seats,Car seats & travel,fall,3,ACT NOW
11243,2011-06-09,Military Copters,Toys,laceration,3,ACT NOW
11239,2011-06-06,American Girl Crafts&#153; Pearly Beads & Ribbon Bracelets kit,Toys,lead,3,ACT NOW
11-741,2011-05-31,nan,Sleepwear & apparel,suffocation,1,ACT NOW
11-225,2011-05-26,Stroller,Strollers & carriers,entrapment|strangulation,1,ACT NOW
11224,2011-05-23,Full-Size and Portable Drop-Side Cribs,"Sleep — cribs, bassinets, loungers",entrapment|fall|strangulation|suffocation,1,ACT NOW
11-222,2011-05-11,Maclaren strollers (sold prior to November 2009),Strollers & carriers,laceration,3,ACT NOW
11220,2011-05-10,Bumble Bee and Lady Bug Infant Slipper Socks,Sleepwear & apparel,choking,3,ACT NOW
11-221,2011-05-10,Danbar Knight Hawk Toy Helicopters,Toys,fire|overheat,3,ACT NOW
11217,2011-05-04,Toy Story 3 Bowling Game,Toys,lead,3,ACT NOW
11210,2011-05-02,Girl's Hooded Sweater with Drawstring,Sleepwear & apparel,entanglement|entrapment|strangulation,1,ACT NOW
11-738,2011-05-02,nan,Feeding & high chairs,choking,3,ACT NOW
11-737,2011-04-25,Fixed-side cribs,"Sleep — cribs, bassinets, loungers",entrapment|fall,1,ACT NOW
11206,2011-04-20,Lights and Sounds Children's Scooters,Helmets & wheeled toys,laceration,3,ACT NOW
11-196,2011-04-13,nan,Toys,choking,3,ACT NOW
11195,2011-04-11,Girl's Tops,Sleepwear & apparel,chemical|lead,4,ACT SOON
11191,2011-04-06,P.Jamas children's sleepwear,Sleepwear & apparel,burn|flammable,3,ACT NOW
11-187,2011-04-04,Infant Bed-Side Sleepers,"Sleep — cribs, bassinets, loungers",entrapment|fall|suffocation,1,ACT NOW
11-188,2011-04-04,nan,Feeding & high chairs,choking,3,ACT NOW
11-186,2011-04-03,nan,Toys,choking,3,ACT NOW
11-179,2011-03-21,Delta Enterprise Drop-Side Crib,"Sleep — cribs, bassinets, loungers",entrapment|suffocation,1,ACT NOW
11173,2011-03-15,Girls' Jeans for Toddlers,Sleepwear & apparel,choking,3,ACT NOW
11-171,2011-03-14,nan,Sleepwear & apparel,choking,3,ACT NOW
11-167,2011-03-09,Holiday rattle baby slippers,Toys,choking,3,ACT NOW
11-165,2011-03-09,nan,Toys,choking,3,ACT NOW
11-163,2011-03-09,Children's hooded sweatshirts with drawstrings,Sleepwear & apparel,entanglement|entrapment|strangulation,1,ACT NOW
11160,2011-03-08,Little Pet Vet costumes and Dr. Littles costumes,Toys,choking,3,ACT NOW
11-159,2011-03-08,Dirt Bikes,Helmets & wheeled toys,burn|fire,3,ACT NOW
11-155,2011-03-02,Wooden Playpens,"Sleep — cribs, bassinets, loungers",choking|entrapment|fall|laceration,1,ACT NOW
11-156,2011-03-02,nan,Toys,choking,3,ACT NOW
11-151,2011-03-02,nan,Toys,choking,3,ACT NOW
11146,2011-02-28,Circo beaded door curtains,Window coverings & cords,entanglement|strangulation,1,ACT NOW
11-145,2011-02-28,Baby Jogger Jump Seats,,fall,3,ACT NOW
11-143,2011-02-22,nan,Strollers & carriers,entanglement|strangulation,1,ACT NOW
11135,2011-02-16,nan,"Sleep — cribs, bassinets, loungers",entrapment|fall|suffocation,1,ACT NOW
11-129,2011-02-15,Bassinets,"Sleep — cribs, bassinets, loungers",fall,3,ACT NOW
11-133,2011-02-15,Children's Light-up Watches,Jewelry & accessories,,4,ACT SOON
11-132,2011-02-15,Kristi G Go & Grow Chair,Outdoor & play equipment,fall|tipover,2,ACT NOW
11128,2011-02-14,nan,Sleepwear & apparel,choking,3,ACT NOW
11-127,2011-02-10,nan,Nursery electricals & monitors,,4,ACT SOON
11-126,2011-02-10,nan,Button cells & batteries,burn|overheat,3,ACT NOW
11-722,2011-02-08,nan,Sleepwear & apparel,entanglement|entrapment|strangulation,1,ACT NOW
11119,2011-02-02,nan,"Sleep — cribs, bassinets, loungers",,4,ACT SOON
11-114,2011-01-30,nan,Feeding & high chairs,,4,ACT SOON
11111,2011-01-25,nan,"Sleep — cribs, bassinets, loungers",,4,ACT SOON
11107,2011-01-24,Remote-controlled toy tanks,Toys,burn|overheat,3,ACT NOW
11-108,2011-01-24,nan,Toys,choking,3,ACT NOW
11106,2011-01-20,nan,Strollers & carriers,laceration,3,ACT NOW
11-098,2011-01-13,Children's Hooded Sweatshirts,Sleepwear & apparel,entanglement|entrapment|strangulation,1,ACT NOW
11-097,2011-01-12,nan,Sleepwear & apparel,entanglement|strangulation,1,ACT NOW
11-094,2011-01-11,Toddler Talk Toy Mobile Phones,Toys,choking,3,ACT NOW
11-093,2011-01-11,nan,Feeding & high chairs,laceration|mold,3,ACT NOW
11092,2011-01-11,nan,Toys,choking,3,ACT NOW
11-091,2011-01-10,Children's hooded sweatshirts and jackets,Sleepwear & apparel,entanglement|entrapment|strangulation,1,ACT NOW
11089,2011-01-10,nan,Sleepwear & apparel,choking,3,ACT NOW
11-713,2011-01-05,nan,Sleepwear & apparel,entanglement|strangulation,1,ACT NOW
11-081,2010-12-22,Baby leg warmers and socks,Sleepwear & apparel,choking,3,ACT NOW
11-077,2010-12-21,Ceramic piggy and lion banks,,lead,4,ACT SOON
11-076,2010-12-21,Zoom Buggy Car and Dream Pillow Star educational toys,Strollers & carriers,choking,3,ACT NOW
11-071,2010-12-15,Girls' Hooded Zip Jackets and Vest Sets,Sleepwear & apparel,entanglement|entrapment|strangulation,1,ACT NOW
11-065,2010-12-08,Toddler Girl Pants and Shorts,Sleepwear & apparel,choking,3,ACT NOW
11-060,2010-12-06,Circo Children's Space Camp Combo Pack,"Sleep — cribs, bassinets, loungers",fire|flammable,3,ACT NOW
11-056,2010-12-01,The First Years American Red Cross Cabinet Swing Locks,"Walkers, swings & bouncers",,4,ACT SOON
11-054,2010-11-30,Roman shades and roll-up blinds,Window coverings & cords,entanglement|strangulation,1,ACT NOW
11-048,2010-11-21,Bassettbaby drop-side cribs with external plastic hardware,"Sleep — cribs, bassinets, loungers",entrapment|fall|strangulation|suffocation,1,ACT NOW
11-046,2010-11-18,Hooded jackets and sweatshirts,Sleepwear & apparel,entanglement|entrapment|strangulation,1,ACT NOW
11-034,2010-11-09,Horse-on-a-Stick Toys,Toys,strangulation,1,ACT NOW
11-036,2010-11-09,"Roman shades, roll-up blinds and roller blinds",Window coverings & cords,entanglement|strangulation,1,ACT NOW
11-035,2010-11-09,Rocking Horses,Toys,strangulation,1,ACT NOW
11-033,2010-11-08,Spark and Spitfire Inline Skates,Helmets & wheeled toys,fall,3,ACT NOW
11-031,2010-11-03,Chaperone Infant car seats,Car seats & travel,choking|laceration,3,ACT NOW
11-707,2010-10-28,White Ruffle Outdoor Vests,,choking,3,ACT NOW
11-025,2010-10-27,"Pumpkin, Ghost and Skull Halloween Lanterns",Toys,burn|fire|overheat,3,ACT NOW
11-023,2010-10-26,Falls Creek infant boy shoes,Sleepwear & apparel,choking|fall,3,ACT NOW
11-018,2010-10-21,Drop-Side Cribs,"Sleep — cribs, bassinets, loungers",entrapment|fall|strangulation|suffocation,1,ACT NOW
11-019,2010-10-21,Drop-Side Cribs,"Sleep — cribs, bassinets, loungers",entrapment|fall|strangulation|suffocation,1,ACT NOW
11-020,2010-10-21,Heritage Collection 3-in-1 drop-side cribs,"Sleep — cribs, bassinets, loungers",entrapment|fall|strangulation|suffocation,1,ACT NOW
11-015,2010-10-19,Graco Recalls QuattroTM and MetroLiteTM Strollers,Strollers & carriers,entrapment|strangulation,1,ACT NOW
11-013,2010-10-18,"Wolverine, Spider-Man and Iron Man 2 Projector Flashlights",Toys,burn|fire|overheat,3,ACT NOW
11-014,2010-10-18,Infant's Overalls,Sleepwear & apparel,choking,3,ACT NOW
11-012,2010-10-17,Bathtub Subs,Toys,laceration,3,ACT NOW
11-011,2010-10-14,Spa FactoryTM Aromatherapy Fountain & Bath Benefits Kits,Toys,,4,ACT SOON
11-005,2010-10-06,Alexander Designs Ltd. brand drop-side cribs,"Sleep — cribs, bassinets, loungers",entrapment|fall|strangulation|suffocation,1,ACT NOW
11-002,2010-10-06,Tike Tech Single City X3 and X3 Sport Jogging Strollers,Strollers & carriers,entrapment|strangulation,1,ACT NOW
11-003,2010-10-05,Valco Baby Tri Mode Single and Twin Jogging Strollers,Strollers & carriers,entrapment|strangulation,1,ACT NOW
10-360,2010-09-30,Fisher-Price Little People Wheelies Stand 'n Play Rampway,Toys,choking,3,ACT NOW
10-362,2010-09-29,"Baby PlayzoneTM Crawl & Cruise PlaygroundTM, Baby PlayzoneTM Crawl & Slide ArcadeTM, Baby GymtasticsTM Play Wall, Ocean WondersTM Kick & CrawlTM Aquarium (C3068 and H8094), 1-2-3 TetherballTM, Bat & Score GoalTM",Outdoor & play equipment,choking,3,ACT NOW
10-361,2010-09-29,"Healthy Care, Easy Clean and Close to Me High Chairs",Feeding & high chairs,fall|laceration,3,ACT NOW
10-359,2010-09-29,Fisher Price Trikes and Tough Trikes toddler tricycles,Helmets & wheeled toys,fall|fire,3,ACT NOW
10-357,2010-09-29,"""S T U F F"" and Paw Wall Hooks",,lead,4,ACT SOON
10-350,2010-09-20,"""Love Tester"" Mood Rings and Necklaces",Jewelry & accessories,chemical|lead,3,ACT NOW
10-347,2010-09-15,Hooded Jackets and Sweatshirts,Sleepwear & apparel,entanglement|entrapment|strangulation,1,ACT NOW
10-346,2010-09-14,Giant Starbuilder and Giant Stars building sets,Toys,choking,3,ACT NOW
10-345,2010-09-14,Chuck E Cheese's Light-up Rings and Star Glasses,,,4,ACT SOON
10-344,2010-09-13,nan,"Sleep — cribs, bassinets, loungers",entrapment|fall,1,ACT NOW
10-341,2010-09-13,"Click Armband Bracelets, Klick Klick Balls and BoBo Balls",Toys,choking,3,ACT NOW
10-340,2010-09-08,Bamboo Roll-up blinds with valance,Toys,entanglement|strangulation,1,ACT NOW
10-335,2010-09-07,"""Play With Your Veggies"" toys",Toys,laceration,3,ACT NOW
10-334,2010-09-06,Sand & Water Transportation Station Toys,Toys,choking,3,ACT NOW
10-327,2010-08-25,Magnetic maze boards,Toys,choking|magnet,2,ACT NOW
10-754,2010-08-23,Infant and Toddler Hammock Metal Stands,"Sleep — cribs, bassinets, loungers",fall,3,ACT NOW
10-324,2010-08-23,Infant and Toddler Hammocks,"Sleep — cribs, bassinets, loungers",entrapment|suffocation,1,ACT NOW
10-323,2010-08-23,Beaba Express Steam Bottle Warmers,Feeding & high chairs,burn|overheat,3,ACT NOW
10-321,2010-08-18,Double stroller,Strollers & carriers,fall,3,ACT NOW
10-318,2010-08-11,Levana Wireless Video Baby Monitors,Nursery electricals & monitors,burn|overheat,3,ACT NOW
10-317,2010-08-10,Wooden Toy Rattles,Toys,choking,3,ACT NOW
10-752,2010-08-09,Counterfeit BlackBerry®-branded cell phone batteries in refurbished devices,Button cells & batteries,burn|fire|overheat,3,ACT NOW
10-313,2010-08-04,Sonya Lee figures from Little People Play 'n Go CampsiteTM,Toys,choking,3,ACT NOW
10-312,2010-08-02,Bunk Beds,Nursery furniture & tip-over,entrapment,1,ACT NOW
10-310,2010-07-25,Youth and Adult Brine VIP Lacrosse Gloves,Sleepwear & apparel,lead,4,ACT SOON
10-309,2010-07-25,Nap Nanny® portable baby recliners,"Sleep — cribs, bassinets, loungers",entrapment|fall|suffocation,1,ACT NOW
10-307,2010-07-21,Roman and Roller shades,Window coverings & cords,entanglement|strangulation,1,ACT NOW
10-305,2010-07-19,Kariño Baby Pacifiers,Feeding & high chairs,choking,3,ACT NOW
10-304,2010-07-14,Baja Motorsports Mini Bikes and Go-Carts,Helmets & wheeled toys,,4,ACT SOON
10-303,2010-07-14,Cozy Indoor Outdoor Portable Playard Tents Plus Cabana Kits,"Sleep — cribs, bassinets, loungers",entrapment|strangulation,1,ACT NOW
10-302,2010-07-13,Pottery Barn Kids drop-side cribs,"Sleep — cribs, bassinets, loungers",entrapment|fall|suffocation,1,ACT NOW
10-297,2010-07-12,"Metal Necklaces, Bracelets and Earrings",Jewelry & accessories,chemical,4,ACT SOON
10-292,2010-06-30,Children's Coin Purse and Jewelry,Jewelry & accessories,chemical|lead,3,ACT NOW
10-287,2010-06-29,Children's Happy Charm Bracelets and Football Rings,Jewelry & accessories,chemical,4,ACT SOON
10-283,2010-06-28,Power Adapters for heated pet beds,"Sleep — cribs, bassinets, loungers",burn|fire,3,ACT NOW
10-280,2010-06-24,"Scope® Original Mint Mouthwash, 1 Liter Size",Feeding & high chairs,chemical,4,ACT SOON
10-279,2010-06-23,Children's Tiara,Jewelry & accessories,chemical|lead,3,ACT NOW
10-278,2010-06-23,Simmons drop-side cribs,"Sleep — cribs, bassinets, loungers",entrapment|fall|strangulation|suffocation,1,ACT NOW
10-277,2010-06-23,"Drop-Side cribs sold under the brand names Million Dollar Baby, Baby Mod and Da Vinci","Sleep — cribs, bassinets, loungers",entrapment|fall|strangulation|suffocation,1,ACT NOW
10-276,2010-06-23,"Bonavita, Babi Italia and ISSI Drop-Side Cribs","Sleep — cribs, bassinets, loungers",entrapment|fall|strangulation|suffocation,1,ACT NOW
10-275,2010-06-23,Jardine drop-side cribs,"Sleep — cribs, bassinets, loungers",entrapment|fall|strangulation|suffocation,1,ACT NOW
10-274,2010-06-23,Jenny Lind Cribs,"Sleep — cribs, bassinets, loungers",entrapment|fall|strangulation|suffocation,1,ACT NOW
10-273,2010-06-23,Delta cribs,"Sleep — cribs, bassinets, loungers",entrapment|fall|strangulation|suffocation,1,ACT NOW
10-272,2010-06-23,Child Craft brand drop-side cribs,"Sleep — cribs, bassinets, loungers",entrapment|fall|strangulation|suffocation,1,ACT NOW
10-271,2010-06-23,"Child Craft brand ""Crib 'N' Double Bed"" full size stationary-side cribs with dowel","Sleep — cribs, bassinets, loungers",entrapment|strangulation,1,ACT NOW
10-269,2010-06-21,Baby Walkers,"Walkers, swings & bouncers",fall,3,ACT NOW
10-268,2010-06-16,Boys' and girls' belts,,lead,4,ACT SOON
10-267,2010-06-16,CYBEX 2.GO Infant Carriers,Car seats & travel,fall,3,ACT NOW
10-266,2010-06-16,Infant bodysuits and rompers,Sleepwear & apparel,choking,3,ACT NOW
10-263,2010-06-14,Roll-up blinds,Window coverings & cords,entanglement|strangulation,1,ACT NOW
10-261,2010-06-09,"Roller, Roman, and Roll-Up blinds",Window coverings & cords,entanglement|strangulation,1,ACT NOW
10-260,2010-06-09,Beado handheld bead play toys,Toys,choking,3,ACT NOW
10-258,2010-06-07,"""Pirates of the Caribbean"" Twin Trundle Beds",,entrapment,1,ACT NOW
10-741,2010-06-02,Animal Crackers Giant Stacking Toys,Toys,choking,3,ACT NOW
10-254,2010-06-01,Sprout Stuff infant ring slings,Jewelry & accessories,suffocation,1,ACT NOW
10-251,2010-05-26,Buckyballs® High Powered Magnets Sets,Toys,choking|magnet,2,ACT NOW
10-250,2010-05-26,Rim Rocka Boys' Hooded Jackets and Pelle Pelle Girls' Hooded Jackets,Sleepwear & apparel,entanglement|strangulation,1,ACT NOW
10-249,2010-05-26,Moroccan tea glasses,,chemical|lead,4,ACT SOON
10-246,2010-05-26,Girls' coats,Sleepwear & apparel,entanglement|strangulation,1,ACT NOW
10-245,2010-05-26,All-Star Basketball Chair and Ottoman Sets,"Sleep — cribs, bassinets, loungers",lead,4,ACT SOON
10-244,2010-05-26,Boys' Hooded Jackets,Sleepwear & apparel,entanglement|strangulation,1,ACT NOW
10-737,2010-05-20,Children's Hooded Sweatshirts with Drawstrings,Sleepwear & apparel,entanglement|strangulation,1,ACT NOW
10-239,2010-05-19,Woven Storage Trunks,,strangulation,1,ACT NOW
10-235,2010-05-17,Giraffe Security Blankets,Sleep — mattresses & bedding,choking,3,ACT NOW
10-736,2010-05-16,Sandy the Squirrel Plush Toys,Toys,choking,3,ACT NOW
10-234,2010-05-16,Toy Dart Gun Set,Toys,,4,ACT SOON
10-735,2010-05-12,Denim Cargo Shorts,,choking,3,ACT NOW
10-233,2010-05-12,Tommy Hilfiger Sweatshirts,Sleepwear & apparel,burn|flammable,3,ACT NOW
10-232,2010-05-12,Children's hooded sweatshirts with drawstrings,Sleepwear & apparel,entanglement|strangulation,1,ACT NOW
10-229,2010-05-11,Push Around and Whisper Ride Buggies,Toys,,4,ACT SOON
10-227,2010-05-09,"""Best Friends"" Charm Bracelet Sets",Jewelry & accessories,chemical,4,ACT SOON
10-224,2010-05-06,Girls' hooded sleeveless vests,Sleepwear & apparel,entanglement|strangulation,1,ACT NOW
10-222,2010-05-05,Drop-Side Cribs,"Sleep — cribs, bassinets, loungers",entrapment|fall|strangulation|suffocation,1,ACT NOW
10-220,2010-05-04,"Roberta Roller Rabbit Children's Kimono Robe, Lounge Sets and Slumber Short Sets",Sleepwear & apparel,burn|flammable,3,ACT NOW
10-218,2010-05-04,Sport Cap 2.0 water bottle spouts,Feeding & high chairs,choking,3,ACT NOW
10-216,2010-05-03,Children's Hooded Velour Sweatshirts with Drawstrings,Sleepwear & apparel,entanglement|strangulation,1,ACT NOW
10-734,2010-04-29,TechnoSkin Foam Balls and Sportime TechStitched Soccer Balls,,lead,4,ACT SOON
10-215,2010-04-29,Baby swimsuits,Sleepwear & apparel,strangulation,1,ACT NOW
10-211,2010-04-28,Simplicity full-size cribs with tubular metal mattress-support frames,"Sleep — cribs, bassinets, loungers",entrapment|fall|strangulation|suffocation,1,ACT NOW
10-212,2010-04-28,Graco®-branded drop side cribs made by LaJobi,"Sleep — cribs, bassinets, loungers",entrapment|fall|strangulation|suffocation,1,ACT NOW
10-731,2010-04-27,Double Egg Shakers,,lead,4,ACT SOON
10-209,2010-04-27,Children's hooded sweatshirts with drawstrings,Sleepwear & apparel,entanglement|strangulation,1,ACT NOW
10-206,2010-04-26,Step2® Basic Rhythms DrumsTM,Toys,choking,3,ACT NOW
10-204,2010-04-25,Children's hooded sweatshirts with drawstrings,Sleepwear & apparel,entanglement|strangulation,1,ACT NOW
10-201,2010-04-20,Girls' hooded jackets,Sleepwear & apparel,entanglement|strangulation,1,ACT NOW
10-200,2010-04-20,Mattress Sets (Mattresses and Mattresses with Foundations),"Sleep — cribs, bassinets, loungers",fire,3,ACT NOW
10-199,2010-04-14,Children's Hooded Sweatshirts,Sleepwear & apparel,entanglement|strangulation,1,ACT NOW
10-198,2010-04-14,Baby Walkers,"Walkers, swings & bouncers",,4,ACT SOON
10-194,2010-04-12,Children's Snowsuits and Coats,Sleepwear & apparel,entanglement|strangulation,1,ACT NOW
10-193,2010-04-07,Mecca Children's Hooded Jackets with Drawstrings,Sleepwear & apparel,entanglement|strangulation,1,ACT NOW
10-729,2010-04-06,Roman Shades and Roll-Up Blinds,Nursery furniture & tip-over,entanglement|strangulation,1,ACT NOW
10-191,2010-04-06,Decorative Wood Chests and Tables,Nursery furniture & tip-over,lead,4,ACT SOON
10-190,2010-04-05,Gund Baby Paperboard Books,Toys,,4,ACT SOON
10-189,2010-03-31,"Youth and Junior Hockey Sticks, Shafts, and Blades",,lead,4,ACT SOON
10-185,2010-03-30,North-Sportif Hooded Jackets and Reversible Vests,Sleepwear & apparel,entanglement|strangulation,1,ACT NOW
10-183,2010-03-29,"Posey, Lily, Rose and Daisy Girls' Ski Jackets",Sleepwear & apparel,entanglement|entrapment|strangulation,1,ACT NOW
10-181,2010-03-24,Evenflo Top-of-StairTM Plus Wood Gates,,fall,3,ACT NOW
10-178,2010-03-23,Jewel Girls' Hooded Sweatshirts with Drawstrings,Sleepwear & apparel,entanglement|strangulation,1,ACT NOW
10-180,2010-03-23,Girls' Hooded Sweaters with Drawstrings,Sleepwear & apparel,entanglement|strangulation,1,ACT NOW
10-179,2010-03-23,Girls' Hooded Jackets with Drawstrings,Sleepwear & apparel,entanglement|strangulation,1,ACT NOW
10-177,2010-03-23,"Infantino ""SlingRider"" and ""Wendy Bellissimo"" infant slings",,suffocation,1,ACT NOW
10-725,2010-03-22,Flower and Insect Painted Wooden Beads,Toys,lead,3,ACT NOW
10-174,2010-03-17,Bicycle Bells,Helmets & wheeled toys,lead,4,ACT SOON
10-171,2010-03-17,Graco HarmonyTM High Chairs,Feeding & high chairs,fall|tipover,2,ACT NOW
10-170,2010-03-16,Children's Hooded Sweatshirts with Drawstrings,Sleepwear & apparel,entanglement|strangulation,1,ACT NOW
10-162,2010-03-10,Children's Metal Charm Bracelets,Jewelry & accessories,chemical,4,ACT SOON
10-161,2010-03-09,Girls' Cargo Pocket Jackets,Sleepwear & apparel,entanglement|entrapment|strangulation,1,ACT NOW
10-160,2010-03-09,Girl's Hooded Jackets with Drawstrings,Sleepwear & apparel,entanglement|strangulation,1,ACT NOW
10-158,2010-03-09,"Locks All Over Boys' Hoody, All Over Skaters Boy's Hoody and Rock Mask Boy's Hoody",Sleepwear & apparel,entanglement|strangulation,1,ACT NOW
10-156,2010-03-03,Roman Shades,Window coverings & cords,entanglement|strangulation,1,ACT NOW
10-155,2010-03-02,Children's hooded sweatshirt sets with drawstrings,Sleepwear & apparel,entanglement|strangulation,1,ACT NOW
10-153,2010-03-02,Children's Bangles,Jewelry & accessories,lead,3,ACT NOW
10-152,2010-03-02,Boys' Hooded Jackets,Sleepwear & apparel,entanglement|strangulation,1,ACT NOW
10-150,2010-03-01,"Innovations and ""At Home with Meijer"" Roman Shades and Roll-Up Blinds",Window coverings & cords,entanglement|strangulation,1,ACT NOW
10-149,2010-03-01,Lutron Shading Solutions Roman Shades,Window coverings & cords,entanglement|strangulation,1,ACT NOW
10-148,2010-03-01,"Scooby Doo, Tweety and Batman Fork and Spoon Sets",Feeding & high chairs,choking,3,ACT NOW
10-722,2010-02-24,BigBox Hockey Sets,Jewelry & accessories,lead,3,ACT NOW
10-144,2010-02-17,Hooded Sweatshirts,Sleepwear & apparel,entanglement|strangulation,1,ACT NOW
10-143,2010-02-17,Children's Hooded Jackets,Sleepwear & apparel,entanglement|strangulation,1,ACT NOW
10-142,2010-02-17,Hooded Sweatshirts with Drawstrings,Sleepwear & apparel,entanglement|strangulation,1,ACT NOW
10-140,2010-02-17,Girl's Hooded Sweatshirts with Drawstrings,Sleepwear & apparel,entanglement|strangulation,1,ACT NOW
10-139,2010-02-16,Allreds Design Baby Bracelets and Pacifier Clips,Feeding & high chairs,chemical|lead,3,ACT NOW
10-138,2010-02-09,"Pull-A-Long Friends ToucanTM, Pull-A-Long Friends AlligatorTM, and Pull-A-Long Friends SharkyTM",Toys,choking,3,ACT NOW
10-137,2010-02-09,"Britax ""Blink"" Umbrella Strollers",Strollers & carriers,laceration,3,ACT NOW
10-136,2010-02-09,Wind Chime Toys,Toys,laceration,3,ACT NOW
10135,2010-02-08,nan,,,4,ACT SOON
10-135,2010-02-08,Discovery KidsTM Animated Marine and Safari Lamps,,burn|fire,3,ACT NOW
10-134,2010-02-08,"Generation 2 Worldwide and ""ChildESIGNS"" full-size and portable drop side cribs","Sleep — cribs, bassinets, loungers",entrapment|strangulation|suffocation,1,ACT NOW
10-132,2010-02-02,Special Forces and Police SWAT Toy Gun Sets,Toys,choking,3,ACT NOW
10-131,2010-02-01,Tiny Tink and Friends Children's Toy Jewelry Sets,Toys,lead,3,ACT NOW
10-130,2010-02-01,Children's Jackets with Drawstrings,Sleepwear & apparel,entanglement|strangulation,1,ACT NOW
10-129,2010-02-01,21 Pro USA Children's Pullovers and Hoodies,Sleepwear & apparel,entanglement|strangulation,1,ACT NOW
10-128,2010-02-01,Papyrus Brand Greeting Cards with bracelets,Jewelry & accessories,lead,3,ACT NOW
10-127,2010-01-28,Children's Metal Necklaces,Jewelry & accessories,chemical,4,ACT SOON
10-123,2010-01-26,CYBEX Strollers,Strollers & carriers,laceration,3,ACT NOW
10-121,2010-01-25,Danbar Knight Hawk Toy Helicopters,Toys,fire|overheat,3,ACT NOW
10-120,2010-01-25,Nature Wonders HD Pinto Horse Toy Figures,Toys,lead,3,ACT NOW
10-119,2010-01-25,First Impressions Boy's Three-Piece Santa Set,Sleepwear & apparel,choking,3,ACT NOW
10-115,2010-01-19,"Graco's PassageTM, AlanoTM and SpreeTM Strollers and Travel Systems",Car seats & travel,laceration,3,ACT NOW
10-114,2010-01-18,Dorel Asia cribs,"Sleep — cribs, bassinets, loungers",entrapment|strangulation|suffocation,1,ACT NOW
10-113,2010-01-13,Diana Crib,"Sleep — cribs, bassinets, loungers",entrapment|fall,1,ACT NOW
10-105,2010-01-07,"""Big Rex and Friends"" Cloth Books",Toys,chemical|lead,3,ACT NOW
10-098,2010-01-05,Military toy figure,Toys,lead,3,ACT NOW
10-097,2009-12-29,Safety 1st Disney Care CenterTM Play Yard and Eddie Bauer Complete Care Play Yard,"Sleep — cribs, bassinets, loungers",suffocation,1,ACT NOW
10-095,2009-12-29,Wooden Skill Ball Toys,Toys,lead,3,ACT NOW
10-089,2009-12-21,LEOPARD Highchairs,Feeding & high chairs,choking|fall,3,ACT NOW
10-085,2009-12-17,Vicks Dayquil Cold & Flu 24-Count Bonus Pack Liquicaps,,chemical,4,ACT SOON
10-084,2009-12-17,Dorel Infant Car Seat/Carriers,Car seats & travel,fall,3,ACT NOW
10-080,2009-12-16,Boys Fleece & Flannel Zip Hooded Sweatshirts with Drawstrings,Sleepwear & apparel,entanglement|strangulation,1,ACT NOW
10-712,2009-12-16,Roman Shades with Black-out Lining,Window coverings & cords,strangulation,1,ACT NOW
10-711,2009-12-16,Faux Wood Blinds,Window coverings & cords,strangulation,1,ACT NOW
10-079,2009-12-16,"""Action Team"" Toy Dart Gun Set",Outdoor & play equipment,choking,3,ACT NOW
10-076,2009-12-15,Classic Scuffproof Boots,Sleepwear & apparel,lead,4,ACT SOON
10-710,2009-12-14,"Roman Shades ""Weren't Built in a Day""",Window coverings & cords,strangulation,1,ACT NOW
10-075,2009-12-14,Newport Energy Solution Roman Shades,Window coverings & cords,strangulation,1,ACT NOW
10-074,2009-12-14,Roman Shades,Window coverings & cords,strangulation,1,ACT NOW
10-073,2009-12-14,Roman shades and roll-up blinds,Jewelry & accessories,entanglement|strangulation,1,ACT NOW
10-072,2009-12-14,Jute/Poly Roman Shades,Window coverings & cords,strangulation,1,ACT NOW
10-071,2009-12-14,Roman Shades and Paxton Roller Shades,Window coverings & cords,entanglement|strangulation,1,ACT NOW
10-070,2009-12-14,Deluxe Matchstick Roll-up Shades,Sleepwear & apparel,entanglement|strangulation,1,ACT NOW
10-069,2009-12-14,"1⁄4"" Oval Roll-up Blinds",Window coverings & cords,entanglement|strangulation,1,ACT NOW
10-068,2009-12-14,Roman Shades,Window coverings & cords,strangulation,1,ACT NOW
10-067,2009-12-14,Roll-up Blinds and Roman Shades,Window coverings & cords,entanglement|strangulation,1,ACT NOW
10-066,2009-12-14,Roman Shades and Roll-Up Blinds,Window coverings & cords,entanglement|strangulation,1,ACT NOW
10-063,2009-12-09,Little Miss Matched Girls Pajama Sets,Sleepwear & apparel,burn|flammable,3,ACT NOW
10-061,2009-12-09,Super Rigs Play Sets,Outdoor & play equipment,lead,4,ACT SOON
10-059,2009-12-08,Monday the Bullfrog Plush Books,Toys,choking,3,ACT NOW
10-709,2009-12-07,Snap Beads,Sleepwear & apparel,choking,3,ACT NOW
10-057,2009-12-07,Evenflo ExerSaucer® 1-2-3 Tea for MeTM Activity Learning Centers,"Walkers, swings & bouncers",choking,3,ACT NOW
10-056,2009-12-07,Amby Baby Motion Beds,"Sleep — cribs, bassinets, loungers",entrapment|suffocation,1,ACT NOW
10-053,2009-12-03,Children's Hooded Sweatshirts with Drawstrings,Sleepwear & apparel,entanglement|strangulation,1,ACT NOW
10-054,2009-12-02,"""Hello Kitty"" Zip Up Hoodie Sweatshirts",Sleepwear & apparel,entanglement|strangulation,1,ACT NOW
10-051,2009-12-01,"""Molly"" and ""Betsy"" Cribs","Sleep — cribs, bassinets, loungers",entrapment|strangulation,1,ACT NOW
10-050,2009-11-24,Girl's Hooded Sweatshirts,Sleepwear & apparel,entanglement|strangulation,1,ACT NOW
10-049,2009-11-24,Children's Metal Pendants,Jewelry & accessories,chemical|lead,3,ACT NOW
10-047,2009-11-23,Boy's Velour Warm-up Sets,Sleepwear & apparel,entanglement|strangulation,1,ACT NOW
10-046,2009-11-22,Stork Craft drop-side cribs,"Sleep — cribs, bassinets, loungers",entrapment|fall|suffocation,1,ACT NOW
10-707,2009-11-17,Yayita Baby Hammocks,"Sleep — cribs, bassinets, loungers",entrapment|fall|strangulation,1,ACT NOW
10-041,2009-11-17,Youth Hooded Sweatshirts and Jackets,Sleepwear & apparel,entanglement|strangulation,1,ACT NOW
10-040,2009-11-17,"""Bobby Chupete"" Pacifiers",Feeding & high chairs,choking,3,ACT NOW
10-033,2009-11-08,Maclaren Strollers,Strollers & carriers,laceration,3,ACT NOW
10-032,2009-11-04,Young Artist Easels,,lead,4,ACT SOON
10-025,2009-10-26,Dublin Energy Solution Roman Shades,Window coverings & cords,strangulation,1,ACT NOW
10-023,2009-10-26,Faux Suede Roman Shades,Window coverings & cords,strangulation,1,ACT NOW
10-022,2009-10-26,"ISDANS, TUPPLUR, and ENJE Roller Blinds",Window coverings & cords,entanglement|strangulation,1,ACT NOW
10-018,2009-10-21,Fiesta Masquerade and Home Olympic Flatware,,choking,3,ACT NOW
10-017,2009-10-21,"Full Length Women's Chenille Robes, Women's Chenille Jacket, Women's Chenille Lounge Jacket, Women's Chenille Top",Sleepwear & apparel,burn|flammable,3,ACT NOW
10-005,2009-10-05,Wooden Toys,Toys,choking,3,ACT NOW
10-004,2009-10-05,"Children's Toys, Purses and Pen Cases",Toys,chemical|lead,3,ACT NOW
09-344,2009-09-16,Children's Shoes,Sleepwear & apparel,choking,3,ACT NOW
09-767,2009-09-07,Children's Hooded Fleece Sweatshirts,Sleepwear & apparel,entanglement|strangulation,1,ACT NOW
09-767,2009-09-07,Children's Hooded Fleece Sweatshirts,Sleepwear & apparel,entanglement|strangulation,1,ACT NOW
09-338,2009-09-07,Children's Animal Masks and Pendants,Jewelry & accessories,chemical|lead,3,ACT NOW
09-330,2009-08-26,"Roxy Girl ""Very Nice"" Cotton Hoodies",Sleepwear & apparel,entanglement|entrapment|strangulation,1,ACT NOW
09-334,2009-08-26,Baby Jogger City Mini Strollers,Strollers & carriers,fall,3,ACT NOW
09-332,2009-08-26,"Force Soldier Playsets, Pirate Expeditions with Parrot, and Pirate Expeditions with Treasure",Outdoor & play equipment,lead,4,ACT SOON
09-328,2009-08-25,Roller Shades,Window coverings & cords,entanglement|strangulation,1,ACT NOW
09-329,2009-08-25,Horizontal and Vertical Blinds and Cellular Shades,Window coverings & cords,entanglement|strangulation,1,ACT NOW
09-326,2009-08-25,Roman Shades,Window coverings & cords,strangulation,1,ACT NOW
09-325,2009-08-25,MELINA Roman Blinds,Window coverings & cords,strangulation,1,ACT NOW
09-324,2009-08-25,Oval Roll-up Blinds and Woolrich Roman Shades,Window coverings & cords,entanglement|strangulation,1,ACT NOW
09-320,2009-08-19,"eebee's ""Have a Ball"" Adventures Cloth Books",Toys,entanglement|strangulation,1,ACT NOW
09-318,2009-08-19,Hungry Figures and Hungry Magnets,Toys,laceration|magnet,2,ACT NOW
09-310,2009-08-18,2009 d'lite ST and Solo ST Child Trailers,Sleepwear & apparel,,4,ACT SOON
09-304,2009-08-12,Little TikesTM Workshops Sets and Trucks,Toys,choking,3,ACT NOW
09-302,2009-08-05,Circo Booster Seats,Car seats & travel,fall,3,ACT NOW
09-301,2009-08-05,Jump 'n JiveTM Doorway Jumpers,"Walkers, swings & bouncers",choking,3,ACT NOW
09-300,2009-08-05,Safety 1st SmartLight Stair Gates,Sleepwear & apparel,fall,3,ACT NOW
09-761,2009-08-03,La Siesta Yayita Baby Hammocks,"Sleep — cribs, bassinets, loungers",entrapment|fall|strangulation,1,ACT NOW
09-760,2009-08-03,Yayita Baby Hammocks,"Sleep — cribs, bassinets, loungers",entrapment|fall|strangulation,1,ACT NOW
09-289,2009-07-29,Boys Hooded Sweatshirts and Warm Up Sets,Sleepwear & apparel,entanglement|strangulation,1,ACT NOW
09-287,2009-07-27,BabyBjörn® Babysitter Balance and BabyBjörn® Babysitter Balance Air bouncer chairs,"Walkers, swings & bouncers",laceration,3,ACT NOW
09-286,2009-07-22,My Pal Scout Electronic Plush Toy Dogs,Toys,choking,3,ACT NOW
09-281,2009-07-20,Buster Brown & Co.'s Clog Children's Shoes,Sleepwear & apparel,choking,3,ACT NOW
09-278,2009-07-15,Hooded jackets,Sleepwear & apparel,entanglement|entrapment|strangulation,1,ACT NOW
09-275,2009-07-15,Evenflo Switch-A-Roo Telephone Toys,Toys,choking,3,ACT NOW
09-274,2009-07-14,Youth Hooded Sweatshirts,Sleepwear & apparel,entanglement|strangulation,1,ACT NOW
09-270,2009-07-08,Hard Tail girl's hooded jackets and pullover sweatshirts,Sleepwear & apparel,entanglement|strangulation,1,ACT NOW
09-269,2009-07-08,Boys' Hooded Sweatshirts,Sleepwear & apparel,entanglement|strangulation,1,ACT NOW
09-267,2009-07-08,DesignWare Sport Balls,,lead,4,ACT SOON
09-265,2009-07-07,"Kolcraft, Carter's, Sesame Street, Jeep, Contours, Care Bear and Eric Carle Play Yards","Sleep — cribs, bassinets, loungers",fall,3,ACT NOW
09-262,2009-07-06,Jaloma Pacifiers,Feeding & high chairs,choking,3,ACT NOW
09-261,2009-07-01,Inflatable Baby Floats,Outdoor & play equipment,drowning|fall,1,ACT NOW
09-260,2009-07-01,Simplicity Drop Side Cribs,"Sleep — cribs, bassinets, loungers",entrapment|suffocation,1,ACT NOW
09-248,2009-06-17,"18"" Kick Body Boards",,lead,4,ACT SOON
09-247,2009-06-16,"""Chelsea's"" Necklace and Bracelet Sets",Jewelry & accessories,choking,3,ACT NOW
09-247,2009-06-16,"""Chelsea's"" Necklace and Bracelet Sets",Jewelry & accessories,choking,3,ACT NOW
09-246,2009-06-16,Epic Threads and Greendog Hooded Sweatshirts,Sleepwear & apparel,entanglement|strangulation,1,ACT NOW
09-241,2009-06-10,Women's full length Chenille Robes,Sleepwear & apparel,burn|flammable,3,ACT NOW
09-240,2009-06-09,Speedy Children's Hooded Zipper Jackets and Kids Hooded Pullover Jackets,Sleepwear & apparel,entanglement|strangulation,1,ACT NOW
09-239,2009-06-08,"Bonavita ""Hudson"" and Babi Italia ""Pinehurst"" Drop Side Cribs","Sleep — cribs, bassinets, loungers",entrapment|fall|suffocation,1,ACT NOW
09-238,2009-06-08,"Bonavita ""Cabana"" Drop Side Cribs","Sleep — cribs, bassinets, loungers",entrapment|strangulation,1,ACT NOW
09-236,2009-06-03,Children's Loungewear Garments,Sleepwear & apparel,flammable,3,ACT NOW
09-745,2009-06-03,Outdoor Playset Gliders,Outdoor & play equipment,fall,3,ACT NOW
09-236,2009-06-03,Children's Loungewear Garments,Sleepwear & apparel,flammable,3,ACT NOW
09-233,2009-06-01,Bugaboo Bee Strollers,Strollers & carriers,,4,ACT SOON
09-231,2009-05-26,Step2 Play Up Gym play sets,"Walkers, swings & bouncers",fall,3,ACT NOW
09-226,2009-05-20,Cumberland Outfitters Girl's Hooded Sweatshirts,"Walkers, swings & bouncers",entanglement|strangulation,1,ACT NOW
09-218,2009-05-20,"Twin, Twin Extra-Large, and Twin Over Full Bunk Beds",Toys,entrapment|fall|strangulation,1,ACT NOW
09-220,2009-05-13,Folding Toy Beach Chair for Stuffed Animals,Toys,,4,ACT SOON
09-219,2009-05-12,Eddie Bauer Soothe & Sway Play Yards,"Sleep — cribs, bassinets, loungers",suffocation,1,ACT NOW
09-213,2009-05-06,Children's Hooded Jackets,Sleepwear & apparel,entanglement|strangulation,1,ACT NOW
09-211,2009-05-05,Abalone and Venetian Carnevale Necklace Craft Kits,Toys,chemical|lead,3,ACT NOW
09-209,2009-05-04,Erwin Beanie and Poseidon Beanie Children's Knitted Hats,Sleepwear & apparel,choking,3,ACT NOW
09-208,2009-04-29,Pumpkin Patch Hooded Girls' Raincoats,Sleepwear & apparel,entanglement|strangulation,1,ACT NOW
09-207,2009-04-29,Jardine Cribs,"Sleep — cribs, bassinets, loungers",entrapment|strangulation,1,ACT NOW
09-206,2009-04-29,babyGap Children's Coats,Sleepwear & apparel,choking,3,ACT NOW
09-203,2009-04-28,Dinosaur Play Sets,Outdoor & play equipment,lead,4,ACT SOON
09-202,2009-04-28,Under Armour Athletic Cups,Feeding & high chairs,,4,ACT SOON
09-200,2009-04-23,Full Length Women's Chenille Robes,Sleepwear & apparel,burn|flammable,3,ACT NOW
09-737,2009-04-21,Playground Equipment,Outdoor & play equipment,chemical|lead,4,ACT SOON
09-195,2009-04-15,Shape-O Toy Maracas,Toys,choking|suffocation,1,ACT NOW
09-190,2009-04-08,CARS Fleece Clog Children's Shoes,Sleepwear & apparel,choking,3,ACT NOW
09-187,2009-04-06,nan,"Sleep — cribs, bassinets, loungers",,4,ACT SOON
09-186,2009-04-06,Zoo Pacifiers,Feeding & high chairs,choking,3,ACT NOW
09-181,2009-04-01,SunKids Convertible Cribs,"Sleep — cribs, bassinets, loungers",entrapment|fall|suffocation,1,ACT NOW
09-178,2009-04-01,Evenflo EnvisionTM Highchairs,Feeding & high chairs,choking|fall,3,ACT NOW
09-177,2009-04-01,Evenflo MajesticTM Highchairs,Feeding & high chairs,choking|fall,3,ACT NOW
09-176,2009-03-31,What's Inside? Soft Toy Boxes,Toys,choking,3,ACT NOW
09-168,2009-03-24,Hooded Fleece Sweatshirts,Sleepwear & apparel,entanglement|strangulation,1,ACT NOW
09-167,2009-03-24,Hooded Fleece Sweatshirts,Sleepwear & apparel,entanglement|strangulation,1,ACT NOW
09-166,2009-03-24,Children's Fishing Poles,,lead,4,ACT SOON
09164,2009-03-24,Hooded Fleece Sweatshirts,Sleepwear & apparel,entanglement|strangulation,1,ACT NOW
09-163,2009-03-24,O'Neill Children's Sweatshirts with Drawstrings,Sleepwear & apparel,entanglement|strangulation,1,ACT NOW
09-162,2009-03-24,Children's Hooded Fleece Jackets,Sleepwear & apparel,entanglement|strangulation,1,ACT NOW
09-161,2009-03-23,Baby Necessities pacifiers,Feeding & high chairs,choking,3,ACT NOW
09-160,2009-03-23,3-in-1 High Chairs,Feeding & high chairs,fall,3,ACT NOW
09-729,2009-03-17,Various containers used in instructional kits,Bath & water safety,lead,4,ACT SOON
09-158,2009-03-17,Solar System Kits and DNA Kits,Toys,lead,3,ACT NOW
09-157,2009-03-16,Nordstrom Girl's Shoes,Sleepwear & apparel,lead,4,ACT SOON
09-156,2009-03-16,State Farm Good Neigh Bears,,choking,3,ACT NOW
09-154,2009-03-11,Hooded sweatshirts,Sleepwear & apparel,entanglement|strangulation,1,ACT NOW
09-150,2009-03-11,Shakespeare Casting Game and Fishing Kits,Toys,lead,3,ACT NOW
09-148,2009-03-10,DBX Glide Boys Ice Skates,,lead,4,ACT SOON
09-146,2009-03-10,nan,Toys,,4,ACT SOON
09-143,2009-03-04,Radson Wall-Mounted Radiators,,fall,3,ACT NOW
09-137,2009-03-02,Children's flip flops,Feeding & high chairs,lead,3,ACT NOW
09-136,2009-02-24,"Fishing Games, Rattles, Pull-A-Long Cars, Mini Pull Back Cars, and Cartoon Bubble Guns",Toys,choking|lead,3,ACT NOW
09-134,2009-02-18,Stuffed Animal and Creature Toys,Toys,choking,3,ACT NOW
09-131,2009-02-16,Evenflo Activity Centers,"Walkers, swings & bouncers",fall,3,ACT NOW
09-129,2009-02-11,Hooded Drawstring Sweatshirts,Sleepwear & apparel,entanglement,4,ACT SOON
09-128,2009-02-11,"Playhouse Disney ""Handy Manny"" Toy Tool Sets",Outdoor & play equipment,choking,3,ACT NOW
09-122,2009-02-09,Golfer's Billiard Games,Toys,lead,3,ACT NOW
09-117,2009-02-03,Safety 1st SmartLight Stair Gates,Sleepwear & apparel,fall,3,ACT NOW
09-094,2009-02-03,Harajuku Lovers Hooded Jackets,Sleepwear & apparel,entanglement|strangulation,1,ACT NOW
09-113,2009-01-28,Construction Play Sets,Outdoor & play equipment,lead,4,ACT SOON
09-111,2009-01-28,Skull-And-Crossbones Necklaces,Jewelry & accessories,chemical|lead,3,ACT NOW
09-108,2009-01-27,Home Sweet Playhome Canopies,Jewelry & accessories,entrapment|strangulation,1,ACT NOW
09-718,2009-01-26,Jesus Fish Beads,,lead,4,ACT SOON
09-107,2009-01-26,Lip Gloss Keychains,Jewelry & accessories,chemical|lead,3,ACT NOW
09-106,2009-01-26,High School Musical Manicure Kits,Sleepwear & apparel,chemical|lead,4,ACT SOON
09-103,2009-01-21,Tony Hawk Boy's Pajama Sets,Sleepwear & apparel,burn|flammable,3,ACT NOW
09-097,2009-01-14,Children's Sunglasses,Jewelry & accessories,lead,3,ACT NOW
09-101,2009-01-14,nan,Toys,,4,ACT SOON
09-098,2009-01-14,RainforestTM Portable Play Yards manufactured by Simplicity Inc. and SFCA Inc.,"Sleep — cribs, bassinets, loungers",entrapment|fall,1,ACT NOW
09-097,2009-01-14,Children's Sunglasses,Jewelry & accessories,lead,3,ACT NOW
09-095,2009-01-13,Rolling Toy Xylophones,Toys,choking,3,ACT NOW
09-093,2009-01-12,Stork Craft Baby Cribs,"Sleep — cribs, bassinets, loungers",entrapment|fall|suffocation,1,ACT NOW
09-091,2009-01-12,"""High Speed"" Pull Back Toy Cars",Toys,lead,3,ACT NOW
09-090,2009-01-12,Roman Shades and Roll-up Blinds,Window coverings & cords,strangulation,1,ACT NOW
09-089,2009-01-12,Flashing Pacifiers,Feeding & high chairs,choking|strangulation,1,ACT NOW
09-087,2009-01-11,TaggiesTM Sleep'n Play Infant Garments,Sleepwear & apparel,choking,3,ACT NOW
09-084,2009-01-05,Jardine Cribs,"Sleep — cribs, bassinets, loungers",entrapment|strangulation,1,ACT NOW
09-083,2009-01-05,Girls Blue Denim Passport Jackets,Sleepwear & apparel,entanglement|strangulation,1,ACT NOW
,2008-12-31,nan,"Sleep — cribs, bassinets, loungers",,4,ACT SOON
09-079,2008-12-29,Boy's Reversible Vests,,choking,3,ACT NOW
09-076,2008-12-22,Calypso Steel Drums,Toys,lead,3,ACT NOW
09-075,2008-12-22,Newport Rubbed Black 4-in-1 Cribs and Matching Furniture,"Sleep — cribs, bassinets, loungers",lead,4,ACT SOON
09-072,2008-12-22,Foursquare Hooded Jackets,Sleepwear & apparel,entanglement|strangulation,1,ACT NOW
09-071,2008-12-17,Children's Jewelry,Jewelry & accessories,chemical|lead,3,ACT NOW
09-069,2008-12-17,Evenflo MajesticTM Highchairs,Feeding & high chairs,choking|fall,3,ACT NOW
09-068,2008-12-16,"""Dinosaur Epoch"" Toy Dinosaurs",Toys,lead,3,ACT NOW
09-067,2008-12-16,Phil & Teds Dash Buggy Strollers,Strollers & carriers,fall,3,ACT NOW
09-711,2008-12-03,Toddler Girl's Hat and Mitten Sets,Sleepwear & apparel,choking|fall|magnet,2,ACT NOW
09-060,2008-12-02,Army Figures,Toys,lead,3,ACT NOW
09-059,2008-12-02,Groovy FashionsTM Sassy JammiesTM Doll Clothing Sets,Toys,lead,3,ACT NOW
09-056,2008-11-24,Arizona® Newborn and Infant Denim Pants,,choking,3,ACT NOW
09-052,2008-11-19,Bead Maze Toys,Toys,laceration,3,ACT NOW
09-051,2008-11-19,Insulated Black-Out Roller Shades and Insulated Roman Shades,Window coverings & cords,strangulation,1,ACT NOW
09-050,2008-11-19,IRIS and ALVINE Roman Blinds,Window coverings & cords,strangulation,1,ACT NOW
09-048,2008-11-18,Dive Sticks,Toys,,4,ACT SOON
09-047,2008-11-18,Young Colors Children's Hooded Jackets,Sleepwear & apparel,entanglement|strangulation,1,ACT NOW
09-044,2008-11-12,Children's Two-Way Radios,Toys,burn,3,ACT NOW
09-043,2008-11-12,CORAL Swim 'N Score Pool Stix,Outdoor & play equipment,fall,3,ACT NOW
09-039,2008-11-04,nan,Jewelry & accessories,,4,ACT SOON
09-038,2008-11-03,"""Mini-Televisor"" Toys",Toys,lead,3,ACT NOW
09-037,2008-11-03,Toy Xylophones,Toys,lead,3,ACT NOW
09-030,2008-10-29,nan,Toys,,4,ACT SOON
09-021,2008-10-22,nan,Outdoor & play equipment,,4,ACT SOON
09-017,2008-10-20,nan,"Sleep — cribs, bassinets, loungers",,4,ACT SOON
09-016,2008-10-20,nan,"Sleep — cribs, bassinets, loungers",,4,ACT SOON
09-015,2008-10-15,nan,"Sleep — cribs, bassinets, loungers",,4,ACT SOON
09-014,2008-10-15,nan,"Walkers, swings & bouncers",,4,ACT SOON
09-012,2008-10-14,nan,Toys,,4,ACT SOON
09-011,2008-10-13,nan,Toys,,4,ACT SOON
09-007,2008-10-08,nan,Toys,,4,ACT SOON
09-006,2008-10-07,nan,Sleepwear & apparel,,4,ACT SOON
09-003,2008-10-06,nan,Jewelry & accessories,,4,ACT SOON
08-415,2008-09-29,nan,Toys,,4,ACT SOON
08-412,2008-09-24,nan,Toys,,4,ACT SOON
08-404,2008-09-22,nan,,,4,ACT SOON
08-401,2008-09-16,nan,"Sleep — cribs, bassinets, loungers",,4,ACT SOON
08-400,2008-09-15,nan,,,4,ACT SOON
08-399,2008-09-15,nan,Feeding & high chairs,,4,ACT SOON
08-396,2008-09-10,nan,"Sleep — cribs, bassinets, loungers",,4,ACT SOON
08-395,2008-09-09,nan,Toys,,4,ACT SOON
08-389,2008-09-02,nan,Strollers & carriers,,4,ACT SOON
08-386,2008-09-02,nan,Sleepwear & apparel,,4,ACT SOON
08-383,2008-09-01,nan,Sleepwear & apparel,,4,ACT SOON
08-604,2008-08-28,Yayita Baby Hammocks,"Sleep — cribs, bassinets, loungers",entrapment|fall|strangulation,1,ACT NOW
08-382,2008-08-28,nan,,,4,ACT SOON
08-381,2008-08-27,nan,"Sleep — cribs, bassinets, loungers",,4,ACT SOON
08-380,2008-08-27,nan,Toys,,4,ACT SOON
08-377,2008-08-27,nan,Strollers & carriers,,4,ACT SOON
08-373,2008-08-25,nan,Strollers & carriers,,4,ACT SOON
08-599,2008-08-11,nan,Sleepwear & apparel,,4,ACT SOON
08-362,2008-08-06,nan,Toys,,4,ACT SOON
08-358,2008-08-05,nan,Sleepwear & apparel,,4,ACT SOON
08-357,2008-08-05,nan,Sleepwear & apparel,,4,ACT SOON
08-356,2008-08-05,nan,Sleepwear & apparel,,4,ACT SOON
08-351,2008-08-04,nan,"Sleep — cribs, bassinets, loungers",,4,ACT SOON
08-350,2008-08-04,nan,"Sleep — cribs, bassinets, loungers",,4,ACT SOON
08-347,2008-07-28,nan,Toys,,4,ACT SOON
08-597,2008-07-24,nan,Toys,,4,ACT SOON
08-345,2008-07-23,nan,Toys,,4,ACT SOON
08-344,2008-07-23,nan,Toys,,4,ACT SOON
08-343,2008-07-23,nan,Toys,,4,ACT SOON
08-341,2008-07-23,nan,Toys,,4,ACT SOON
08-336,2008-07-21,nan,Feeding & high chairs,,4,ACT SOON
08-327,2008-07-09,nan,Sleepwear & apparel,,4,ACT SOON
08-326,2008-07-09,nan,Jewelry & accessories,,4,ACT SOON
08-324,2008-07-02,nan,Jewelry & accessories,,4,ACT SOON
08-323,2008-07-02,nan,Toys,,4,ACT SOON
08-318,2008-06-30,nan,Toys,,4,ACT SOON
08-317,2008-06-30,nan,Sleepwear & apparel,,4,ACT SOON
08-316,2008-06-26,nan,Sleepwear & apparel,,4,ACT SOON
08-315,2008-06-25,nan,Toys,,4,ACT SOON
08-314,2008-06-25,nan,"Sleep — cribs, bassinets, loungers",,4,ACT SOON
08-312,2008-06-24,Jardine Cribs,"Sleep — cribs, bassinets, loungers",entrapment|strangulation,1,ACT NOW
08-311,2008-06-23,nan,Sleepwear & apparel,,4,ACT SOON
08-305,2008-06-11,nan,Toys,,4,ACT SOON
08-304,2008-06-11,nan,Sleepwear & apparel,,4,ACT SOON
08-302,2008-06-09,nan,Sleepwear & apparel,,4,ACT SOON
08-582,2008-06-04,nan,Toys,,4,ACT SOON
08-581,2008-06-04,nan,"Sleep — cribs, bassinets, loungers",,4,ACT SOON
08-298,2008-06-04,nan,Sleepwear & apparel,,4,ACT SOON
08-296,2008-06-04,nan,"Sleep — cribs, bassinets, loungers",,4,ACT SOON
08-579,2008-06-02,nan,Jewelry & accessories,,4,ACT SOON
08-294,2008-05-28,nan,Toys,,4,ACT SOON
08-293,2008-05-28,nan,Toys,,4,ACT SOON
08-290,2008-05-27,nan,Toys,,4,ACT SOON
08-288,2008-05-27,nan,Sleepwear & apparel,,4,ACT SOON
08-575,2008-05-26,nan,Helmets & wheeled toys,,4,ACT SOON
08-285,2008-05-21,nan,Toys,,4,ACT SOON
08-284,2008-05-21,nan,Toys,,4,ACT SOON
08-283,2008-05-21,Yellow Sure Grip Paint Brushes,,,4,ACT SOON
08-282,2008-05-21,nan,,,4,ACT SOON
08-280,2008-05-21,nan,,,4,ACT SOON
08-279,2008-05-21,nan,Toys,,4,ACT SOON
08-278,2008-05-21,nan,"Sleep — cribs, bassinets, loungers",,4,ACT SOON
08-275,2008-05-19,Lil' SnugglersTM Children's Blankets,Sleep — mattresses & bedding,strangulation,1,ACT NOW
08-272,2008-05-19,Cowboy on a Horse Little Rider Toys,Toys,lead,3,ACT NOW
08-268,2008-05-14,nan,Toys,,4,ACT SOON
08-266,2008-05-14,Squeeze Kids Girl's Corduroy Jackets,Toys,entanglement|strangulation,1,ACT NOW
08-571,2008-05-12,Children's Rain Ponchos,Sleepwear & apparel,entanglement|strangulation,1,ACT NOW
08-263,2008-05-08,Deluxe Bottle and Food Warmers,Feeding & high chairs,fire|overheat,3,ACT NOW
08-260,2008-04-30,Children's Storage Bins,,lead,4,ACT SOON
08-258,2008-04-28,Rio Beach® High-Boy Folding Beach Chairs,,fall,3,ACT NOW
08-257,2008-04-28,Character-themed lapel pins,Toys,chemical|lead,3,ACT NOW
08-563,2008-04-23,Infant Santa Outfits,Sleepwear & apparel,choking,3,ACT NOW
08-562,2008-04-23,Basketball and Flower Tables,,lead,4,ACT SOON
08-253,2008-04-21,Beco Baby Butterfly Carriers,Car seats & travel,fall,3,ACT NOW
08-249,2008-04-15,Western Rider Push Toys,Toys,lead,3,ACT NOW
08-248,2008-04-09,Flower Writers; Christmas Writers; Easter Writers; and Spooky Writers Seasonal Writing Pens,,lead,4,ACT SOON
08-247,2008-04-09,nan,,,4,ACT SOON
08-246,2008-04-08,nan,Toys,,4,ACT SOON
08-245,2008-04-07,nan,Toys,,4,ACT SOON
08-243,2008-04-06,nan,Toys,,4,ACT SOON
08-242,2008-04-02,nan,"Walkers, swings & bouncers",,4,ACT SOON
08-239,2008-04-02,nan,Jewelry & accessories,,4,ACT SOON
08-238,2008-04-01,nan,Sleepwear & apparel,,4,ACT SOON
08-236,2008-03-31,nan,,,4,ACT SOON
08-234,2008-03-27,nan,Sleepwear & apparel,,4,ACT SOON
08-554,2008-03-26,nan,Toys,,4,ACT SOON
08-233,2008-03-26,nan,"Walkers, swings & bouncers",,4,ACT SOON
08-553,2008-03-25,nan,Toys,,4,ACT SOON
08-231,2008-03-24,nan,Feeding & high chairs,,4,ACT SOON
08-230,2008-03-24,nan,Toys,,4,ACT SOON
08-229,2008-03-20,nan,,,4,ACT SOON
08-551,2008-03-19,nan,Toys,,4,ACT SOON
08-226,2008-03-17,nan,,,4,ACT SOON
08-223,2008-03-16,nan,Toys,,4,ACT SOON
08-220,2008-03-12,nan,Toys,,4,ACT SOON
08-219,2008-03-11,nan,Toys,,4,ACT SOON
08-217,2008-03-10,nan,Sleepwear & apparel,,4,ACT SOON
08-215,2008-03-10,nan,Strollers & carriers,,4,ACT SOON
08-208,2008-03-04,nan,Toys,,4,ACT SOON
08-207,2008-03-04,nan,Sleepwear & apparel,,4,ACT SOON
08-202,2008-02-27,nan,"Sleep — cribs, bassinets, loungers",,4,ACT SOON
08-200,2008-02-22,Children's Metal Necklaces,Jewelry & accessories,chemical|lead,3,ACT NOW
08-546,2008-02-21,nan,,,4,ACT SOON
08-196,2008-02-19,Spiderman® Water Bottles,Feeding & high chairs,choking|fall,3,ACT NOW
08-195,2008-02-18,nan,Toys,,4,ACT SOON
08-544,2008-02-13,nan,"Sleep — cribs, bassinets, loungers",,4,ACT SOON
08-194,2008-02-13,A Life of Faith Charm Bracelet Sets,Jewelry & accessories,lead,3,ACT NOW
08-192,2008-02-12,nan,Sleepwear & apparel,,4,ACT SOON
08-190,2008-02-11,nan,Toys,,4,ACT SOON
08-543,2008-02-07,nan,,,4,ACT SOON
08-188,2008-02-06,nan,Toys,,4,ACT SOON
08-186,2008-02-06,nan,Helmets & wheeled toys,,4,ACT SOON
08-185,2008-02-05,nan,Sleepwear & apparel,,4,ACT SOON
08-184,2008-02-05,nan,,,4,ACT SOON
08-183,2008-02-04,nan,Toys,,4,ACT SOON
08-541,2008-01-30,nan,,,4,ACT SOON
08-178,2008-01-30,nan,Feeding & high chairs,,4,ACT SOON
08-177,2008-01-30,nan,Sleepwear & apparel,,4,ACT SOON
08-176,2008-01-30,nan,"Sleep — cribs, bassinets, loungers",,4,ACT SOON
08-539,2008-01-23,nan,,,4,ACT SOON
08-174,2008-01-23,nan,Toys,,4,ACT SOON
08-172,2008-01-22,nan,Toys,,4,ACT SOON
08-169,2008-01-16,nan,Toys,,4,ACT SOON
08-537,2008-01-15,nan,,,4,ACT SOON
08-165,2008-01-15,nan,,,4,ACT SOON
08-164,2008-01-14,nan,Toys,,4,ACT SOON
08-162,2008-01-09,nan,,,4,ACT SOON
08-160,2008-01-09,nan,Feeding & high chairs,,4,ACT SOON
08-158,2008-01-09,nan,,,4,ACT SOON
08-156,2008-01-07,nan,Helmets & wheeled toys,,4,ACT SOON
08-154,2008-01-02,nan,Toys,,4,ACT SOON
08-152,2007-12-26,"""Warmest Jacket"" Boys' Jackets",Sleepwear & apparel,entanglement|entrapment,1,ACT NOW
08-150,2007-12-26,Tot Tower toy blocks,Toys,choking,3,ACT NOW
08-149,2007-12-20,Super Magnets,Toys,choking|magnet,2,ACT NOW
08-148,2007-12-20,Sterling Silver Teething Rings,Sleepwear & apparel,choking,3,ACT NOW
08-146,2007-12-20,Jewel brand girls' hooded sweatshirts,Sleepwear & apparel,entanglement|strangulation,1,ACT NOW
08-529,2007-12-18,Holiday Cosmetics Stuffer Bears,Jewelry & accessories,choking,3,ACT NOW
08-528,2007-12-18,Giant Measuring Chart,Jewelry & accessories,lead,3,ACT NOW
08-141,2007-12-18,Soldier Bear Toys,Toys,lead,3,ACT NOW
08-526,2007-12-12,Children's Robbie Ducky Holiday Water Globes,Toys,lead,3,ACT NOW
08-135,2007-12-12,Infantino® Lion Teethers,Feeding & high chairs,choking,3,ACT NOW
08-133,2007-12-12,Baby Toys Baby Bead & Wire Toys and Speed Racer Pull Back & Go Action! Cars,Toys,lead,3,ACT NOW
08-132,2007-12-12,Codeena Princess Children's Metal Jewlery,Jewelry & accessories,chemical|lead,3,ACT NOW
08-131,2007-12-12,Bunk Beds,Nursery furniture & tip-over,entrapment|strangulation,1,ACT NOW
08-130,2007-12-11,Fishing Games,Toys,lead,3,ACT NOW
08-128,2007-12-11,Horseshoe Magnets,Toys,lead|magnet,2,ACT NOW
08-113,2007-12-10,Xplory® Baby Strollers,Strollers & carriers,fall,3,ACT NOW
08-087,2007-12-06,Children's Sunglasses,Jewelry & accessories,lead,3,ACT NOW
08-117,2007-12-06,Basic Editions-brand girls' clothing sets,Sleepwear & apparel,entanglement|entrapment,1,ACT NOW
08-121,2007-12-05,Boys' hooded sweatshirts,Sleepwear & apparel,entanglement|strangulation,1,ACT NOW
08-120,2007-12-05,The First Years Newborn-to-Toddler Reclining Feeding Seats,,fall,3,ACT NOW
08-119,2007-12-05,First Years 3-in-1 Flush and Sounds Potty Seats,Sleepwear & apparel,lead,4,ACT SOON
08-118,2007-12-05,Personal Identity-brand V-neck sweaters with hood,Sleepwear & apparel,entanglement|strangulation,1,ACT NOW
08-116,2007-12-05,nan,Sleepwear & apparel,,4,ACT SOON
08-114,2007-12-04,Entertainment Centers,Nursery furniture & tip-over,fall,3,ACT NOW
08-112,2007-12-04,Collectible Mini Helmets,Helmets & wheeled toys,lead,4,ACT SOON
08-108,2007-12-02,Performance Fleece-Lined boys' jackets,Sleepwear & apparel,entanglement|entrapment,1,ACT NOW
08-107,2007-11-28,DesignWare® Confetti Bursts,,lead,4,ACT SOON
08-105,2007-11-27,"2006 Snow Princess Stirrup Ornaments, 2007 Holiday Stirrup Ornaments, 2007 Photo Frame Horse Shoe Ornaments",Sleepwear & apparel,lead,4,ACT SOON
08-103,2007-11-26,Children's fleece hooded zip-up jackets with neck drawstrings,Sleepwear & apparel,entanglement|strangulation,1,ACT NOW
08-519,2007-11-20,Snow and Sand Castle Kits,Sleepwear & apparel,laceration,3,ACT NOW
08-099,2007-11-20,Flashing Pacifiers or 2-in-1 Flashing Pacifiers with Whistle Necklaces,Feeding & high chairs,choking,3,ACT NOW
08-097,2007-11-20,Boppy® Slipcovers,Jewelry & accessories,choking|lead,3,ACT NOW
08-096,2007-11-20,Children's Pencil Pouches,Jewelry & accessories,lead,3,ACT NOW
08-095,2007-11-20,Sparkle City Charm Bracelets and Tack Pin Sets,Jewelry & accessories,chemical|lead,3,ACT NOW
08-094,2007-11-20,Decorative Stretchable Aqua Bracelets,Jewelry & accessories,chemical|lead,3,ACT NOW
08-093,2007-11-20,Children's Metal Necklaces and Bracelets,Jewelry & accessories,chemical|lead,3,ACT NOW
08-092,2007-11-20,La Femme NY Children's Necklace and Earring Sets,Jewelry & accessories,chemical|lead,3,ACT NOW
08-091,2007-11-20,Crystal Innovations jewelry,Jewelry & accessories,chemical|lead,3,ACT NOW
08-090,2007-11-20,Shaving Paint Brushes,,lead,4,ACT SOON
08-088,2007-11-20,Rachel Rose and Distinctly Basics Assorted Metal Jewelry,Toys,chemical|lead,3,ACT NOW
08-085,2007-11-15,Home Trend Kids 9 Canvas Bin Boy's and Girl's Organizers,,entrapment|suffocation|tipover,1,ACT NOW
08-084,2007-11-15,Halloween-Themed Baskets,,lead,4,ACT SOON
08-517,2007-11-14,Girls and Boys Bath Robes,Sleepwear & apparel,burn|fire|flammable,3,ACT NOW
08-081,2007-11-12,Football Helmet Chin Straps,Helmets & wheeled toys,,4,ACT SOON
08-080,2007-11-07,Children's Fashion Sunglasses,Toys,lead,3,ACT NOW
08-079,2007-11-07,Curious George Plush Dolls,Toys,lead,3,ACT NOW
08-076,2007-11-07,Portable DVD/CD/MP3 Players,,fire|overheat,3,ACT NOW
08-075,2007-11-07,Wendy Bellissimo Collection Convertible Cribs,"Sleep — cribs, bassinets, loungers",entrapment|strangulation,1,ACT NOW
08-074,2007-11-06,Aqua Dots,Sleepwear & apparel,chemical,4,ACT SOON
08-072,2007-11-06,"""Robot 2000"" collectable tin robot",Toys,lead,3,ACT NOW
08-071,2007-11-06,Dizzy Ducks Music Box,,lead,4,ACT SOON
08-070,2007-11-06,Winnie-the-Pooh Spinning Top,,lead,4,ACT SOON
08-069,2007-11-06,Duck Family Collectable Wind-Up Toy,Toys,lead,3,ACT NOW
08-068,2007-11-06,Pull-Back Action Toy Cars,Toys,lead,3,ACT NOW
08-067,2007-11-06,Dragster and Funny Car toy,Toys,lead,3,ACT NOW
08-066,2007-11-06,"""Big Red"" Wagons",Helmets & wheeled toys,lead,4,ACT SOON
08-065,2007-11-05,"""Skippy"" Pool Toys",Outdoor & play equipment,,4,ACT SOON
08-063,2007-11-05,Laugh & LearnTM Learning KitchenTM Toys,Toys,choking,3,ACT NOW
08-058,2007-10-31,Decorative Packaging Pearl-like Bead Attachments sold with Girl's Gift Sets,Household chemicals,lead,3,ACT NOW
08-060,2007-10-30,"""Galaxy Warriors"" Toy Figures",Toys,lead,3,ACT NOW
08-059,2007-10-30,"""Ugly Teeth"" Party Favors",,lead,4,ACT SOON
08-057,2007-10-30,Elite Operations Toys,Toys,lead,3,ACT NOW
08-056,2007-10-30,Ribbit Board Games,Toys,lead,3,ACT NOW
08-051,2007-10-24,Purple Halloween Pails with Witch Decorations,Bath & water safety,lead,4,ACT SOON
08-050,2007-10-24,Football Bobble Head Cake Decorations,,lead,4,ACT SOON
08-049,2007-10-24,Children's Toy Gardening Tools,Toys,lead,3,ACT NOW
08-048,2007-10-24,Go Diego Go Animal Rescue Boats,Toys,lead,3,ACT NOW
08-046,2007-10-24,"Bumbo ""Baby Sitter"" Seats",Household chemicals,fall,3,ACT NOW
08-045,2007-10-24,"Beary Cute, Expressions, and Sassy & Chic Children's Metal Jewelry",Toys,chemical|lead,3,ACT NOW
08-044,2007-10-24,WeGlow Children's Metal Jewelry,Jewelry & accessories,chemical|lead,3,ACT NOW
08-039,2007-10-22,"Magnetic Game Pieces sold with ""Cars"" Themed Backpacks",Toys,choking|fall|magnet,2,ACT NOW
08-037,2007-10-17,Toy Pirate Swords,Toys,laceration,3,ACT NOW
08-036,2007-10-17,"Inflator Air Pumps (sold separately and included with ""Launch Pod"" Water Trampolines)",Outdoor & play equipment,laceration|overheat,3,ACT NOW
08-034,2007-10-17,"Girls' ""Hannah Montana"" Boots",Sleepwear & apparel,fall,3,ACT NOW
08-031,2007-10-17,Tabletop Puppet Theaters,Toys,lead,3,ACT NOW
08-033,2007-10-16,Skull Pails Filled With Halloween Candy Mix,Feeding & high chairs,lead,3,ACT NOW
08-032,2007-10-16,Cool ClipTM and Mini Cool ClipTM Bookmarks,,lead,4,ACT SOON
08-030,2007-10-16,Pink and Orange Glow Sticks (free giveaway with donuts),Sleepwear & apparel,choking|strangulation,1,ACT NOW
08-028,2007-10-15,"2007 Huffy ""Howler"" and ""Highland"" Bicycles",Helmets & wheeled toys,fall,3,ACT NOW
08-027,2007-10-15,Oro Disc Brakes used on bicycles,Feeding & high chairs,,4,ACT SOON
08-501,2007-10-10,Kidnastics Balance Beams,,lead,4,ACT SOON
08-024,2007-10-10,Breyer 2006 Stirrup Ornaments,,lead,4,ACT SOON
08-023,2007-10-10,Deluxe Wood Art Sets,,lead,4,ACT SOON
08-022,2007-10-10,DisneyTM Deluxe Winnie-the-Pooh 23-Piece Play Sets,Outdoor & play equipment,lead,4,ACT SOON
08-021,2007-10-10,Princess Magnetic Travel Art Set Lap Desks,Toys,lead|magnet,2,ACT NOW
08-020,2007-10-10,Bendable Dinosaur Toys,Toys,lead,3,ACT NOW
08-019,2007-10-10,"Collectible ""Jeff Gordon"" Mini Helmets",Helmets & wheeled toys,lead,4,ACT SOON
08-018,2007-10-08,Cub Scouts Totem Badges,,lead,4,ACT SOON
08-017,2007-10-08,Starbucks Children's Plastic Cups,Feeding & high chairs,choking|laceration,3,ACT NOW
08-013,2007-10-04,Razor® E300 Electric Scooters,Helmets & wheeled toys,fall,3,ACT NOW
08-011,2007-10-03,Alpine Design Aluminum Water Bottles,Feeding & high chairs,lead,3,ACT NOW
08-010,2007-10-03,Bookmarks and Journals,Jewelry & accessories,lead,3,ACT NOW
08-009,2007-10-03,Key Chains,Toys,chemical|lead,3,ACT NOW
08-008,2007-10-03,Totally Me! - Funky Room Décor Sets,Toys,lead,3,ACT NOW
08-007,2007-10-03,Frankenstein Tumblers,Feeding & high chairs,lead,3,ACT NOW
08-006,2007-10-03,"""Pirates of the Caribbean"" Medallion Squeeze Lights",Toys,lead,3,ACT NOW
08-005,2007-10-03,Baby Einstein Discover & Play Color Blocks,,lead,4,ACT SOON
08-004,2007-10-03,"Wooden Pull-Along Alphabet & Math Blocks Wagons, Wooden Pull-Along Learning Blocks Wagons, 10-in-1 Activity Learning Carts, and Flip-Flop Alphabet Blocks",Toys,lead,3,ACT NOW
08-002,2007-10-01,Plush Boys Rattles,Toys,,4,ACT SOON
07-317,2007-09-27,Mini Zooper Doll Strollers,Strollers & carriers,entrapment,1,ACT NOW
07-314,2007-09-25,TOBY & ME Jewelry Sets,Jewelry & accessories,chemical|lead,3,ACT NOW
07-313,2007-09-25,Children's Spinning Wheel-Metal Necklaces,Jewelry & accessories,chemical|lead,3,ACT NOW
07-311,2007-09-25,Children's Toy Rake,Toys,lead,3,ACT NOW
07-310,2007-09-25,"Britain's ""Knights of the Sword"" Series Toys",Toys,lead,3,ACT NOW
07-309,2007-09-25,Happy Giddy Gardening Tools and Children's Sunny Patch Chairs,Toys,lead,3,ACT NOW
07-308,2007-09-25,Various Thomas and FriendsTM Wooden Railway Toys,Toys,lead,3,ACT NOW
07-312,2007-09-25,Floor Puppet Theaters,Toys,lead,3,ACT NOW
07-579,2007-09-24,Single Post Swing Sets,"Walkers, swings & bouncers",fall,3,ACT NOW
07-307,2007-09-20,Simplicity cribs,"Sleep — cribs, bassinets, loungers",entrapment|suffocation,1,ACT NOW
07-578,2007-09-17,Novara Afterburner Trailer Bicycles,Helmets & wheeled toys,fall,3,ACT NOW
07-315,2007-09-05,Kolcraft Play Yards,"Sleep — cribs, bassinets, loungers",entrapment|strangulation|suffocation,1,ACT NOW
07-574,2007-09-03,Jubee Bunk Beds,Nursery furniture & tip-over,fall,3,ACT NOW
07-303,2007-09-03,Big Big World 6-in-1 Bongo Band toys,Toys,lead,3,ACT NOW
07-302,2007-09-03,Geo Trax Locomotive Toys,Toys,lead,3,ACT NOW
07-301,2007-09-03,Various Barbie Accessory Toys,Toys,lead,3,ACT NOW
07-300,2007-09-03,"""Moderne"" and ""Loft"" Cribs","Sleep — cribs, bassinets, loungers",entrapment|strangulation,1,ACT NOW
07-573,2007-08-29,Zippity Hoodie and Sherpa Full Zip Children's Hooded Sweatshirts with Drawstrings,Sleepwear & apparel,entanglement|strangulation,1,ACT NOW
07-299,2007-08-29,Imaginarium Wooden Coloring Cases,Toys,lead,3,ACT NOW
07-572,2007-08-28,Ceramic Oil Torch Lamps,Lighters & fire hazards,burn|fire,3,ACT NOW
07-294,2007-08-28,Toddler and Youth Nylon Bucket Hats,Bath & water safety,entanglement|strangulation,1,ACT NOW
07-290,2007-08-27,Robbie DuckyTM Kids Watering Cans,Toys,chemical|lead,3,ACT NOW
07-286,2007-08-22,Sleepi Crib Foam Mattresses,"Sleep — cribs, bassinets, loungers",entrapment,1,ACT NOW
07-284,2007-08-22,Basic Editions-brand Girls' Clothing Sets,Sleepwear & apparel,entanglement|strangulation,1,ACT NOW
07-283,2007-08-21,SpongeBob SquarePantsTM Address Books and Journals,Sleepwear & apparel,chemical|lead,4,ACT SOON
07-282,2007-08-21,Spinning Tops and Tin Pails,Bath & water safety,chemical|lead,4,ACT SOON
07-281,2007-08-21,Children's Divine Inspiration Charm Bracelets,Jewelry & accessories,chemical|lead,3,ACT NOW
07-280,2007-08-21,TOBY & ME Jewelry Sets,Jewelry & accessories,chemical|lead,3,ACT NOW
07-273,2007-08-13,Various Polly Pocket dolls and accessories with magnets,Outdoor & play equipment,choking|magnet,2,ACT NOW
07-272,2007-08-13,Doggie Day CareTM play sets,Outdoor & play equipment,choking|fall|magnet,2,ACT NOW
07-271,2007-08-13,Barbie and TannerTM play sets,Outdoor & play equipment,choking|magnet,2,ACT NOW
07-270,2007-08-13,"""Sarge"" die cast toy cars",Toys,chemical|lead,3,ACT NOW
07-269,2007-08-13,BatmanTM and One PieceTM magnetic action figure sets,Toys,choking|fall|magnet,2,ACT NOW
07-262,2007-08-02,Basic Blindz® Window Blinds,Window coverings & cords,strangulation,1,ACT NOW
07-261,2007-08-02,Stuffed Plush Horse/Pillows and Fairy Dolls,"Sleep — cribs, bassinets, loungers",choking,3,ACT NOW
07-254,2007-07-25,Pacifiers decorated with Swarovski crystals,Feeding & high chairs,choking,3,ACT NOW
07-251,2007-07-24,TV Stands,Nursery furniture & tip-over,fall,3,ACT NOW
07-252,2007-07-23,Matelassé Crib Bumpers,"Sleep — cribs, bassinets, loungers",entanglement,4,ACT SOON
07-246,2007-07-18,"Playskool Toddler ""NoSpill"" Sippy Cups",Feeding & high chairs,choking,3,ACT NOW
07-245,2007-07-18,Easy-Bake Ovens,Toys,burn|entrapment,1,ACT NOW
07-239,2007-07-17,Soldier Bear Brand Toy Sets,Toys,chemical|lead,3,ACT NOW
07-241,2007-07-16,Sleeping Beauty Crown and Cinderella Star Earring Sets,Jewelry & accessories,chemical|lead,3,ACT NOW
07-236,2007-07-16,Toddler Clog Shoes,Sleepwear & apparel,choking,3,ACT NOW
07-232,2007-07-04,Essentials for Kids Jewelry Sets,Jewelry & accessories,chemical|lead,3,ACT NOW
07-231,2007-07-04,Mag Stix Magnetic Building Sets,Toys,choking|fall|magnet,2,ACT NOW
07-230,2007-07-02,Shape Sorting Toy Castles,Toys,choking,3,ACT NOW
07-226,2007-06-27,Play Wonder Toy Barbeque Grills,Toys,laceration,3,ACT NOW
07-218,2007-06-18,Butterfly Necklaces,Jewelry & accessories,chemical|lead,3,ACT NOW
07-215,2007-06-13,Pine Peak Blues Children's Jackets,Sleepwear & apparel,choking,3,ACT NOW
07-214,2007-06-13,Calypso Sandals,Sleepwear & apparel,choking,3,ACT NOW
07-210,2007-06-11,"""Accessories"" Silver Stud Earring Sets",Jewelry & accessories,chemical|lead,3,ACT NOW
07-557,2007-06-06,Red Baby Long Johns,,choking,3,ACT NOW
07-556,2007-06-06,Floating Eyeballs,Toys,,4,ACT SOON
07-208,2007-06-06,Children's Party Hats,Sleepwear & apparel,choking,3,ACT NOW
07-205,2007-06-05,Nursery-in-a-Box Cribs,"Sleep — cribs, bassinets, loungers",choking|entrapment|fall,1,ACT NOW
07-202,2007-05-30,Children's Metal Jewelry,Jewelry & accessories,chemical|lead,3,ACT NOW
07-199,2007-05-30,Sleigh Round Cribs,"Sleep — cribs, bassinets, loungers",fall,3,ACT NOW
07-197,2007-05-29,Rainforest Open Top Take-AlongTM Swings,"Walkers, swings & bouncers",entrapment,1,ACT NOW
07-196,2007-05-29,Eli's Small Drums and Liberty's Large Drums,Toys,chemical|lead,3,ACT NOW
07-193,2007-05-22,Invincibles Transport Converters Toy Sets,Toys,chemical|lead,3,ACT NOW
07-192,2007-05-22,"Ball Rattles, Wrist Rattles, Wind-Up Toys",Toys,choking,3,ACT NOW
07-551,2007-05-16,Discovery Bunny Books,Toys,choking,3,ACT NOW
07-550,2007-05-16,Baby Buddy Clip-on Books,Strollers & carriers,choking,3,ACT NOW
07-187,2007-05-16,Little Girls Capri Pants with Snap Roll Cuff,,choking,3,ACT NOW
07-549,2007-05-15,Budding Gardener Complete Gardening Set,Sleepwear & apparel,chemical|lead,4,ACT SOON
07-548,2007-05-15,Three Piece Short Sets,Sleepwear & apparel,choking,3,ACT NOW
07-189,2007-05-14,Children's Turquoise Rings,Jewelry & accessories,chemical|lead,3,ACT NOW
07-188,2007-05-14,"Children's Necklaces, Bracelets and Rings",Jewelry & accessories,chemical|lead,3,ACT NOW
07-186,2007-05-09,Evenflo EmbraceTM Infant Car Seat/Carriers,Car seats & travel,fall,3,ACT NOW
07-184,2007-05-08,Rooster Kitchen Stools,Jewelry & accessories,fall,3,ACT NOW
07-179,2007-05-02,IQ PreschoolTM Take-Apart Townhouse,Toys,choking|fall|magnet,2,ACT NOW
07-178,2007-05-02,Parents® Magazine Record-A-Voice Toy Cell Phones,Toys,choking|fall,3,ACT NOW
07-176,2007-05-01,Soft Blocks Tower Toys (on Graco® Baby Einstein® discover and playTM Activity Centers),"Walkers, swings & bouncers",choking,3,ACT NOW
07-174,2007-05-01,Children's Rings with Dice or Horseshoes,Sleepwear & apparel,chemical|lead,4,ACT SOON
07-173,2007-05-01,Anima - Bamboo Collection Games,Toys,chemical|lead,3,ACT NOW
07-172,2007-05-01,Children's Religious Fish Necklaces,Jewelry & accessories,chemical|lead,3,ACT NOW
07-171,2007-05-01,Children's Airwalk® Compel Shoes,Sleepwear & apparel,choking,3,ACT NOW
07-165,2007-04-23,Coby-Brand USB/MP3/CD Boomboxes,,fire|overheat,3,ACT NOW
07-164,2007-04-18,Magnetix Magnetic Building Sets,Toys,magnet,2,ACT NOW
07-162,2007-04-17,Infant Bouncer Seats,"Walkers, swings & bouncers",fall,3,ACT NOW
07-158,2007-04-16,Life is good® Children's Sweatshirts,Sleepwear & apparel,entanglement|strangulation,1,ACT NOW
07-157,2007-04-16,"Children's Charm Bracelets and ""Sportswear"" Necklaces",Jewelry & accessories,chemical|lead,3,ACT NOW
07-156,2007-04-16,Baby Einstein Caterpillar Sleepwear and Baby Einstein Duck Sleepwear,Sleepwear & apparel,burn|flammable,3,ACT NOW
07-154,2007-04-10,"""Sounds on the Farm"" Puzzle and ""Sounds on the Go"" Puzzle",Toys,choking,3,ACT NOW
07-152,2007-04-04,Disney Princesses Easter Baskets,Toys,choking,3,ACT NOW
07-148,2007-04-03,Little Tree Wood Activity Cart Toys,Toys,choking,3,ACT NOW
07-146,2007-04-03,"""Lovely Baby"" and ""Happy Baby"" dolls",Toys,choking,3,ACT NOW
07-145,2007-04-02,Metal Key Chains,Toys,chemical|lead,3,ACT NOW
07-144,2007-04-02,"Children's ""Groovy Grabber"" Bracelets",Jewelry & accessories,chemical|lead,3,ACT NOW
07-141,2007-03-27,Stuffed Fun Balls,Toys,chemical|lead,3,ACT NOW
07-138,2007-03-26,Baby Trend Back Pack Carriers,Sleepwear & apparel,fall,3,ACT NOW
07-137,2007-03-21,SlingRider Infant Carriers,Car seats & travel,fall,3,ACT NOW
07-536,2007-03-18,Hanna Andersson Children's Crossover Tee and Lounge Pant Sets and Cropped Johns,Sleepwear & apparel,flammable,3,ACT NOW
07-129,2007-03-14,Children's Mood Necklaces,Jewelry & accessories,chemical|lead,3,ACT NOW
07-128,2007-03-14,Children's Necklaces,Jewelry & accessories,chemical|lead,3,ACT NOW
07-127,2007-03-12,"""Elite Operations"" Toy Sets",Toys,chemical|laceration|lead,3,ACT NOW
07-126,2007-03-12,Children's Stationery Sets,,laceration,3,ACT NOW
07-125,2007-03-12,Children's Mood Necklaces,Jewelry & accessories,chemical|lead,3,ACT NOW
07-533,2007-03-07,N-Kids Brand Girl's Drawstring Flannel Pants and Pine Peak Blues Brand Boy's Drawstring,Sleepwear & apparel,burn|entanglement|flammable,3,ACT NOW
07-123,2007-03-07,Cobmex Youth Jackets with Drawstrings,Sleepwear & apparel,entanglement|strangulation,1,ACT NOW
07-121,2007-03-07,Boy's Jackets with an attached compass,Sleepwear & apparel,choking,3,ACT NOW
07-531,2007-03-06,Elite 5-in-1 Easels,,chemical|lead,4,ACT SOON
07-115,2007-02-26,Bounce Houses,Outdoor & play equipment,,4,ACT SOON
07-114,2007-02-22,"""Claudia Jublot"" Children's Rings",Jewelry & accessories,chemical|lead,3,ACT NOW
07-113,2007-02-22,"Children's ""Kidsite"" Necklace and Earring Sets",Jewelry & accessories,chemical|lead,3,ACT NOW
07-106,2007-02-14,Link-N-LiteTM Magnetic Light-Up Puzzles,Toys,choking|fall|magnet,2,ACT NOW
07-105,2007-02-14,"""Laugh and Learn"" Learning Bunny Toys",Toys,choking,3,ACT NOW
07-103,2007-02-12,Children's Hooded Sweatshirts and Windbreakers with Drawstrings,Sleepwear & apparel,entanglement|strangulation,1,ACT NOW
07-102,2007-02-12,Heavyweight Outerwear Jackets,Sleepwear & apparel,chemical|lead,4,ACT SOON
07-101,2007-02-12,Battery Packs for Toy Vehicles,Toys,fire,3,ACT NOW
07-100,2007-02-07,Toddler Pants Sets,Sleepwear & apparel,choking,3,ACT NOW
07-527,2007-02-06,Faux-Shearling Infant Booties,Sleepwear & apparel,choking,3,ACT NOW
07-099,2007-02-06,"Children's ""Ultra Gear"" Bracelets",Jewelry & accessories,chemical|lead,3,ACT NOW
07-098,2007-02-06,"Children's ""Rachael Rose Kidz"" Rings",Jewelry & accessories,chemical|lead,3,ACT NOW
07-096,2007-02-05,Easy-Bake Ovens,,burn|entrapment,1,ACT NOW
07-088,2007-01-24,Home Decorators Collection Leather Suitcase Trunks,Sleepwear & apparel,entrapment|suffocation,1,ACT NOW
07-087,2007-01-23,Travel'N Baby Mini Hair Dryers,,electrical|fall,3,ACT NOW
07-085,2007-01-17,MagneBlocksTM Magnetic Construction Toys,Toys,choking|fall|magnet,2,ACT NOW
07-084,2007-01-17,Graco® ContempoTM Highchairs,Feeding & high chairs,fall,3,ACT NOW
07-083,2007-01-17,Plush Baby Rattles and Photo Frame Ornaments,Toys,choking,3,ACT NOW
07-082,2007-01-17,Children's Butterfly Necklaces,Toys,chemical|lead,3,ACT NOW
07-081,2007-01-16,Bright Starts Star Teether Beads and Bright Starts Teether Beads,Feeding & high chairs,choking,3,ACT NOW
07-078,2007-01-10,Inflator Air Pumps,Jewelry & accessories,laceration|overheat,3,ACT NOW
07-077,2007-01-09,Children's Hooded Sweatshirts with Drawstrings,Sleepwear & apparel,entanglement|strangulation,1,ACT NOW
07-516,2007-01-04,Starting Out Shirt and Overalls,Sleepwear & apparel,chemical|lead,4,ACT SOON
07-069,2006-12-26,Phil & Teds e3 Strollers with doubles seats,Strollers & carriers,,4,ACT SOON
07-066,2006-12-20,BABYBJÖRN® Feeding Spoons,Feeding & high chairs,choking,3,ACT NOW
07-513,2006-12-18,Gigantic Gemstone Ring,Jewelry & accessories,chemical|lead,3,ACT NOW
07-064,2006-12-18,Holiday TimeTM Christmas Mug Gift Sets,Toys,choking,3,ACT NOW
07-512,2006-12-17,Remote-Control Dragonfly King HX-242 Helicopter (also known as the Micro R/C Helicopter),Toys,burn|fire|overheat,3,ACT NOW
07-058,2006-12-13,Holiday TimeTM Stuffed Christmas Beagles,,choking,3,ACT NOW
07-057,2006-12-13,Baby greendog® girl's knit coveralls,Sleepwear & apparel,choking,3,ACT NOW
07-054,2006-12-12,Children's Powerpuff Girls necklaces,Jewelry & accessories,chemical|lead,3,ACT NOW
07-053,2006-12-12,Gemco® Lemonade Jars,Outdoor & play equipment,lead,4,ACT SOON
07-052,2006-12-12,BRIO Bell Rattles,Toys,choking,3,ACT NOW
07-051,2006-12-12,Children's Butterfly Necklaces,Toys,chemical|lead,3,ACT NOW
07-050,2006-12-12,"""Ellis"" Children's Boots",Sleepwear & apparel,choking,3,ACT NOW
07-043,2006-12-04,Antique White Furniture from the Cottage Collection,Nursery furniture & tip-over,chemical|lead,4,ACT SOON
07-042,2006-12-03,Children's Mood Necklaces and Diva Necklaces,Jewelry & accessories,chemical|lead,3,ACT NOW
07-510,2006-11-29,"Children's parka jackets, with drawstrings",Toys,entanglement|strangulation,1,ACT NOW
07-039,2006-11-20,Polly Pocket dolls and accessories with magnets,Outdoor & play equipment,choking|fall|magnet,2,ACT NOW
07-035,2006-11-14,"Various ""Kool Toyz"" Children's Products",Toys,chemical|laceration|lead,3,ACT NOW
07-034,2006-11-14,"""Play Wonder"" Puzzle Tables",Toys,choking|laceration,3,ACT NOW
07-033,2006-11-14,Decorative Snaps and Metal Clips,Toys,chemical|lead,3,ACT NOW
07-031,2006-11-08,Helix Remote Control Micro Helicopter,Toys,burn|overheat,3,ACT NOW
07-030,2006-11-08,Baby Gund WoodlesTM Activity Toys,Toys,choking,3,ACT NOW
07-029,2006-11-08,"""Cars"" Toy Storage Benches",Toys,chemical|lead,3,ACT NOW
07-024,2006-11-01,Flashing Pacifiers,Feeding & high chairs,choking|strangulation,1,ACT NOW
07-023,2006-11-01,Toy Keys,Toys,choking,3,ACT NOW
07-015,2006-10-24,Minnie Mouse Cardigan Set,,strangulation,1,ACT NOW
07-013,2006-10-23,"Mr. Potato Head ""Make a Monster Pumpkin"" and Mr. Potato Head ""Make a Fireman Pumpkin"" and Mrs. Potato Head ""Make a Diva Pumpkin""",Sleepwear & apparel,choking,3,ACT NOW
07-009,2006-10-17,Baby Cookie Monster Plush Toys,Toys,choking,3,ACT NOW
07-502,2006-10-11,CaribooTM Folding Changing Tables and CaribooTM Bassinet Changers,"Sleep — cribs, bassinets, loungers",fall,3,ACT NOW
06-267,2006-09-26,Suave Kids Bath Set,Sleepwear & apparel,choking|strangulation|suffocation,1,ACT NOW
06-266,2006-09-21,Team Talkin' Tool Bench,Toys,suffocation,1,ACT NOW
06-264,2006-09-19,Youth Hooded Sweatshirts,Sleepwear & apparel,entanglement|strangulation,1,ACT NOW
06-263,2006-09-19,"""Candie's"" Brand Children's Hoodie Sweatshirts with Drawstrings",Feeding & high chairs,entanglement|strangulation,1,ACT NOW
06-262,2006-09-19,LEGO EXPLORE Super Trucks,Toys,laceration,3,ACT NOW
06-261,2006-09-18,"""phil & teds"" T2 Travel Cots",,choking,3,ACT NOW
06-260,2006-09-18,"""Que Cute"" Children's Bathrobes",Sleepwear & apparel,burn|flammable,3,ACT NOW
06-578,2006-09-13,True Religion Brand Fleece Hoodies,Sleepwear & apparel,entanglement|strangulation,1,ACT NOW
06-255,2006-09-11,Ming TV Stands,Nursery furniture & tip-over,,4,ACT SOON
06-253,2006-09-06,Learn-AroundTM Playground Activity Center,"Walkers, swings & bouncers",,4,ACT SOON
06-251,2006-09-06,9-Foot Patio Umbrellas,,lead,4,ACT SOON
06-248,2006-08-29,Jet StreamersTM Water Blasters Pool Toys,Outdoor & play equipment,,4,ACT SOON
06-241,2006-08-21,Air Hogs RC Skywinder Radio-Controlled Airplane,Toys,burn|overheat,3,ACT NOW
06-240,2006-08-21,"""Ideal"" and ""Brighter Child"" Brand Science Kits",Toys,burn|overheat,3,ACT NOW
06-576,2006-08-16,Cool Blue Backpacks,Button cells & batteries,burn|overheat,3,ACT NOW
06-574,2006-08-16,Cage Bell Musical Instrument for Babies,Toys,choking,3,ACT NOW
06-238,2006-08-16,Firestreet Scooters,Helmets & wheeled toys,fall,3,ACT NOW
06-236,2006-08-16,Bendable Dog and Cat Toys,Toys,chemical|lead,3,ACT NOW
06-234,2006-08-15,Speed Buckle Harnesses,Outdoor & play equipment,fall,3,ACT NOW
06-226,2006-08-09,ALEX® Super Cooking Sets,,laceration,3,ACT NOW
06-228,2006-08-08,Quiksilver and Roxy Girl lounge pants,Sleepwear & apparel,burn|fire|flammable,3,ACT NOW
06-223,2006-08-01,Hide & Seek Hooded Sweatshirts,Sleepwear & apparel,entanglement|strangulation,1,ACT NOW
06-221,2006-07-24,Hampton Bay® Transitional Collection Fire Truck and Bulldozer Accent Lamp with Night Lights,Nursery electricals & monitors,fall|fire|laceration,3,ACT NOW
06-565,2006-07-18,Homeroom Bedroom Collection,Nursery furniture & tip-over,choking,3,ACT NOW
06-563,2006-07-04,Paloma Rattles,Toys,choking|laceration,3,ACT NOW
06-199,2006-06-28,Toy Guitars,Toys,choking,3,ACT NOW
06-193,2006-06-21,Reebok Children's Windsuit,Sleepwear & apparel,choking,3,ACT NOW
06-190,2006-06-14,Sam & Libby Girl's Thong Sandals,Sleepwear & apparel,laceration,3,ACT NOW
06-189,2006-06-14,Curious Buddies Children's Books,Nursery furniture & tip-over,choking,3,ACT NOW
06-186,2006-06-12,H&M Girl's Water Shoes,Sleepwear & apparel,fall,3,ACT NOW
06-182,2006-06-07,Light-Up Yo-Yo Toy,Toys,choking,3,ACT NOW
06-166,2006-05-17,Sling Swing Seats,"Walkers, swings & bouncers",fall,3,ACT NOW
06-165,2006-05-16,Simple Set Pool Ladders,Outdoor & play equipment,,4,ACT SOON
06-163,2006-05-10,Adventure Playsets Wooden Swing Sets,"Walkers, swings & bouncers",fall,3,ACT NOW
06-160,2006-05-09,Juicy Couture Children's Jewelry,Jewelry & accessories,chemical|lead,3,ACT NOW
06-159,2006-05-08,Schwinn Deluxe Bicycle Child Carriers,Strollers & carriers,fall,3,ACT NOW
06-156,2006-05-04,Metal Charms (enclosed with certain DVDs),Jewelry & accessories,chemical|lead,3,ACT NOW
06-152,2006-05-01,Cordless Push Button Toy Telephones,Toys,choking,3,ACT NOW
06-150,2006-04-26,Children's Necklaces,Jewelry & accessories,chemical|lead,3,ACT NOW
06-148,2006-04-24,"Mountain Buggy Urban Single and Urban Double, Breeze Strollers",Strollers & carriers,,4,ACT SOON
06-138,2006-04-12,"""Who's That Girl!"" Sweaters",Sleepwear & apparel,entanglement|strangulation,1,ACT NOW
06-127,2006-03-30,All Magnetix Magnetic Building Sets,Toys,choking|fall|magnet,2,ACT NOW
06-123,2006-03-29,American Girl Children's Jewelry,Jewelry & accessories,chemical|lead,3,ACT NOW
06-539,2006-03-28,Thunder Spin R.C. Road Rage Stunt Machine Toy Trucks,Toys,fire|overheat,3,ACT NOW
06-121,2006-03-27,Child Guidance Toy Pliers,Toys,choking,3,ACT NOW
06-538,2006-03-22,Beaded Photo Charm Bracelets,Jewelry & accessories,chemical|lead,3,ACT NOW
06-119,2006-03-22,Reebok Heart-Shaped Charm Bracelets,Jewelry & accessories,chemical|lead,3,ACT NOW
06-118,2006-03-22,"Dollar Tree Mood Necklace and Ring, Glow-in-the Dark Necklace and Ring, and UV Necklace and Ring",Toys,chemical|lead,3,ACT NOW
06-116,2006-03-15,Walgreens High Potency Iron Supplement,Personal care & medicine,chemical|subpotent,4,ACT SOON
06-535,2006-03-14,"""Max Play"" Single Post and ""Kid Builders Arch"" Swing Sets","Walkers, swings & bouncers",fall,3,ACT NOW
06-113,2006-03-14,"""U.S. Polo Association"" Youth Hooded Sweatshirts with Drawstring",Sleepwear & apparel,entanglement|strangulation,1,ACT NOW
06-108,2006-03-07,BRIO's Pull-along Snails,Toys,choking,3,ACT NOW
06-103,2006-03-01,"""Girl Favors"" Children's Toy Jewelry",Toys,choking,3,ACT NOW
06-532,2006-02-28,Safe-Seat Plus Model Infant Seats for Shopping Carts,"Walkers, swings & bouncers",,4,ACT SOON
06-100,2006-02-28,Glowin' Dino and Glowin' Doggy Animal Flashlights,,chemical|lead,4,ACT SOON
06-099,2006-02-27,iPlay My First Mobile Phones,Toys,choking,3,ACT NOW
06-531,2006-02-23,Pro Flying Saucer (Radio Control),Toys,fire|overheat,3,ACT NOW
06-097,2006-02-23,Youth Hooded Fleece with Drawstring,Sleepwear & apparel,entanglement|strangulation,1,ACT NOW
06-096,2006-02-22,Chicken Limbo Electronic Party Game,Toys,fall,3,ACT NOW
06-093,2006-02-22,Art AccentzTM ChanglzTM Metal Charms,Jewelry & accessories,chemical|lead,3,ACT NOW
06-088,2006-02-14,Children's Hooded Sweatshirts with Drawstrings,Sleepwear & apparel,entanglement|strangulation,1,ACT NOW
06-086,2006-02-07,Aspen 3 in 1 Cribs with Graco logos,"Sleep — cribs, bassinets, loungers",entrapment|fall|suffocation,1,ACT NOW
06-079,2006-01-31,Baby Walkers,"Walkers, swings & bouncers",,4,ACT SOON
06-078,2006-01-31,Baby Walkers,"Walkers, swings & bouncers",,4,ACT SOON
06-077,2006-01-31,Baby Walkers,"Walkers, swings & bouncers",,4,ACT SOON
06-076,2006-01-25,Children's Upper Outerwear with Drawstrings,Sleepwear & apparel,entanglement|strangulation,1,ACT NOW
06-068,2006-01-17,Fisher-Price® Laugh & LearnTM Musical Learning ChairTM,Toys,entrapment|strangulation,1,ACT NOW
06-065,2006-01-11,Boy's Windbreaker Jacket with Drawstring,Sleepwear & apparel,entanglement|strangulation,1,ACT NOW
06-520,2005-12-21,nan,Helmets & wheeled toys,,4,ACT SOON
06-058,2005-12-20,nan,"Sleep — cribs, bassinets, loungers",,4,ACT SOON
06-054,2005-12-14,Children's Books,Toys,choking,3,ACT NOW
06-052,2005-12-13,Little Tree Mini Learning Cube,Toys,choking,3,ACT NOW
06-517,2005-12-13,Mystery Drawer and Dice Tunnel Magic Party Favors and Costume Shield,Outdoor & play equipment,laceration,3,ACT NOW
06-051,2005-12-12,nan,"Walkers, swings & bouncers",,4,ACT SOON
06-048,2005-12-07,Plastic Siren Whistle,Toys,choking,3,ACT NOW
06-047,2005-12-07,Bobby JackTM pajama set,Sleepwear & apparel,burn|flammable,3,ACT NOW
06-043,2005-11-30,Cachito Pacifiers,Feeding & high chairs,choking,3,ACT NOW
06-042,2005-11-29,nan,Jewelry & accessories,,4,ACT SOON
06-036,2005-11-21,"Lov's ""Europa"" Natural Color Cribs","Sleep — cribs, bassinets, loungers",chemical|lead,4,ACT SOON
06-034,2005-11-21,nan,Toys,,4,ACT SOON
06-033,2005-11-21,Viking Chubbies Toy Cars,Toys,choking,3,ACT NOW
06-511,2005-11-16,Hooded Sweatshirt with Drawstring,Sleepwear & apparel,entanglement|strangulation,1,ACT NOW
06-030,2005-11-16,"Mountain Buggy Urban Single and Urban Double, Breeze Strollers",Strollers & carriers,,4,ACT SOON
06-027,2005-11-09,DesignWare® 4 Fairy Wands,,laceration,3,ACT NOW
06-504,2005-10-17,Child Craft Cribs,"Sleep — cribs, bassinets, loungers",entrapment|laceration,1,ACT NOW
06-009,2005-10-17,Jumbo Pencils with Sharpeners,Sleepwear & apparel,laceration,3,ACT NOW
06-502,2005-10-13,Kelty Speedster Jogging Stroller,Strollers & carriers,fall,3,ACT NOW
06-005,2005-10-10,Lily Chair and Lily Ottoman Bean Bag Sets,"Sleep — cribs, bassinets, loungers",suffocation,1,ACT NOW
06-001,2005-10-05,Reebok Children's Fleece Quarter-Zip Pullover/Pant Sets,Sleepwear & apparel,choking,3,ACT NOW
05-278,2005-09-21,Necklace and Earring Sets,Toys,chemical|lead,3,ACT NOW
05-277,2005-09-21,Disney Princess Bracelet Keyrings,Jewelry & accessories,chemical|lead,3,ACT NOW
05-602,2005-09-18,Sparkle Horse Toys,Toys,choking,3,ACT NOW
05-270,2005-09-14,"""Bottle Sippers"" Pull-Up Bottle Caps",Feeding & high chairs,choking,3,ACT NOW
05-260,2005-09-07,Spindle Crib,"Sleep — cribs, bassinets, loungers",entrapment|fall,1,ACT NOW
05-257,2005-09-01,Surf ClubTM Arm Bands,Outdoor & play equipment,drowning,1,ACT NOW
05-256,2005-09-01,Harley-Davidson 16-inch BMX Bicycles,Toys,fall,3,ACT NOW
05-255,2005-08-31,Sesame Street Toy Sunglasses,Toys,choking,3,ACT NOW
05-254,2005-08-31,Red Sunglasses/Toddler Cap Set,Jewelry & accessories,chemical|lead,3,ACT NOW
05-252,2005-08-30,"Back Trails Jr. Toddler, Youth and Child Bicycle Helmets",Helmets & wheeled toys,,4,ACT SOON
05-599,2005-08-24,MaptangleTM World Edition Floor Mat Map Games,Toys,chemical|lead,3,ACT NOW
05-250,2005-08-22,ZoloWear Infant Carriers/Slings,Car seats & travel,fall,3,ACT NOW
05-248,2005-08-18,Stork Craft Toy Boxes,Toys,fall|strangulation,1,ACT NOW
05-244,2005-08-16,Water Watch,Jewelry & accessories,laceration,3,ACT NOW
05-242,2005-08-11,Caroline Flower Baby Sandals,Sleepwear & apparel,choking,3,ACT NOW
05-595,2005-08-09,Kelty Speedster Deluxe and Speedster Deuce Jogging Strollers,Strollers & carriers,,4,ACT SOON
05-234,2005-07-26,Kid's Folding Chairs,Helmets & wheeled toys,entrapment|fall|laceration,1,ACT NOW
05-233,2005-07-26,Children's Folding Chairs,,entrapment|fall|laceration,1,ACT NOW
05-232,2005-07-26,Juvenile Folding Chairs,,entrapment,1,ACT NOW
05-231,2005-07-25,Baby Denim and Knit Jackets,Sleepwear & apparel,choking,3,ACT NOW
05-230,2005-07-25,Classic Walker Wagon,"Walkers, swings & bouncers",choking,3,ACT NOW
05-228,2005-07-18,"""So Hot Way Cool Free Wheel Trucks""",Toys,choking,3,ACT NOW
05-226,2005-07-13,nan,Strollers & carriers,,4,ACT SOON
05-224,2005-07-11,Nature's Bounty and Natural Wealth Brand Multivitamins,Personal care & medicine,,4,ACT SOON
05-222,2005-07-07,nan,Toys,,4,ACT SOON
05-221,2005-07-06,"Graco Duo Tandem Stroller, Graco MetroLite Stroller",Strollers & carriers,fall,3,ACT NOW
05-219,2005-07-05,nan,Bath & water safety,,4,ACT SOON
05-584,2005-06-28,Chesapeake Outdoor Trunk,,,4,ACT SOON
05-211,2005-06-28,Cameron Toy Chest,Toys,,4,ACT SOON
05-203,2005-06-22,Spinning Water Teethers,Feeding & high chairs,choking|fall,3,ACT NOW
05-581,2005-06-19,2005 Nashbar Lil' Shadow Tandem Trailer,Helmets & wheeled toys,,4,ACT SOON
05-199,2005-06-16,Children's Fishing Kits,,chemical|lead,4,ACT SOON
05-198,2005-06-15,Bright Starts Jammin' Jumpers,"Walkers, swings & bouncers",fall,3,ACT NOW
05-197,2005-06-14,Baby Connection Fun Frog Soft Gym,Toys,laceration,3,ACT NOW
05-195,2005-06-13,Fisher-Price® Power Wheels ® Lightning PAC Scooters and Fisher-Price® Power Wheels® MX3TM Mini Bikes,Helmets & wheeled toys,,4,ACT SOON
05-190,2005-06-12,H.E.B. vitamins with iron,Personal care & medicine,,4,ACT SOON
05-181,2005-05-23,Children's Folding Chairs,Nursery furniture & tip-over,entrapment|fall|laceration,1,ACT NOW
05-173,2005-05-11,Lov's Decorated Orthodontic Pacifier,Feeding & high chairs,choking,3,ACT NOW
05-172,2005-05-11,Lemon Meringue Wooden Push Toys,Toys,choking,3,ACT NOW
05-171,2005-05-11,Heart-Shaped Pendant,Toys,chemical|lead,3,ACT NOW
05-169,2005-05-10,Wet System Video Head Cleaner,Household chemicals,chemical|labeling,4,ACT SOON
05-168,2005-05-09,Fisher-Price Lil' Wagster Dragster push toys,Toys,,4,ACT SOON
05-167,2005-05-09,Fisher-Price® Grow-To-Pro® Pogo Sticks,,fall,3,ACT NOW
05-164,2005-05-02,White Lancaster Cribs,"Sleep — cribs, bassinets, loungers",choking,3,ACT NOW
05-163,2005-04-28,Children's Folding Chair,,entrapment|fall|laceration,1,ACT NOW
05-565,2005-04-26,Okie Dokie® Striped Bodysuits with Puffy Appliqué,Sleepwear & apparel,choking,3,ACT NOW
05-564,2005-04-20,Royal Seating Prima Chair,Jewelry & accessories,fall,3,ACT NOW
05-160,2005-04-19,"Light-up Pacifier, New Style Piano, and High Toys Choochoo Toy Train",Feeding & high chairs,choking,3,ACT NOW
05-158,2005-04-18,Carter's® Infant and Children's Overalls,Sleepwear & apparel,choking,3,ACT NOW
05-155,2005-04-12,nan,,,4,ACT SOON
05-154,2005-04-12,Nu-Tronix Karaoke Cassette Player/Recorder,,chemical|lead,4,ACT SOON
05-153,2005-04-12,My First Crayon-BallTM and My First Crayon-BallTM Activity Set,Jewelry & accessories,choking,3,ACT NOW
05-151,2005-04-06,Flashing Pacifier or 2-in-1 Flashing Pacifier with Whistle Necklace,Feeding & high chairs,choking,3,ACT NOW
05-140,2005-03-23,Reebok Children's Windwear and Fleece Jacket and Pant Sets,Sleepwear & apparel,choking,3,ACT NOW
05-137,2005-03-21,Graco Toddler Bed,"Sleep — cribs, bassinets, loungers",entrapment,1,ACT NOW
05-131,2005-03-08,Portable Cribs,"Sleep — cribs, bassinets, loungers",entrapment|fall,1,ACT NOW
05-128,2005-03-03,Arizona® Boys' Zip-Up Cardigan Sweater,Sleepwear & apparel,choking,3,ACT NOW
05-125,2005-03-03,nan,Feeding & high chairs,,4,ACT SOON
05-547,2005-03-02,Battery-Powered Flying Saucer Toys,Toys,burn|overheat,3,ACT NOW
05-127,2005-03-02,Metal Charms,Jewelry & accessories,chemical|lead,3,ACT NOW
05-126,2005-03-01,Stuffed Yarn Bunny,Toys,choking,3,ACT NOW
05-546,2005-02-28,"Lands' End Infant and Toddler Squall Parkas, Sport Squalls, Squall Snow Suits and Squall Bibs",Feeding & high chairs,choking,3,ACT NOW
05-544,2005-02-24,Farm Teether Rattle,Feeding & high chairs,choking|laceration,3,ACT NOW
05-122,2005-02-24,"""Toy Tunes"" Electronic Musical Toys",Toys,choking,3,ACT NOW
05-117,2005-02-21,Playtex Hip Hammock,"Sleep — cribs, bassinets, loungers",fall,3,ACT NOW
05-114,2005-02-16,nan,Feeding & high chairs,,4,ACT SOON
05-112,2005-02-15,Dive Sticks,Toys,fall,3,ACT NOW
05-111,2005-02-14,Reef Rocker Infant Toy,"Walkers, swings & bouncers",choking,3,ACT NOW
05-108,2005-02-14,nan,"Walkers, swings & bouncers",,4,ACT SOON
05-103,2005-02-10,Baby Walker,"Walkers, swings & bouncers",tipover,2,ACT NOW
05-540,2005-02-09,Winnie the Pooh Plate Set with plastic fork and spoon,Feeding & high chairs,choking,3,ACT NOW
05-101,2005-02-09,nan,Toys,,4,ACT SOON
05-100,2005-02-09,Multi-Purpose Barbecue Lighters,Lighters & fire hazards,,4,ACT SOON
05-099,2005-02-08,Flashing Pacifier with Whistle Necklace and Flashing Pacifier Shock Baby Necklace,Feeding & high chairs,choking,3,ACT NOW
05-096,2005-02-03,Girls' Cardigan Sweaters with Faux Fur Trim,Sleepwear & apparel,flammable,3,ACT NOW
05-536,2005-02-02,Memory Trunks,,entrapment|fall|strangulation|suffocation,1,ACT NOW
05-092,2005-01-24,nan,Outdoor & play equipment,fall|laceration,3,ACT NOW
05-091,2005-01-23,Chamois Blankets,Sleep — mattresses & bedding,entanglement|strangulation,1,ACT NOW
05-088,2005-01-18,Fun Years Music Big Drum Musical Set,Toys,choking,3,ACT NOW
05-082,2005-01-10,Metallic costume bracelets,Sleepwear & apparel,chemical|lead,4,ACT SOON
05-080,2005-01-06,Adams Trail-a-Bike or Adams Slipstream Bicycle Attachment,Helmets & wheeled toys,lead,4,ACT SOON
05-079,2005-01-05,Cribs,"Sleep — cribs, bassinets, loungers",entrapment,1,ACT NOW
05-077,2005-01-03,Toddler Swings,"Walkers, swings & bouncers",fall,3,ACT NOW
05-072,2004-12-16,Metallic necklaces,Jewelry & accessories,chemical|laceration|lead,3,ACT NOW
05-065,2004-12-08,Energie Brand Hooded Sweaters,Sleepwear & apparel,entanglement|strangulation,1,ACT NOW
05-058,2004-11-25,Children's Snow Suits and Jackets,Sleepwear & apparel,choking,3,ACT NOW
05-516,2004-11-23,Children's Corduroy Overalls,Sleepwear & apparel,choking,3,ACT NOW
05-052,2004-11-17,Okie Dokie Alligator Football Pajama Set,Sleepwear & apparel,choking,3,ACT NOW
05-036,2004-11-03,Petit Bateau children's bathrobes,Sleepwear & apparel,burn|fire|flammable,3,ACT NOW
05-024,2004-10-20,Earlyears® Spirolly Rattle,Toys,choking,3,ACT NOW
05-020,2004-10-20,"Toy Ice Cream Car, Police Car, and Washing Machine",Toys,choking,3,ACT NOW
05-019,2004-10-19,"MPL, multi-purpose utility lighter",Lighters & fire hazards,fire,3,ACT NOW
05-018,2004-10-18,Avanti Water Dispenser,Sleepwear & apparel,burn,3,ACT NOW
05-013,2004-10-14,Fargglad multi-color children's chair,Sleepwear & apparel,choking,3,ACT NOW
05-012,2004-10-14,Care Bears Lunch Kits with Water Bottles,Feeding & high chairs,choking,3,ACT NOW
04-225,2004-09-27,PlayKids USA baby walkers,"Walkers, swings & bouncers",fall,3,ACT NOW
04-224,2004-09-27,TV/VCR carts,Nursery furniture & tip-over,fall|tipover,2,ACT NOW
04-223,2004-09-23,Jaloma pacifiers,Feeding & high chairs,choking,3,ACT NOW
04-221,2004-09-22,Director's Chair for Children,Outdoor & play equipment,fall|laceration,3,ACT NOW
04-217,2004-09-19,"Reebok ""Iverson/Answer"" toddler shoes",Sleepwear & apparel,choking,3,ACT NOW
04-215,2004-09-14,NCR Universal Inkjet Refill Kits,,chemical|labeling,4,ACT SOON
04-214,2004-09-13,Baby Björn Baby Carrier Active,Car seats & travel,fall,3,ACT NOW
04-212,2004-09-08,Super Soaker Monster Rocket,,,4,ACT SOON
04-206,2004-08-31,"Lascal ""Buggy Board"" stroller attachment",Strollers & carriers,fall,3,ACT NOW
04-205,2004-08-31,Boston Billows Nursing Pillows,Sleep — mattresses & bedding,suffocation,1,ACT NOW
04-204,2004-08-31,Big V Maternity and Nursing Pillows,Sleep — mattresses & bedding,suffocation,1,ACT NOW
04-578,2004-08-30,Astroslide Inflatable Water Slides,Outdoor & play equipment,drowning|entanglement,1,ACT NOW
04-202,2004-08-18,Kid's Essentials Five-Piece Folding Furniture Set,Nursery furniture & tip-over,chemical|lead,4,ACT SOON
04-199,2004-08-18,Schwinn-brand Toddler Bicycle Helmets,Helmets & wheeled toys,,4,ACT SOON
04-200,2004-08-17,NikeTM Get-Go and Little Get-Go Children's Athletic Shoes,Sleepwear & apparel,choking,3,ACT NOW
04-196,2004-08-10,"Wooden bunk beds: Twin/Twin, Twin/Double, and Loft Bunk",Nursery furniture & tip-over,entrapment|strangulation,1,ACT NOW
04-571,2004-08-05,Peek-a-Boo Ball,Toys,choking|fall,3,ACT NOW
04-195,2004-08-05,"Pokémon plush dolls, beanbags, and key chains",Toys,laceration,3,ACT NOW
04-194,2004-08-05,Plush Frog Stuffed Animal,Toys,choking,3,ACT NOW
04-184,2004-07-20,Pool Pump Water Gun,Outdoor & play equipment,,4,ACT SOON
04-179,2004-07-14,SummervilleTM Toy Trucks Sets,Toys,choking,3,ACT NOW
04-176,2004-07-12,Travel Lite Swing,"Walkers, swings & bouncers",fall,3,ACT NOW
04-563,2004-07-11,Arch Swing and Arch Swing Add-A-Bay,"Walkers, swings & bouncers",fall,3,ACT NOW
04-174,2004-07-07,Toy jewelry,Toys,chemical|lead,3,ACT NOW
04-168,2004-06-22,"COSCO® ""Rock 'N Roller"" Baby Stroller",Strollers & carriers,fall,3,ACT NOW
04-558,2004-06-21,Toddler Doll Family Sets,Toys,choking,3,ACT NOW
04-167,2004-06-21,Basic Editions Infant and Toddler Girls' Rompers,Sleepwear & apparel,choking,3,ACT NOW
04-166,2004-06-21,Children's Swimsuit Cover-ups,Sleepwear & apparel,choking,3,ACT NOW
04-557,2004-06-16,Girls' Straw Cowboy Hat,Feeding & high chairs,laceration,3,ACT NOW
04-158,2004-06-14,Children's Wooden Chairs,,fall,3,ACT NOW
04-555,2004-06-08,Kiddie Car Cruisers,,,4,ACT SOON
04-153,2004-06-07,Children's Zippered Outerwear,Jewelry & accessories,choking,3,ACT NOW
04-149,2004-06-01,Smart FitTM and Teeny ToesTM Athletic Shoes,Sleepwear & apparel,choking,3,ACT NOW
04-148,2004-06-01,Dream On Me Baby Walkers,"Walkers, swings & bouncers",fall,3,ACT NOW
04-145,2004-05-26,Backyard Products Swings,"Walkers, swings & bouncers",fall,3,ACT NOW
04-144,2004-05-26,Dread Pirate coffee table game,Toys,chemical|lead,3,ACT NOW
04-136,2004-05-12,"""Passport"" Stroller",Strollers & carriers,fall,3,ACT NOW
04-135,2004-05-12,Metal Twin/Twin and Twin/Full Bunk Beds,Nursery furniture & tip-over,entrapment|strangulation,1,ACT NOW
04-134,2004-05-12,Children's Board Books with Sound Maker,Jewelry & accessories,choking,3,ACT NOW
04-132,2004-05-04,Piano Bench,Jewelry & accessories,fall,3,ACT NOW
04-125,2004-04-21,"Ashley ""Trails End,"" ""Cottage Retreat,"" and ""Stages"" bunk beds",Nursery furniture & tip-over,entrapment|strangulation,1,ACT NOW
04-123,2004-04-19,Vinyl Mirror Books,,laceration,3,ACT NOW
04-119,2004-04-13,Tonka ride-on toy trucks,Toys,choking,3,ACT NOW
04-117,2004-04-12,Radio-control toy trucks,Toys,burn|fire|overheat,3,ACT NOW
04-116,2004-04-05,Water Bottles,Feeding & high chairs,choking,3,ACT NOW
04-115,2004-04-04,TV/VCR carts,Nursery furniture & tip-over,fall|tipover,2,ACT NOW
04-112,2004-04-01,Air Hockey Tables,,laceration,3,ACT NOW
04-110,2004-03-29,My Easter Basket Book,Toys,choking,3,ACT NOW
04-109,2004-03-29,Snail Push Toys,Toys,choking,3,ACT NOW
04-106,2004-03-23,Isabella model crib,"Sleep — cribs, bassinets, loungers",entrapment|fall,1,ACT NOW
04-543,2004-03-16,"""Poof"" Chairs and Table Set",Nursery furniture & tip-over,,4,ACT SOON
04-540,2004-03-08,Electric hand-held hair dryers,,electrical,3,ACT NOW
04-539,2004-03-08,Steam Buggy Deluxe,Strollers & carriers,burn,3,ACT NOW
04-090,2004-03-01,Children's Rings,,chemical|lead,4,ACT SOON
04-536,2004-02-25,Nibo Space 5 and Nibo Space 19 Novelty Lighters,Lighters & fire hazards,burn|fire,3,ACT NOW
04-088,2004-02-25,"""Wooden Music Radio"" boxes",,choking,3,ACT NOW
04-087,2004-02-23,Legacy Cribs,"Sleep — cribs, bassinets, loungers",entanglement|fall|strangulation,1,ACT NOW
04-086,2004-02-18,"""Webster"" Activity Spider Toy",Toys,choking,3,ACT NOW
04-079,2004-02-05,PlayWell Crayola® Activity Cube,Toys,choking,3,ACT NOW
04-078,2004-02-04,Children's Sweatshirts,Sleepwear & apparel,entanglement|strangulation,1,ACT NOW
04-077,2004-02-04,Kids Falls Creek PU Jacket with Polar Fleece in Hood,Sleepwear & apparel,choking|fall,3,ACT NOW
04-076,2004-02-04,"Swing-N-Slide ""Mega Rider"" Swings","Walkers, swings & bouncers",fall,3,ACT NOW
04-074,2004-01-29,NERF® Big Play FootballTM,Sleepwear & apparel,,4,ACT SOON
04-533,2004-01-25,Discovery Kids Imaginative Arts Pottery Wheel Kits,Nursery furniture & tip-over,,4,ACT SOON
04-066,2004-01-19,Acrylic Nail Primer,Feeding & high chairs,chemical,4,ACT SOON
04-065,2004-01-19,"""Mud Boggers"" and ""Street Shredders"" Pump Up Racers",Toys,laceration,3,ACT NOW
04-531,2004-01-13,"""Lily Pad Clacker"" Instruments",Household chemicals,chemical|lead,3,ACT NOW
04-064,2004-01-13,"Bumble Bee Toys with blue antennae sold with certain Graco high chairs and Graco mobile entertainers, and also sold separately as an accessory and replacement part",Feeding & high chairs,choking,3,ACT NOW
04-059,2003-12-30,CROWNZZTM Candleholders,Lighters & fire hazards,fire,3,ACT NOW
04-528,2003-12-28,Jack-In-the-Box toys,Toys,choking,3,ACT NOW
04-053,2003-12-15,Craftsman 16-gallon and RIDGID 12- and 16-gallon wet/dry vacuums,Toys,laceration,3,ACT NOW
04-523,2003-12-11,Flutterby Plush Toys,Toys,choking,3,ACT NOW
04-051,2003-12-11,"""Zutopia"" Girl's loungewear (15 different styles)",Sleepwear & apparel,burn|fire|flammable,3,ACT NOW
04-050,2003-12-11,"""Jack-In-the-Box"" type toys: ""Cat in the Hat"" and ""Olivia the Pig""",Toys,choking,3,ACT NOW
04-042,2003-11-25,Cloth Santa decoration,,choking,3,ACT NOW
04-040,2003-11-25,DesignWare® Zipper Pulls,Jewelry & accessories,choking,3,ACT NOW
04-039,2003-11-25,DesignWare® Crazy Bounce Balls,,choking,3,ACT NOW
04-516,2003-11-23,Girls' Hooded Fleece Jackets,Sleepwear & apparel,choking,3,ACT NOW
04-038,2003-11-23,Multi-colored and solid-colored sidewalk chalk,Toys,chemical|lead,3,ACT NOW
04-036,2003-11-23,Falls Creek Army Flight Jackets,Sleepwear & apparel,entanglement|fall|strangulation,1,ACT NOW
04-034,2003-11-20,Merit Bunk Beds,Nursery furniture & tip-over,entrapment|strangulation,1,ACT NOW
04-515,2003-11-19,"""Cherry Bentwood"" model television stands sold at Circuit City",Nursery furniture & tip-over,tipover,2,ACT NOW
04-514,2003-11-17,"Bear ""Jack-In-the-Box"" toy",Toys,choking,3,ACT NOW
04-032,2003-11-12,Multicolored Sidewalk Chalk,,chemical|lead,4,ACT SOON
04-031,2003-11-12,Lightning PAC Scooters and MX3 Mini Bikes,Helmets & wheeled toys,,4,ACT SOON
04-029,2003-11-06,"""Amazing BabyTM Listen and Play"" activity books",Jewelry & accessories,choking,3,ACT NOW
04-028,2003-11-05,Plan Toys Solid Drums,Toys,choking,3,ACT NOW
04-020,2003-10-28,Wristwatch Lighters and Cigarette-shaped Lighters,Jewelry & accessories,fire,3,ACT NOW
04-019,2003-10-28,Fish-Shaped Cigarette Lighters,Lighters & fire hazards,fire,3,ACT NOW
04-018,2003-10-28,Pet Me PlatypusTM,Toys,choking,3,ACT NOW
04-503,2003-10-08,Sonato Wooden Toy Car,Toys,choking,3,ACT NOW
03-198,2003-09-24,Home Line Bunk Beds,Nursery furniture & tip-over,entrapment|strangulation,1,ACT NOW
03-189,2003-09-23,"""Pack 'n Play"" portable play yards with raised changing tables","Sleep — cribs, bassinets, loungers",entrapment|strangulation,1,ACT NOW
03-187,2003-09-16,"""Comforts"" pacifiers",Feeding & high chairs,choking,3,ACT NOW
03-186,2003-09-16,Dora the Explorer Children's Board Book,Toys,choking,3,ACT NOW
03-185,2003-09-16,"Bottled Water with Push-Pull Sports Cap in 8 oz., 8.5 oz., and .33 liter bottle sizes",Feeding & high chairs,choking,3,ACT NOW
03-182,2003-09-09,"""Sun Kids"" and ""Happy Baby"" Baby Walkers","Walkers, swings & bouncers",fall,3,ACT NOW
03-179,2003-09-09,"""Sandy Claws"" Swim Trainers",Bath & water safety,drowning,1,ACT NOW
03-178,2003-09-09,Toy Necklaces,Toys,chemical|lead,3,ACT NOW
03-172,2003-08-20,Falcon Action Toy Jets,Toys,choking,3,ACT NOW
03-171,2003-08-20,Puzzibilities Recycling Truck Puzzle,Toys,choking,3,ACT NOW
03-550,2003-08-03,Happyvillagers Toy Sets,Toys,choking,3,ACT NOW
03-549,2003-08-03,Big Boy Trucks (Dump Truck & Tow Truck),Toys,choking,3,ACT NOW
03-168,2003-07-30,Hedstrom and NBF Trampolines,Outdoor & play equipment,fall,3,ACT NOW
03-166,2003-07-30,Home Trends Kiddy Sling Chair,,choking,3,ACT NOW
03-165,2003-07-30,Earlyears Bobbie Bear Stacking Rings,Toys,choking,3,ACT NOW
03-162,2003-07-16,Novelty Cigarette Lighters,Lighters & fire hazards,burn|fire,3,ACT NOW
03-161,2003-07-16,Oil Lamp Boxed Sets,Lighters & fire hazards,,4,ACT SOON
03-155,2003-07-01,"""Egg Dippers"" Easter Plush Toys",Toys,choking,3,ACT NOW
03-148,2003-06-24,Cosco Arriva and Turnabout infant car seats/carriers,Car seats & travel,fall,3,ACT NOW
03-146,2003-06-19,Crib Mobile Toys,"Sleep — cribs, bassinets, loungers",burn|chemical,3,ACT NOW
03-138,2003-06-04,Children's Art Supply Sets,,laceration,3,ACT NOW
03-137,2003-06-03,"Babi Italia ""Tiffany"" and ""Josephine"" model cribs","Sleep — cribs, bassinets, loungers",entrapment|fall,1,ACT NOW
03-134,2003-05-27,Starbucks BearistaTM Bear tumbler cups,Feeding & high chairs,choking,3,ACT NOW
03-128,2003-05-21,Toy Drumsticks,Toys,choking,3,ACT NOW
03-127,2003-05-21,Viking Mini Chubbies toy vehicles,Toys,choking,3,ACT NOW
03-126,2003-05-18,Swimways Corp Dive Sticks,Outdoor & play equipment,fall,3,ACT NOW
03-122,2003-05-07,Multi-purpose lighters shaped like matchsticks,Lighters & fire hazards,fire,3,ACT NOW
03-121,2003-05-05,"Wooden convertible cribs sold under the following model names: ""Always Crib,"" ""Crib 4 Life,"" ""Legendary Crib,"" ""Set 4 Life,"" and ""Crib-2-College""","Sleep — cribs, bassinets, loungers",fall,3,ACT NOW
03-111,2003-04-22,Little People® Animal Sounds Farms,Toys,choking,3,ACT NOW
03-110,2003-04-16,Toy Drumsticks (sold with the Parents Bee Bop Band drum sets),Toys,choking,3,ACT NOW
03-107,2003-04-14,Magic Start Crawl 'n Stand,Toys,fall|tipover,2,ACT NOW
03-534,2003-04-12,Fiddlestick instruments,,choking,3,ACT NOW
03-106,2003-04-07,Party Poppers,Sleepwear & apparel,,4,ACT SOON
03-532,2003-04-03,Lamaze Flower Stroller Wrap and Lamaze Soft Bead Buddies activity toys,Strollers & carriers,chemical|lead,4,ACT SOON
03-103,2003-04-01,"Christmas House Plush Bear"" and ""Christmas House Christmas Plush"" dolls",Toys,choking,3,ACT NOW
03-530,2003-03-20,Wooden Toy Chests,Toys,fall|laceration,3,ACT NOW
03-098,2003-03-19,Disney Woody Doll,Toys,choking,3,ACT NOW
03-096,2003-03-19,"Girls' iridescent, hooded winter jackets",Sleepwear & apparel,choking,3,ACT NOW
03-529,2003-03-16,Lands' End Little Girl's Fur Trimmed Parka and Little Kids' Reversible Down Parka,Sleepwear & apparel,choking,3,ACT NOW
03-085,2003-02-26,"""2-In-1 Fold-Away Tub and Step Stools""",Nursery furniture & tip-over,,4,ACT SOON
03-087,2003-02-26,Children's board book sets,Toys,choking,3,ACT NOW
03-086,2003-02-26,"""Busy Bug"" plush toys",Toys,choking,3,ACT NOW
03-524,2003-02-24,Ambi Bird Trumpet toys,Toys,choking,3,ACT NOW
03-084,2003-02-19,"""Fun Buckets""",Bath & water safety,entanglement|strangulation,1,ACT NOW
03-081,2003-02-12,Dolphin-shaped cigarette lighters,Lighters & fire hazards,burn|fire,3,ACT NOW
03-076,2003-01-27,Baseline Design beanbag chairs,Nursery furniture & tip-over,suffocation,1,ACT NOW
03-518,2003-01-22,Wooden Teething Rings,Outdoor & play equipment,choking,3,ACT NOW
03-074,2003-01-22,Portable Wooden Cribs,"Sleep — cribs, bassinets, loungers",fall,3,ACT NOW
03-070,2003-01-15,"Build-A-Bear Workshop ""Founding Bear"" stuffed bears",,choking,3,ACT NOW
03-067,2003-01-08,"""Soap Making for Kids"" soap-making kits",,burn|mold,3,ACT NOW
03-065,2002-12-25,Wooden Toy Vehicles,Toys,choking,3,ACT NOW
03-060,2002-12-22,Bamboo-Stick Sparklers,Jewelry & accessories,burn|fire,3,ACT NOW
03-059,2002-12-22,Talking Dolls,Toys,choking,3,ACT NOW
03-058,2002-12-22,Children's Fleece Pant Sets,Sleepwear & apparel,choking,3,ACT NOW
03-056,2002-12-19,Stuffed Bunny Toys,Toys,choking,3,ACT NOW
03-055,2002-12-19,Infant Girl's Garments,Sleepwear & apparel,chemical|lead,4,ACT SOON
03-054,2002-12-18,Disposable Cigarette Lighter,Feeding & high chairs,burn|fire,3,ACT NOW
03-515,2002-12-12,Kid's Tent Set (only the tunnel is recalled),Outdoor & play equipment,laceration,3,ACT NOW
03-514,2002-12-02,Kid's Tent Set,Outdoor & play equipment,laceration,3,ACT NOW
03-045,2002-11-26,Infant girls' garments and sandals,Sleepwear & apparel,choking,3,ACT NOW
03-513,2002-11-24,Kid's Tent Set,Outdoor & play equipment,laceration,3,ACT NOW
03-043,2002-11-20,Toy Attachments on Baby Walkers,"Walkers, swings & bouncers",laceration,3,ACT NOW
03-042,2002-11-20,Baby Trend Infant Swing,"Walkers, swings & bouncers",,4,ACT SOON
03-035,2002-11-20,"Monsters, Inc. Character Plush Dolls",Toys,choking,3,ACT NOW
03-508,2002-11-18,Children's Ultimate Snuggle Jackets,Sleepwear & apparel,flammable,3,ACT NOW
03-038,2002-11-14,Flashlights and Batteries Sold in Kids Meals,Button cells & batteries,choking,3,ACT NOW
03-036,2002-11-11,Children's School Supply Sets,,laceration,3,ACT NOW
03-034,2002-11-11,Kidz Club Flashlights,Button cells & batteries,burn|overheat,3,ACT NOW
03-020,2002-10-16,Stuffed Teddy Bears,Toys,choking,3,ACT NOW
03-013,2002-10-09,Caterpillar Pull Toy,Toys,choking,3,ACT NOW
03-012,2002-10-09,Baby Walkers,"Walkers, swings & bouncers",fall,3,ACT NOW
03-011,2002-10-09,Stuffed Pool Animal,Outdoor & play equipment,choking,3,ACT NOW
03-010,2002-10-09,Toy Sponges,Toys,choking,3,ACT NOW
03-009,2002-10-08,Baby Walker,"Walkers, swings & bouncers",fall,3,ACT NOW
02-252,2002-09-16,Chicago Bears Bobble Head Figurine,,chemical|lead,4,ACT SOON
02-247,2002-09-08,Portable Basketball Hoops,,fall|laceration,3,ACT NOW
02-244,2002-09-03,"""Bottle Cap Bear"" Key Chains",Feeding & high chairs,choking,3,ACT NOW
02-243,2002-09-03,Playskool Toy Chests,Toys,fall,3,ACT NOW
02-242,2002-09-03,Walk-Behind Mowers,Feeding & high chairs,,4,ACT SOON
02-558,2002-08-21,Statue of Liberty cigarette lighters,Lighters & fire hazards,burn|fire,3,ACT NOW
02-224,2002-08-06,Star Clacker wooden toys and Ride-On Duck wooden riding toys,Toys,choking,3,ACT NOW
02-214,2002-07-24,Steering wheels on Model 8 Roadsters,Toys,choking,3,ACT NOW
02-213,2002-07-24,"""Sort & See"" sorting box toys",Toys,choking,3,ACT NOW
02-212,2002-07-24,"""Toddler ToteTM"" toddler activity sets and ""Familiar Things"" toddler puzzles",Toys,choking,3,ACT NOW
02-211,2002-07-24,Pull-along snail toys,Toys,choking,3,ACT NOW
02-209,2002-07-24,"Novelty cigarette lighters in the shape of ""Coca Cola"" and ""Budweiser"" beverage cans",Lighters & fire hazards,burn|fire,3,ACT NOW
02-208,2002-07-23,THUDBUSTER Suspension Seat Posts,Helmets & wheeled toys,fall,3,ACT NOW
02-203,2002-07-17,"""Smatter"" spray foam",,,4,ACT SOON
02-202,2002-07-17,Vacation StationTM children's cooler/chairs,Jewelry & accessories,fall,3,ACT NOW
02-195,2002-07-01,Disposable cigarette lighters,Lighters & fire hazards,fire,3,ACT NOW
02-547,2002-06-24,Butler Slim Torch lighters,Lighters & fire hazards,fire,3,ACT NOW
02-176,2002-06-17,Little Wooden Push Cars,Toys,choking,3,ACT NOW
02-180,2002-06-11,Toy tracks attached to children's activity centers,"Walkers, swings & bouncers",choking,3,ACT NOW
02-177,2002-06-11,Novelty cigarette lighters,Lighters & fire hazards,burn|fire,3,ACT NOW
02-175,2002-06-11,Pop 'n Scoot Ride-on toys,Toys,fall,3,ACT NOW
02-545,2002-05-30,Basic Editions 2-Piece Girls Short Sets,Sleepwear & apparel,choking|fall,3,ACT NOW
02-544,2002-05-30,Soft Farm Sets,,choking,3,ACT NOW
02-543,2002-05-30,Toy Boxes,Toys,entrapment|fall,1,ACT NOW
02-542,2002-05-29,Big Red Wagons,Helmets & wheeled toys,,4,ACT SOON
02-170,2002-05-23,Firestormer and Skyblazer toy planes,Toys,laceration,3,ACT NOW
02-167,2002-05-20,Toy steering wheel attachment sold on Kolcraft's Jeep® Cherokee stroller,Strollers & carriers,choking,3,ACT NOW
02-166,2002-05-20,"""SunSmart"" baby floats",Outdoor & play equipment,drowning|fall,1,ACT NOW
02-165,2002-05-20,Rose Art cotton candy machines,Feeding & high chairs,burn|fire|overheat,3,ACT NOW
02-164,2002-05-19,"Safety 1st and Beatrix Potter ""Designer 22"" infant car seats/carriers",Car seats & travel,fall,3,ACT NOW
02-539,2002-05-07,Bean bag chairs,Nursery furniture & tip-over,strangulation|suffocation,1,ACT NOW
02-154,2002-04-30,Duckie Ring rattle/teethers,Feeding & high chairs,choking|fall,3,ACT NOW
02-149,2002-04-24,Vermont Precision Woodworks cribs,"Sleep — cribs, bassinets, loungers",entrapment,1,ACT NOW
02-148,2002-04-24,Hitchhiker III Trailer Bikes,Helmets & wheeled toys,,4,ACT SOON
02-143,2002-04-17,Mongoose and Roadmaster mountain bicycles with Ballistic 105 front suspension forks,Feeding & high chairs,fall,3,ACT NOW
02-142,2002-04-17,GL-X200TM Estes AirTM Powered Rocket Systems,Sleepwear & apparel,laceration,3,ACT NOW
02-141,2002-04-17,Harry Potter Magic Potion Bottle key chains,Feeding & high chairs,,4,ACT SOON
02-136,2002-04-09,Smart Response Swings,"Walkers, swings & bouncers",,4,ACT SOON
02-530,2002-04-01,"Up, Down & Around toddler maze toys",Toys,choking,3,ACT NOW
02-131,2002-04-01,Greendog® girl's capri pant and shirt sets,,choking,3,ACT NOW
02-130,2002-04-01,Time Out folding mini beach chairs,,fall|laceration,3,ACT NOW
02-529,2002-03-28,Steam BuggyTM Deluxe Steamers,Strollers & carriers,burn,3,ACT NOW
02-528,2002-03-27,Tough Traveler® backpack carriers,Strollers & carriers,fall,3,ACT NOW
02-129,2002-03-27,Portable basketball hoops,,laceration,3,ACT NOW
02-526,2002-03-24,Wooden Changing Table with Steps,Toys,,4,ACT SOON
02-121,2002-03-13,Soap Making Kit,,burn,3,ACT NOW
02-117,2002-03-11,"Nature's Valley, Women's Formula Multivitamin",Feeding & high chairs,chemical,4,ACT SOON
02-107,2002-02-20,Graco Snack and Activity Tray,Feeding & high chairs,choking,3,ACT NOW
02-105,2002-02-19,Plush Snuggle® Bears,Toys,choking,3,ACT NOW
02-104,2002-02-19,Pedal Car,,chemical|lead,4,ACT SOON
02-103,2002-02-19,Monsters In The Closet Children's Board Book,Toys,choking,3,ACT NOW
02-101,2002-02-11,Zowie's 123 Children's Book,Toys,choking,3,ACT NOW
02-100,2002-02-11,OshKosh B'Gosh Newborn Girls' Garments,Sleepwear & apparel,choking,3,ACT NOW
02-089,2002-01-23,Children's Gel Candle Kits,Lighters & fire hazards,fire,3,ACT NOW
02-518,2002-01-09,Powerscourt Sterling Teething Rings,Sleepwear & apparel,,4,ACT SOON
02-513,2001-12-20,Folding Little Wood Cribs,"Sleep — cribs, bassinets, loungers",entrapment,1,ACT NOW
02-071,2001-12-17,"""Molly"" and ""Betsy"" style wooden cribs","Sleep — cribs, bassinets, loungers",entrapment|strangulation,1,ACT NOW
02-069,2001-12-17,Sandberg Children's Dresser,Nursery furniture & tip-over,tipover,2,ACT NOW
02-063,2001-12-11,Pop Links toys,Toys,choking,3,ACT NOW
02-062,2001-12-11,Baby Buzz'r toys,Toys,choking,3,ACT NOW
02-061,2001-12-11,Baby Cool and Kid Cool girls' jackets and vests,Sleepwear & apparel,choking,3,ACT NOW
02-060,2001-12-10,Lawn-Boy SilverPro and GoldPro Series power mowers,Household chemicals,burn|fire,3,ACT NOW
02-058,2001-12-05,Curious George toys,Toys,choking,3,ACT NOW
02-057,2001-12-05,Lobster toy (attached to Ocean Friends Stationary Entertainer),Toys,choking,3,ACT NOW
02-051,2001-11-27,"""SunSmart"" baby floats",Outdoor & play equipment,drowning|fall,1,ACT NOW
02-050,2001-11-27,Munchkin T-Strap girls' shoes,Sleepwear & apparel,choking,3,ACT NOW
02-049,2001-11-27,Zapper toys,Toys,choking,3,ACT NOW
02-048,2001-11-27,Cozy Coupe Computer Mouse sets,,choking,3,ACT NOW
02-047,2001-11-27,"""Wiggly Giggler"" Rattles",Toys,choking,3,ACT NOW
02-042,2001-11-14,"""Blast Balls"" toys",Toys,burn|fire,3,ACT NOW
02-034,2001-11-05,"""Bunny My Honey"" children's board books",Lighters & fire hazards,choking,3,ACT NOW
02-503,2001-11-01,Sugar Plum Fairy costumes,Sleepwear & apparel,burn|fire|flammable,3,ACT NOW
02-030,2001-10-30,Soft rattles,Toys,choking,3,ACT NOW
02-502,2001-10-22,"""Hello Baby"" toy phones",Toys,choking,3,ACT NOW
02-014,2001-10-10,Toy Boxes,Toys,entrapment|fall|strangulation,1,ACT NOW
02-012,2001-10-09,"""Runt""TM brand mini-bicycles",Helmets & wheeled toys,,4,ACT SOON
02-011,2001-10-09,"Little Tikes ""2-in-1 Snug 'n Secure"" swings","Walkers, swings & bouncers",fall,3,ACT NOW
02-010,2001-10-09,Home Décor SwingTM wooden baby gates,"Walkers, swings & bouncers",choking,3,ACT NOW
02-009,2001-10-09,Fold-Up Booster Seats,Car seats & travel,fall,3,ACT NOW
02-008,2001-10-09,"Cosco ""Zip n Go,"" ""Okie Dokie,"" and ""Carters"" playpens","Sleep — cribs, bassinets, loungers",entrapment|fall,1,ACT NOW
01-234,2001-09-19,"Rain-X® Super Glass Cleaner Concentrate, Rain-X® Plus Washer Fluid Concentrate, and Rain-X® Washer Fluid Additive",Household chemicals,chemical,4,ACT SOON
01-233,2001-09-19,Drain Opener Clog Remover and Hair Clog Remover sold in 64. oz bottles,Feeding & high chairs,burn,3,ACT NOW
01-231,2001-09-12,Tilt latches on Andersen 200 Series Tilt-Wash Double-Hung Windows,"Gates, rails & childproofing",,4,ACT SOON
01-527,2001-09-09,Children's Pajamas,Toys,fire|flammable,3,ACT NOW
01-228,2001-09-05,John Deere Kids Toolboxes,Toys,choking|laceration,3,ACT NOW
01-227,2001-09-05,Carter's butterfly baby toys,Toys,,4,ACT SOON
01-225,2001-09-04,Maya Wrap infant carrier/sling,Car seats & travel,fall,3,ACT NOW
01-221,2001-08-19,"Children's toys: ""2 PC Tambourine Set"", ""Bathtime Water Wheel"", ""Funny Loco Wind-Up"", and ""Pull Back Duck in Boat""",Toys,choking,3,ACT NOW
01-219,2001-08-19,Little Tree natural wood dollhouse bathroom furniture sets,Toys,chemical|lead,3,ACT NOW
01-518,2001-08-16,REI Kids Super Caps,,choking,3,ACT NOW
01-217,2001-08-15,Children's cargo pants,Toys,choking,3,ACT NOW
01-214,2001-08-08,"Kolcraft LiteSport strollers, model number 36122",Strollers & carriers,fall,3,ACT NOW
01-211,2001-07-30,Safety 1st Cabinet and Drawer Spring Latches,Nursery furniture & tip-over,choking,3,ACT NOW
01-210,2001-07-30,"Portable bassinet sold under the names Sit & Soothe Portable Bassinet, Soothing Sounds Bassinet, and Soothing Sounds Portable Bassinet","Sleep — cribs, bassinets, loungers",,4,ACT SOON
01-209,2001-07-30,"""Hourglass Space Sprout"" and ""Look for Me Bumblebee"" toddler toys",Toys,choking,3,ACT NOW
01-212,2001-07-29,Children's sidewalk bicycles,Helmets & wheeled toys,fall,3,ACT NOW
01-206,2001-07-23,Infant seat pads,"Walkers, swings & bouncers",strangulation,1,ACT NOW
01-205,2001-07-22,Stuffed Bears,,choking,3,ACT NOW
01-203,2001-07-19,nan,"Walkers, swings & bouncers",,4,ACT SOON
01-194,2001-07-09,"""CUDDLES FEEDING SET"" or ""CUDDLES MEAL TIME"" toy feeding sets",Toys,choking,3,ACT NOW
01-193,2001-07-09,"""Let's StartTM Numbers"" and ""Optical Illusions Lab"" educational kits",,lead,4,ACT SOON
01-192,2001-07-09,Peg Perego high chairs,Feeding & high chairs,entrapment|suffocation,1,ACT NOW
01-191,2001-07-09,"""Kitty Kitty Kittens"" stuffed toy kittens",Toys,,4,ACT SOON
01-190,2001-07-09,Children's Velcro wallets,Jewelry & accessories,chemical|lead,3,ACT NOW
01-516,2001-07-04,"Twin plantation bed headboards, queen plantation bed headboards, plantation nightstands and antique tin mirrors",Nursery furniture & tip-over,chemical|lead,4,ACT SOON
01-182,2001-07-01,Build-A-Ball toy,Toys,suffocation,1,ACT NOW
01-175,2001-06-20,nan,,,4,ACT SOON
01-166,2001-06-18,nan,Toys,,4,ACT SOON
01-174,2001-06-13,Electronic Light N' Learn activity gyms,Toys,choking,3,ACT NOW
01-172,2001-06-13,"""Take 2,"" ""Travel Solutions,"" ""Pioneer,"" ""Travelite,"" and ""Pro Sport"" 4-in-1 strollers",Strollers & carriers,fall,3,ACT NOW
01-173,2001-06-12,Baby Boy Bodysuits,Sleepwear & apparel,choking,3,ACT NOW
01-171,2001-06-12,ParentsTM magazine-brand Soft Landing Beanbag cushions,Nursery furniture & tip-over,strangulation|suffocation,1,ACT NOW
01-170,2001-06-12,BRIO Baking Sets,Toys,choking,3,ACT NOW
01-165,2001-06-04,Star Cruiser® and Rocket Rider® swings on backyard gym sets,"Walkers, swings & bouncers",fall,3,ACT NOW
01-164,2001-05-30,Boys' vests,Jewelry & accessories,choking,3,ACT NOW
01-160a,2001-05-23,Tropical Fish and Rockin' Reptile Push'n Pop toys,Toys,choking,3,ACT NOW
01-158,2001-05-21,Splash Blast Water Rockets,Toys,,4,ACT SOON
01-155a,2001-05-16,COMBI activity rockers,"Walkers, swings & bouncers",choking,3,ACT NOW
01-154,2001-05-16,Changing tables,Toys,fall,3,ACT NOW
01-151,2001-05-09,Home soda-making machines,,laceration,3,ACT NOW
01-149,2001-05-09,Grow-to-Pro Basketball Set,,strangulation,1,ACT NOW
01-146,2001-05-09,Snuggle® Teeny Bean Bears,,choking,3,ACT NOW
01-142,2001-05-02,Magna Equator mountain bicycles,Toys,fall,3,ACT NOW
01-139a,2001-05-01,"The ""Hotery Pocke Torch"" and ""Fire Plug"" Pocket Torch",Lighters & fire hazards,burn|fire,3,ACT NOW
01-137,2001-04-30,Evenflo Joyride Car Seats/Carriers,Car seats & travel,fall,3,ACT NOW
01-135,2001-04-25,"""Whatagear"" compass toys",Toys,choking,3,ACT NOW
01-132,2001-04-23,"Dynacraft ""NEXT SHOCKZONE"" Mountain Bicycles",Toys,,4,ACT SOON
01-128b,2001-04-23,"Cigarette lighters packaged in souvenir sets with ashtrays, pencils or pens",Lighters & fire hazards,burn|fire,3,ACT NOW
01-129,2001-04-18,Princess Ariel (The Little Mermaid) costumes,Sleepwear & apparel,burn|fire|flammable,3,ACT NOW
01-124,2001-04-16,Gladstrong disposable lighters,Lighters & fire hazards,fire,3,ACT NOW
01-124,2001-04-16,Gladstrong disposable lighters,Lighters & fire hazards,fire,3,ACT NOW
01-122,2001-04-11,Easter egg garlands,Jewelry & accessories,choking,3,ACT NOW
01-120,2001-04-04,Fleetwood disposable lighters,Lighters & fire hazards,burn|fire,3,ACT NOW
01-117,2001-03-28,nan,"Walkers, swings & bouncers",,4,ACT SOON
01-115,2001-03-28,Intelli-Table activity tables,Toys,choking,3,ACT NOW
01-513,2001-03-27,Levi's infant (12-24 month) and toddler (2T to 4T) garments with metal inseam snaps,Sleepwear & apparel,choking,3,ACT NOW
01-113,2001-03-25,Children's fleece pants,Sleepwear & apparel,choking,3,ACT NOW
01-512,2001-03-20,"Children's bathrobes sold under the brand names Lollypop, Bath Magic and Color Block",Sleepwear & apparel,burn|fire|flammable,3,ACT NOW
01-110,2001-03-18,Bug Zapper toys,Toys,choking,3,ACT NOW
01-109b,2001-03-18,Light and Glitter Wands,Sleepwear & apparel,burn,3,ACT NOW
01-104,2001-03-12,"""Play TV Baseball"" video games",Toys,,4,ACT SOON
01-103,2001-03-12,Water bottles included with girl's Mongoose Heart Breaker bicycles,Feeding & high chairs,choking,3,ACT NOW
01-100,2001-03-11,"""Rattling, Paddling Riverboat"" toddler toys",Toys,choking,3,ACT NOW
01-099,2001-03-04,"""Scooter Bug"" toddler toys",Toys,choking,3,ACT NOW
01-096c,2001-02-28,"""Ti-dee Helper"" children's broom",Feeding & high chairs,chemical|lead,3,ACT NOW
01-096b,2001-02-28,"""Concept Classification Activity Kits"" and ""Opposites Take-Home Pack"" educational games",Toys,chemical|lead,3,ACT NOW
01-096a,2001-02-28,"""Little Lessons Music Makers"" toy drum",Toys,choking,3,ACT NOW
01-094,2001-02-27,Home and Roam and Baby Express portable cribs/play yards,"Sleep — cribs, bassinets, loungers",entrapment|fall,1,ACT NOW
01-091,2001-02-22,Ballistic front suspension forks installed on Mongoose S-20 and MGX S-20 bicycles and Roadmaster Ridge Rider bicycles,Feeding & high chairs,fall,3,ACT NOW
01-088,2001-02-20,Graco highchairs,Feeding & high chairs,fall,3,ACT NOW
01-087,2001-02-20,"""Little Folks"" crib","Sleep — cribs, bassinets, loungers",entrapment|fall|suffocation,1,ACT NOW
01-086,2001-02-20,BarbieTM Sunglasses,Jewelry & accessories,,4,ACT SOON
01-081,2001-02-07,"""Planet Discovery"" Kid's Meal toys",Toys,choking,3,ACT NOW
01-079,2001-02-05,Pottery Barn Wooden Dog Pull Toys,Toys,choking,3,ACT NOW
01-076,2001-01-31,Tot Rider walkers,"Walkers, swings & bouncers",choking|fall,3,ACT NOW
01-075,2001-01-28,Carter's infant jumpsuits,Sleepwear & apparel,choking,3,ACT NOW
01-074,2001-01-28,2001 Torker Blaster 16-inch Boy's bicycles and Sunflower 16-inch Girl's bicycles,Helmets & wheeled toys,fall,3,ACT NOW
01-070,2001-01-21,Busy School Bus toys,Toys,choking,3,ACT NOW
01-067,2001-01-17,Ocean Pacific® girls' sweatshirts with drawstrings,Sleepwear & apparel,entanglement|strangulation,1,ACT NOW
01-066,2001-01-16,BABY GUESS and GUESS GIRLS jeans and overalls,Sleepwear & apparel,choking,3,ACT NOW
01-064,2001-01-08,Crayola® toddler boots,Sleepwear & apparel,choking,3,ACT NOW
01-062,2000-12-27,Scoop Pour 'N Squirt squirting fish bath toy,Bath & water safety,,4,ACT SOON
01-059,2000-12-19,Excite Super Speeder II and Viper scooter,Helmets & wheeled toys,,4,ACT SOON
01-056,2000-12-19,Kolcraft Ranger and Ranger Quattro strollers,Strollers & carriers,,4,ACT SOON
01-053a,2000-12-12,Stuffed snowman and reindeer toys,Toys,choking,3,ACT NOW
01-051,2000-12-07,"Leap Frog ""Alphabet Pal"" electronic pull toys",Toys,choking,3,ACT NOW
01-050,2000-12-07,Sesame Street Busy Poppin' Pals toys,Toys,choking|laceration,3,ACT NOW
01-049,2000-12-06,Kent Kickin' Mini-Scooters and Kash 'N Gold Racer X20TM Scooters,Helmets & wheeled toys,fall,3,ACT NOW
01-047,2000-12-04,"""Pacee"" pacifiers",Feeding & high chairs,choking,3,ACT NOW
01-041,2000-11-26,Options 5 High Chairs,Feeding & high chairs,fall,3,ACT NOW
01-039,2000-11-20,Plush rabbit toys: Natalie Nibblenose and Nickie Nibblenose,Toys,choking,3,ACT NOW
01-035,2000-11-19,Children's Snuggle-Up slippers,Sleepwear & apparel,choking,3,ACT NOW
01-033a,2000-11-15,Curious George musical pull toys,Toys,strangulation,1,ACT NOW
01-025,2000-11-01,Toy xylophone,Toys,choking,3,ACT NOW
01-023,2000-10-31,window blinds with pull cords and inner cords,Jewelry & accessories,strangulation,1,ACT NOW
01-021,2000-10-26,"""John Lennon"" crib mobiles","Sleep — cribs, bassinets, loungers",fall,3,ACT NOW
01-501,2000-10-25,Public playground stainless steel slides,Outdoor & play equipment,laceration,3,ACT NOW
01-016,2000-10-23,Chest freezers,Nursery furniture & tip-over,,4,ACT SOON
01-015,2000-10-16,Stinson Bunk Beds,Nursery furniture & tip-over,fall,3,ACT NOW
01-012,2000-10-12,Century rear-facing infant car seats/carriers,Car seats & travel,fall,3,ACT NOW
01-506,2000-10-02,Playground Arch Swings,"Walkers, swings & bouncers",,4,ACT SOON
00-191,2000-09-27,Rainbow Play Systems Play Set Swing Chains,"Walkers, swings & bouncers",fall,3,ACT NOW
00-189,2000-09-27,"""Turbo 2000"" disposable cigarette lighters",Lighters & fire hazards,burn|fire,3,ACT NOW
00-186,2000-09-24,Tiny Love Super Car-Bar,Toys,choking,3,ACT NOW
01-500,2000-09-17,Mini-hammocks,"Sleep — cribs, bassinets, loungers",strangulation,1,ACT NOW
00-181,2000-09-13,Klackeroo toys,Toys,choking,3,ACT NOW
00-155,2000-09-13,"""BIC"" and mini- ""BIC"" brand lighters",Lighters & fire hazards,burn|fire,3,ACT NOW
00-176,2000-08-30,"""Power Drivers"" and ""Buddy L"" battery-powered children's riding vehicles",,fire|overheat,3,ACT NOW
00-172,2000-08-28,Inflatable playrings,Outdoor & play equipment,suffocation,1,ACT NOW
00-171,2000-08-28,Pasta Pals toys included with Fazoli's Kids Meals,Toys,suffocation,1,ACT NOW
00-170,2000-08-27,Baseball shirts and rompers,Sleepwear & apparel,choking,3,ACT NOW
00-169b,2000-08-23,Gel pens included with Icee Black notebooks and Icee Black notepads,Sleepwear & apparel,,4,ACT SOON
00-168,2000-08-22,"Fisher-Price ""Lift & Lock Swings"" and ""Get Up & Go Walkers""","Walkers, swings & bouncers",fall,3,ACT NOW
00-167,2000-08-22,Le Cradle bassinets,"Sleep — cribs, bassinets, loungers",entrapment|suffocation,1,ACT NOW
00-166a,2000-08-16,Girls' nightshirts,Sleepwear & apparel,burn|fire|flammable,3,ACT NOW
00-164,2000-08-15,Busy Poppin' Pals toys,Toys,choking|laceration,3,ACT NOW
00-162,2000-08-09,Tangled Treeples toys included with KFC Kids Meals,Toys,suffocation,1,ACT NOW
00-158,2000-08-07,"""Splash Club"" swim masks for children",Sleepwear & apparel,laceration,3,ACT NOW
00-157,2000-08-07,"Mobile ""4 Wheelin"" Walkers","Walkers, swings & bouncers",choking,3,ACT NOW
00-154,2000-08-01,Magic Years® Novelty Pacifier Buddy Clips,Feeding & high chairs,choking,3,ACT NOW
00-151,2000-07-26,Gerry® TrailTechTM backpack baby carriers with plastic frames,Strollers & carriers,fall,3,ACT NOW
00-150,2000-07-23,Plush Shape Sorter Toys and Plush Stacking Toys,Toys,,4,ACT SOON
00-148,2000-07-20,Stand-Up 'N Play Tables,Sleepwear & apparel,choking,3,ACT NOW
00-147,2000-07-20,Wiggle Waggle CaterpillarTM toys,Toys,choking,3,ACT NOW
00-146,2000-07-20,"""Hop, Skip, Jumper"" activity seats and Big Action Construction Toys","Walkers, swings & bouncers",fall|strangulation,1,ACT NOW
00-145a,2000-07-19,Whoozit® Touch and TeetheTM teething toys,Feeding & high chairs,choking,3,ACT NOW
00-143,2000-07-11,"""Love My Baby"" Doll Feeding Set",Toys,choking,3,ACT NOW
00-141,2000-07-05,"Sesame Street ""Elmo Nightlights""",Nursery electricals & monitors,electrical,3,ACT NOW
00-140,2000-07-04,"""Hearts & Flowers"" bicycle helmets",Helmets & wheeled toys,fall|labeling,3,ACT NOW
00-139,2000-07-04,L.A. Cruisin' bicycle helmets,Helmets & wheeled toys,fall|labeling,3,ACT NOW
00-138,2000-07-04,Burley-BravoTM bicycle trailers,Helmets & wheeled toys,crash,3,ACT NOW
00-136,2000-06-28,Kellogg's Nascar® Pull'N Go Hot Wheels,Toys,choking,3,ACT NOW
00-135,2000-06-28,Baby Anbesol® Baby Teething Kits,,choking,3,ACT NOW
00-134,2000-06-26,Sky Dancers® flying dolls,Toys,,4,ACT SOON
00-133,2000-06-26,Music & Lights Kidaround SpinnerTM,Toys,fall,3,ACT NOW
00-127,2000-06-21,Little Smart Soft Songs Baby Phones,Toys,choking,3,ACT NOW
00-125,2000-06-14,Children's rocking chairs,"Walkers, swings & bouncers",fall,3,ACT NOW
00-124,2000-06-13,Tot Wheels® Entertainer® Activity Center infant walkers,"Walkers, swings & bouncers",fall,3,ACT NOW
00-121,2000-06-08,"Classic Patterns ""Cherubs"" and Soft Comfort latex pacifiers",Feeding & high chairs,choking,3,ACT NOW
00-122,2000-06-07,Vinyl window blinds,Window coverings & cords,chemical|labeling|lead,4,ACT SOON
00-119,2000-06-06,Children's robes,Sleepwear & apparel,burn|fire|flammable,3,ACT NOW
00-120,2000-06-05,Bug Zapper toys,Toys,choking,3,ACT NOW
00-118b,2000-06-04,Infant girls' cargo skirts,Sleepwear & apparel,choking,3,ACT NOW
00-117b,2000-05-31,Children's picnic sets,Feeding & high chairs,chemical|lead,3,ACT NOW
00-116,2000-05-30,"Kids II ""Soft Toy Bouncer Seats"" and ""Comfort Me Bouncers""","Walkers, swings & bouncers",,4,ACT SOON
00-114,2000-05-24,Tweety Rattle and Tweety girls' jelly swimwear sandals,Toys,choking,3,ACT NOW
00-109,2000-05-15,Aqua Mist windshield washer fluid,Feeding & high chairs,chemical,4,ACT SOON
00-107b,2000-05-09,Baby hammocks,"Sleep — cribs, bassinets, loungers",strangulation,1,ACT NOW
00-107a,2000-05-09,"""Stacking King"" wooden stacking toys",Toys,choking,3,ACT NOW
00-106,2000-05-08,Ballistic front suspension forks installed on Mongoose S-20 and MGX S-20 bicycles,Feeding & high chairs,fall,3,ACT NOW
00-104,2000-05-02,Weed Wizard trimmer heads,Jewelry & accessories,,4,ACT SOON
00103b,2000-05-01,nan,Strollers & carriers,,4,ACT SOON
00-103a,2000-05-01,BOB Sport Utility Stroller and BOB Sport Utility Stroller D'lux jogging strollers,Strollers & carriers,fall,3,ACT NOW
00-102,2000-04-26,Healthtex® and Little Impressions® baby garments,Sleepwear & apparel,choking,3,ACT NOW
00-098,2000-04-12,Graco infant swings,"Walkers, swings & bouncers",fall|strangulation,1,ACT NOW
00-093,2000-04-06,Little Ones wooden accent lamps,Sleepwear & apparel,fire,3,ACT NOW
00-092,2000-04-06,3-in-1 Cradle Swing With Detachable Carrier and Bounce 'n PlayTM Activity Dome,"Sleep — cribs, bassinets, loungers",fall|suffocation,1,ACT NOW
00-090b,2000-04-03,AC converters,Sleepwear & apparel,electrical,3,ACT NOW
00-083,2000-03-22,Prince Lionheart Baby Wipe Warmers,Nursery electricals & monitors,electrical,3,ACT NOW
00-082,2000-03-21,"Precious KeepsakesTM silver-plated ""New Baby"" rattle",Toys,choking,3,ACT NOW
00-081,2000-03-19,Wooden Pull-Along Bead Coaster,Toys,choking,3,ACT NOW
00-080,2000-03-19,InSTEP and HEALTHRIDER single and double jogging strollers,Strollers & carriers,,4,ACT SOON
00-079,2000-03-15,nan,Sleepwear & apparel,,4,ACT SOON
00-068,2000-02-15,Tommy Hilfiger socks for infants and children,Sleepwear & apparel,choking,3,ACT NOW
00-067,2000-02-14,Nordstrom infant and toddler jackets,Sleepwear & apparel,choking,3,ACT NOW
00-063a,2000-02-07,Pull toys: Enchanted Garden Inchworm (item number EG150); Merry Meadows Cow (item number FS150); and Sunny Safari Blue Elephant (item number SS150),Toys,choking,3,ACT NOW
00-062,2000-02-06,Prometheus International Novelty Lighters,Lighters & fire hazards,fire,3,ACT NOW
00-061,2000-02-03,Toy Chests,Toys,fall,3,ACT NOW
00-060,2000-02-02,Peek-A-Babe baby garments,Sleepwear & apparel,choking,3,ACT NOW
00-058,2000-01-26,Pokémon balls distributed with Burger King kids meals,"Sleep — cribs, bassinets, loungers",suffocation,1,ACT NOW
00-053,2000-01-12,Miniature skateboard keychains attached to Z.Z. Jamboarder teddy bears,Toys,choking,3,ACT NOW
00-051,2000-01-10,L.L. Bean children's overalls,Sleepwear & apparel,choking,3,ACT NOW
00-049,2000-01-03,Nordstrom infant and girls' sweatshirts,Sleepwear & apparel,choking,3,ACT NOW
00-046,1999-12-26,Pokemon Balls,Toys,suffocation,1,ACT NOW
00-037,1999-12-21,Kelty K.I.D.S. backpack child carriers,Strollers & carriers,fall,3,ACT NOW
00-038,1999-12-20,Magnet games,Toys,chemical|lead|magnet,2,ACT NOW
00-034,1999-12-19,Kolcraft infant car seats/carriers,Car seats & travel,fall,3,ACT NOW
00-033,1999-12-14,"Selecta wooden toys: ""Quatrino"" wooden shape sorter toys, ""Sorting Box"" shape sorter toys, ""Favola"" shape sorter toys, and ""Kugelbahn"" ball chute toys",Toys,choking,3,ACT NOW
00-032,1999-12-08,Children's pajamas sold at Gap and Old Navy stores,Sleepwear & apparel,burn|flammable,3,ACT NOW
00-028,1999-12-06,Texsport five-piece mess kit,Jewelry & accessories,burn,3,ACT NOW
00-026,1999-12-06,Trampoline safety net enclosures,Outdoor & play equipment,fall,3,ACT NOW
00-022,1999-11-30,Nets of Toy Basketball Sets,Toys,strangulation,1,ACT NOW
00-023,1999-11-29,USA Olympic brand boys jackets,Sleepwear & apparel,entanglement,4,ACT SOON
99-026,1999-11-24,Play yards/playpens with protruding rivets,"Sleep — cribs, bassinets, loungers",strangulation,1,ACT NOW
00-016,1999-11-16,"Magna ""Great Divide"" mountain bikes",Toys,fall,3,ACT NOW
00-019,1999-11-16,Lil' Napper infant swings,"Sleep — cribs, bassinets, loungers",strangulation,1,ACT NOW
00-193,1999-11-03,Household extension cords,,electrical|fire,3,ACT NOW
00-010b,1999-10-31,"""North West Blue"" boys hooded jackets and sweatshirts",Sleepwear & apparel,entanglement|strangulation,1,ACT NOW
00-010a,1999-10-31,Novelty and disposable cigarette lighters,Lighters & fire hazards,burn|fire,3,ACT NOW
00-005,1999-10-13,Cigarette lighters,Lighters & fire hazards,burn|fire,3,ACT NOW
00-002,1999-10-07,Gateway foam rubber cows,Toys,choking,3,ACT NOW
99-172a,1999-09-21,Toy flashlight included with Playmobil's Coastal Search and Rescue Boats toy set,Toys,burn|overheat,3,ACT NOW
99-168,1999-09-01,Precious Moments® Tender Tails® stuffed toys,Toys,choking,3,ACT NOW
99-167,1999-09-01,"Spray string sold under the names ""Crazy Ribbon"" and ""Crazy String""",Jewelry & accessories,burn|flammable,3,ACT NOW
99-166,1999-09-01,"Acrobatic trapeze swings sold with Backyard Escapes, Backyard Products and WOW Wooden Play Centers brand gyms","Walkers, swings & bouncers",laceration,3,ACT NOW
99-165,1999-08-30,GUESS? liquid-filled bubble patch t-shirts,,laceration,3,ACT NOW
99-162,1999-08-26,"Graco® and Children On The Go® brand Stroller Snack and Activity Trays, Bathtime Activity Trays, and Bathtime Toy Netting products",Strollers & carriers,choking,3,ACT NOW
99-159,1999-08-18,Esleep Juniors robes,Sleepwear & apparel,burn|fire|flammable,3,ACT NOW
99-153,1999-08-04,Pooh Poppin' Piano toys,Toys,choking,3,ACT NOW
99-151,1999-08-02,Bathtub Baby doll sets,Toys,choking,3,ACT NOW
99-149,1999-07-28,"Peek-A-Babe newborn and infant ""creepers""",Sleepwear & apparel,choking,3,ACT NOW
99-147,1999-07-26,Mini Fruit Girl's Rompers,Sleepwear & apparel,choking,3,ACT NOW
99-145b,1999-07-19,Ceiling fan installation kits,,electrical|fall,3,ACT NOW
99-142,1999-07-14,Reebok Classic Leather Zip children's sneakers,Sleepwear & apparel,choking,3,ACT NOW
99-140,1999-07-13,Bush Industries Television Cart,Nursery furniture & tip-over,fall|tipover,2,ACT NOW
99-139,1999-07-07,Playskool spillproof cups with lids,Feeding & high chairs,choking,3,ACT NOW
99-138,1999-07-07,Cosco Arriva and Turnabout infant car seats/carriers,Car seats & travel,fall,3,ACT NOW
99-136,1999-07-01,Gerber LIL' SPORT Spill Proof Sport Bottles,Feeding & high chairs,choking,3,ACT NOW
99-133,1999-06-29,nan,Sleepwear & apparel,,4,ACT SOON
99-133b,1999-06-29,Gymboree toddler boys 5-pocket denim jeans,Sleepwear & apparel,choking,3,ACT NOW
99-129,1999-06-23,Recalled Star Wars Darth MaulTM Double-Bladed Lightsaber and Qui-Gon JinnTM Lightsaber toys,Toys,burn|overheat,3,ACT NOW
99-128,1999-06-23,Snugli® Front & Back PackTM soft infant carriers,Car seats & travel,fall,3,ACT NOW
99-127,1999-06-23,Swimming Pool Dive Sticks,Outdoor & play equipment,fall,3,ACT NOW
99-125,1999-06-20,Children's tables,,entrapment,1,ACT NOW
99-124,1999-06-15,Sock Monkey stuffed animals,Toys,laceration,3,ACT NOW
99-123b,1999-06-14,"Novelty lighters: shapes of telephone recorder, cell phone and Godzilla",Lighters & fire hazards,burn|fire,3,ACT NOW
99-123a,1999-06-14,Magic Doll Feeding Sets,Toys,choking,3,ACT NOW
99-123,1999-06-14,nan,Toys,,4,ACT SOON
99-121,1999-06-06,Beanbags sold with Barney Hopscotch Game Towels,Toys,choking,3,ACT NOW
99-120c,1999-06-06,Tonka toy trucks,Toys,choking,3,ACT NOW
99-119b,1999-06-02,"Novelty lighters in shape of Gun, Car, Radio, Animals, and Telephones",Lighters & fire hazards,burn|fire,3,ACT NOW
99-119a,1999-06-02,Stairway gates,Jewelry & accessories,fall,3,ACT NOW
99-117a,1999-05-25,Tommy Hilfiger Infant Cardigans,Sleepwear & apparel,choking,3,ACT NOW
99-117,1999-05-25,nan,Nursery electricals & monitors,,4,ACT SOON
99-115,1999-05-24,Bungee Baby Bouncers,"Walkers, swings & bouncers",fall,3,ACT NOW
99-114,1999-05-23,Television Carts,Nursery furniture & tip-over,fall|tipover,2,ACT NOW
99-110,1999-05-10,Stacking ring toys,Toys,choking,3,ACT NOW
99-108,1999-05-09,Next Generation Pisces Cribs,"Sleep — cribs, bassinets, loungers",entrapment,1,ACT NOW
99-107a,1999-05-04,Miffy Wooden Shape Sorter toy,Toys,choking,3,ACT NOW
99-107,1999-05-04,nan,Toys,,4,ACT SOON
99-105,1999-04-28,Kid's Sipper Bottles,Feeding & high chairs,choking,3,ACT NOW
99-103,1999-04-27,Lawn-Boy power mower,,,4,ACT SOON
99-098,1999-04-18,Backpack child carriers,Strollers & carriers,fall|tipover,2,ACT NOW
99-095,1999-04-12,Novelty lighters: lamp and flying saucer,Lighters & fire hazards,fire,3,ACT NOW
99-089a,1999-04-06,"Navy Velvet Baby Garments - cardigans, coveralls and long-sleeve tees",Sleepwear & apparel,choking,3,ACT NOW
99-089,1999-04-06,nan,Sleepwear & apparel,,4,ACT SOON
99-086,1999-03-24,Colorbök Blue's Clues toy notebooks,Toys,choking,3,ACT NOW
99-085,1999-03-24,Bed-N-Loft bunk bed assembly kits,Nursery furniture & tip-over,entrapment|fall|strangulation,1,ACT NOW
99-084,1999-03-23,Perego children's riding vehicles,,fire|overheat,3,ACT NOW
99-081,1999-03-17,Toy puzzle,Toys,choking,3,ACT NOW
99-076,1999-03-09,Sanapac dietary supplements,Personal care & medicine,chemical,4,ACT SOON
99-074,1999-03-07,VeggieTales' Dave and the Giant Pickle playsets,Outdoor & play equipment,,4,ACT SOON
99-073,1999-03-04,NIKE Little Air Jordan XIV infant shoes,Sleepwear & apparel,chemical|lead,4,ACT SOON
99-063,1999-02-16,"Mattresses sold with Cosco model ""M"" tubular metal cribs","Sleep — cribs, bassinets, loungers",entrapment,1,ACT NOW
99-062,1999-02-16,Cosco GeobyTM Two WaysTM tandem stroller,Strollers & carriers,fall,3,ACT NOW
99-054,1999-01-20,"Party Time ""Happy String"" cans",Jewelry & accessories,burn|flammable,3,ACT NOW
99-053,1999-01-20,"""Baby Bjorn"" fabric infant carriers",Car seats & travel,fall,3,ACT NOW
99-052,1999-01-19,Girls' fleece robes,Sleepwear & apparel,burn|fire|flammable,3,ACT NOW
99-049,1999-01-13,Infant and toddler hats,Sleepwear & apparel,strangulation,1,ACT NOW
99-047,1999-01-11,Ceiling fan installation kits,,electrical|fall,3,ACT NOW
99-045,1999-01-06,Lawn-Boy power mowers,Jewelry & accessories,,4,ACT SOON
99-044,1998-12-28,First Alert True Fit safety gates,"Gates, rails & childproofing",choking,3,ACT NOW
99-041,1998-12-22,Cigarette lighters,Lighters & fire hazards,fire,3,ACT NOW
99-036,1998-12-21,Nets of Toy Basketball Sets,Toys,strangulation,1,ACT NOW
99-037,1998-12-13,Garden Play Yard Pals crib and play yard rail toys,"Sleep — cribs, bassinets, loungers",laceration,3,ACT NOW
99-035,1998-12-09,"L.L. Bean backpack child carriers, model number AC25",Strollers & carriers,entanglement|fall|strangulation|tipover,1,ACT NOW
99-032,1998-12-02,Plastic chests,Toys,entrapment|suffocation,1,ACT NOW
99-030,1998-11-30,Icy RiderTM Toboggans,,,4,ACT SOON
99-021,1998-11-16,Playskool Travel-Lite portable crib,"Sleep — cribs, bassinets, loungers",entrapment|fall|suffocation,1,ACT NOW
99-020b,1998-11-11,"""Henry"" Gym Sets, model #68","Walkers, swings & bouncers",fall,3,ACT NOW
99-020a,1998-11-11,"""Cuddle Me Close"" bedside cradles","Sleep — cribs, bassinets, loungers",,4,ACT SOON
99-020,1998-11-11,nan,"Sleep — cribs, bassinets, loungers",,4,ACT SOON
99-018,1998-11-09,Wooden Bunk Beds,Nursery furniture & tip-over,entrapment|strangulation,1,ACT NOW
99-013,1998-10-27,Children's vampire capes and witch brooms,Sleepwear & apparel,burn|fire|flammable,3,ACT NOW
99-012,1998-10-21,Fisher-Price Power Wheels,Toys,overheat,4,ACT SOON
99-010b,1998-10-19,Bi-fold Doors,Toys,entrapment|laceration,1,ACT NOW
99-010,1998-10-19,Stuffed Crab Toys,Toys,laceration,3,ACT NOW
99-009,1998-10-14,"Individually sold xylophones, Little Ones® Infant three-piece musical gift sets, and Little Ones® Infant five-piece musical gift sets",Toys,,4,ACT SOON
99-007,1998-10-07,Children's Teva sandals,Sleepwear & apparel,fall,3,ACT NOW
99-006,1998-10-07,"""Splash Club"" Deluxe Baby Floats",Outdoor & play equipment,drowning|fall,1,ACT NOW
99-002,1998-09-30,Pacifiers,Feeding & high chairs,choking,3,ACT NOW
98-172,1998-09-27,TV Guard,Nursery furniture & tip-over,,4,ACT SOON
98-171,1998-09-27,Graco stationary Entertainers,Toys,choking,3,ACT NOW
98-169,1998-09-15,Children's satin pajama sets,Sleepwear & apparel,burn|fire|flammable,3,ACT NOW
98-165,1998-09-07,Hike 'N Roll child carriers,Strollers & carriers,strangulation,1,ACT NOW
98-164,1998-09-02,Circus-theme and princess-theme children's furniture,Toys,chemical|lead,3,ACT NOW
98-163,1998-09-02,Fold 'N Go Care Centers,"Sleep — cribs, bassinets, loungers",entrapment|suffocation,1,ACT NOW
98-161,1998-09-01,Flying Warrior dolls,Toys,,4,ACT SOON
98-162,1998-08-31,Paper candle shades,Lighters & fire hazards,fire,3,ACT NOW
98-156,1998-08-20,"""Playskool Travel-Lite"" portable cribs","Sleep — cribs, bassinets, loungers",entrapment|fall|suffocation,1,ACT NOW
98-153,1998-08-18,Wooden bunk beds,Nursery furniture & tip-over,entrapment|fall,1,ACT NOW
98-151,1998-08-17,Mulan backpacks and rolling luggage,,chemical|lead,4,ACT SOON
98-148,1998-08-12,"""Splash Club"" Deluxe Inflatable Kiddie Boats",Outdoor & play equipment,drowning|fall,1,ACT NOW
98-147,1998-07-27,Children's jewelry sets,Jewelry & accessories,choking,3,ACT NOW
98-145,1998-07-21,Servel gas refrigerators,Sleepwear & apparel,carbonmonoxide,4,ACT SOON
98-146,1998-07-21,Crate & Barrel Toy Chests,Toys,entrapment|fall|strangulation,1,ACT NOW
98-144,1998-07-19,Sure-Pik bowling ball returns,,entrapment,1,ACT NOW
98-143,1998-07-15,Activity Block Sets,Toys,choking,3,ACT NOW
98-140,1998-07-08,"Animal squeeze toys (gopher, penguin, rabbit, tiger, bear and mouse) and jet fighter toy",Toys,choking,3,ACT NOW
98-135,1998-06-28,Knock-A-Block toy,Toys,choking,3,ACT NOW
98-134,1998-06-27,Flower rattles,Toys,choking,3,ACT NOW
98-131,1998-06-23,"""Turning Ball with Whistle"" rattles",Toys,choking,3,ACT NOW
98-129,1998-06-22,Children's Coasters brand shoes,Sleepwear & apparel,choking,3,ACT NOW
98-128,1998-06-17,"""Playskool Travel-Lite"" portable crib","Sleep — cribs, bassinets, loungers",entrapment|fall|suffocation,1,ACT NOW
98-125,1998-06-10,Bouncing Buggy toy car,Strollers & carriers,,4,ACT SOON
98-122,1998-06-07,Bubble BeautiesTM floating balls,Toys,,4,ACT SOON
98-120,1998-06-02,GapKids spring/summer anoraks,Jewelry & accessories,chemical|lead,3,ACT NOW
98-118,1998-06-01,Oscar Mayer Wienermobile pedal cars,,chemical|lead,4,ACT SOON
98-111,1998-05-17,Payless novelty children's purses,Sleepwear & apparel,,4,ACT SOON
98-108,1998-05-12,Super Clean aerosol foam,Household chemicals,burn,3,ACT NOW
98-106,1998-05-06,Toy Saxophones distributed with Arby's Adventure Meals,Toys,choking,3,ACT NOW
98-102,1998-04-27,Sanrio Mascot Plushes animal toys,Toys,choking,3,ACT NOW
98-099,1998-04-26,Rand/Ross Mountain Bikes,Helmets & wheeled toys,fall,3,ACT NOW
98-094,1998-04-08,Elite-2 disposable cigarette lighters,Lighters & fire hazards,fire,3,ACT NOW
98-093,1998-04-07,Tweety Water Timer Game Key Rings,Toys,chemical,4,ACT SOON
98-092,1998-04-07,Halloween Floating Eyeballs and Smiley Face Floating Balls,,chemical|choking,3,ACT NOW
98-090,1998-04-07,Gerry Clear Choice model 618 baby monitors,Nursery electricals & monitors,,4,ACT SOON
98-089,1998-03-30,Bike passenger trailers,Helmets & wheeled toys,,4,ACT SOON
98-076,1998-03-04,Evenflo On My Way infant car seats/carriers,Car seats & travel,,4,ACT SOON
98-074,1998-03-01,Fisher-Price cookie-shaped refrigerator magnet toys and Magic Motion Mobiles,Toys,choking|fall|magnet,2,ACT NOW
98-071,1998-02-18,First Years High Chair Gym toys,Feeding & high chairs,choking,3,ACT NOW
98-067,1998-02-16,Cyber Fighter and Flying Angel dolls,Toys,,4,ACT SOON
98-065,1998-02-09,Generation oak cribs,"Sleep — cribs, bassinets, loungers",,4,ACT SOON
98-060,1998-01-28,"Miniature rocking chair, sold as part of Wee Patsy Travel Set",Toys,chemical|lead,3,ACT NOW
98-058,1998-01-26,Bean bag crab toys,Toys,choking,3,ACT NOW
98-055,1998-01-11,Step 2 Big Storage Chests,Toys,entrapment|fall|strangulation,1,ACT NOW
98-052,1998-01-04,"Glide Rides, sold with backyard gym sets",,fall,3,ACT NOW
98-050,1998-01-04,"Fleece garments: children's vests and pants; infant shirts; men's shirts; and ladies' tops, top and pants sets, and robes",Sleepwear & apparel,burn|fire|flammable,3,ACT NOW
98-049,1997-12-23,Children's Soap Craft Set,Toys,fire,3,ACT NOW
98-048,1997-12-18,Graco Carriers and Carrier/Swing Seats,"Walkers, swings & bouncers",fall,3,ACT NOW
98-047,1997-12-17,Mesh-Sided Cribs,"Sleep — cribs, bassinets, loungers",entrapment|suffocation,1,ACT NOW
98-045,1997-12-15,VoyagerTM Car Seat/Strollers,Car seats & travel,fall,3,ACT NOW
98038,1997-12-09,Curtain-Style Holiday Lights,Window coverings & cords,electrical,3,ACT NOW
98-037,1997-12-07,Infant Carriers,Car seats & travel,fall,3,ACT NOW
98-027,1997-11-12,Zippered Vest,Outdoor & play equipment,choking,3,ACT NOW
98-024,1997-11-05,Wooden Clown Toys,Toys,choking,3,ACT NOW
98-023,1997-11-04,Clock Tambourine Toys,Toys,choking,3,ACT NOW
98-018,1997-10-28,Halloween Bounce Balls,,choking,3,ACT NOW
98-019,1997-10-27,Safety 1st Nursery Monitor Batteries,Button cells & batteries,,4,ACT SOON
98-016,1997-10-22,Wipe Warmers,Nursery electricals & monitors,overheat,4,ACT SOON
98-011,1997-10-13,Stuffed bears,Toys,choking,3,ACT NOW
98-007,1997-10-08,Sports BlastTM drinks,Feeding & high chairs,choking,3,ACT NOW
98-005,1997-10-07,Wooden vehicle toys,Toys,choking,3,ACT NOW
98-004,1997-10-06,Children's toy bracelets (packaged as party favors),Toys,choking,3,ACT NOW
98-001,1997-10-01,Hot Pet Car battery-operated toy cars,Toys,choking,3,ACT NOW
97-195,1997-09-29,Francisca full-size wooden baby cribs,"Sleep — cribs, bassinets, loungers",entrapment|fall|strangulation,1,ACT NOW
97-194,1997-09-29,First Alert® True FitTM Safety Gate,"Gates, rails & childproofing",choking,3,ACT NOW
97-193,1997-09-23,Wooden and metal bunk beds,Nursery furniture & tip-over,entrapment,1,ACT NOW
97-192,1997-09-23,Smoke Tote Cigarette Lighters,Lighters & fire hazards,fire,3,ACT NOW
97-186,1997-09-07,Aguarras floor cleaner,Household chemicals,,4,ACT SOON
97-180,1997-09-01,Century Lil' Napper infant swings,"Sleep — cribs, bassinets, loungers",strangulation,1,ACT NOW
97-176,1997-08-26,Star Wonders dolls,Toys,,4,ACT SOON
97-173,1997-08-20,Halogen Torchiere Floor Lamps,Lighters & fire hazards,fire,3,ACT NOW
97-172,1997-08-17,Kinder Chocolate Eggs,Toys,choking,3,ACT NOW
97-169,1997-08-04,Gymboree Children's Umbrellas,Toys,chemical|lead,3,ACT NOW
97-164,1997-07-29,Aguarras Paint Thinner,Household chemicals,chemical,4,ACT SOON
97-163,1997-07-28,Men's Model 8546-23 MAGNA High Impact Mountain-Style Bicycles,Toys,fall,3,ACT NOW
97-161,1997-07-20,Vitamin and Medicine Bottles,Feeding & high chairs,chemical,4,ACT SOON
97-160,1997-07-16,Splash Off Water Rockets,,,4,ACT SOON
97-159,1997-07-15,Infant toy for crib,"Sleep — cribs, bassinets, loungers",strangulation,1,ACT NOW
97-155,1997-07-09,Toy Jewelry Sets,Toys,choking,3,ACT NOW
97-154,1997-07-08,Cosco Full-Size Metal Baby Cribs,"Sleep — cribs, bassinets, loungers",entrapment,1,ACT NOW
97148,1997-06-25,Cigarette Lighters,Lighters & fire hazards,,4,ACT SOON
97-146,1997-06-24,Fully Operational Portable Play Yards,"Sleep — cribs, bassinets, loungers",fall,3,ACT NOW
97-145,1997-06-23,Full-Size Wooden Baby Cribs,"Sleep — cribs, bassinets, loungers",entrapment|fall|strangulation,1,ACT NOW
97-143,1997-06-18,Chinese jump ropes sold with children's activity books,Sleepwear & apparel,,4,ACT SOON
97-141,1997-06-11,IKEA Stuffed Animals,Toys,choking,3,ACT NOW
97-135,1997-06-01,Levi Girls' Dresses,Sleepwear & apparel,choking,3,ACT NOW
97-130,1997-05-27,Sweet Suzana brand infants' shirt-and-pant sets,Sleepwear & apparel,choking,3,ACT NOW
97-129,1997-05-21,Pencils with Pacifiers where erasers go,Feeding & high chairs,choking,3,ACT NOW
97-126,1997-05-18,Graco Stationary Entertainers,Sleepwear & apparel,,4,ACT SOON
97-124,1997-05-18,Toy Police Car,Toys,choking,3,ACT NOW
97-125,1997-05-14,Full-Size Metal Baby Cribs,"Sleep — cribs, bassinets, loungers",choking|entrapment,1,ACT NOW
97-120,1997-05-11,Metallic Heart-Shaped Medallion Necklaces,Jewelry & accessories,chemical|lead,3,ACT NOW
97-116,1997-05-04,Garage Door Openers,"Walkers, swings & bouncers",,4,ACT SOON
97-113,1997-04-30,Teddy Precious Indian girl and boy stuffed bear,Toys,choking,3,ACT NOW
97-110,1997-04-23,Quiet Time Infant Swings,"Walkers, swings & bouncers",fall,3,ACT NOW
97-105,1997-04-16,Wooden Toy Cars,Toys,choking,3,ACT NOW
97-104,1997-04-16,Wooden Toy Trucks,Toys,choking,3,ACT NOW
97-103,1997-04-15,Weebles Tractor toys,Toys,choking,3,ACT NOW
97-102,1997-04-15,Century TraveLite SPORT strollers,Strollers & carriers,fall,3,ACT NOW
97-101,1997-04-14,Disney Romper Sets,Sleepwear & apparel,,4,ACT SOON
97-100,1997-04-13,Children's Swimming Vests,"Gates, rails & childproofing",drowning,1,ACT NOW
97-095,1997-04-06,Bunk Beds,Nursery furniture & tip-over,entrapment,1,ACT NOW
97094,1997-03-30,Power Strip Surge Protectors,,electrical|fire,3,ACT NOW
97-090,1997-03-24,Keysheen Children's Chaise Lounge Chairs,,entrapment|laceration,1,ACT NOW
97-088,1997-03-24,Carter's Infant Carriers,Car seats & travel,fall,3,ACT NOW
97-083,1997-03-10,nan,Sleepwear & apparel,,4,ACT SOON
97-065,1997-02-02,"Model 10-6200 main drain covers in spas, hot tubs, and swimming pools",,entanglement,4,ACT SOON
97-064,1997-01-28,Soft Walkin' Wheels (model 90165) toy vehicles,Toys,choking,3,ACT NOW
97-057,1997-01-14,Baby Buzz Infant Toys,Toys,strangulation,1,ACT NOW
97-056,1997-01-12,Restraint Bars of the Playskool 1-2-3 High Chairs,Feeding & high chairs,fall,3,ACT NOW
97-055,1997-01-05,"Cabbage Patch Kids® Snacktime Kids dolls, Mattel, Inc.",Feeding & high chairs,,4,ACT SOON
97-054,1997-01-05,Toy Water Batons,Toys,choking,3,ACT NOW
97-053,1996-12-23,MDK Model Trains,Outdoor & play equipment,fire|overheat,3,ACT NOW
97-050,1996-12-19,Levi's Koveralls and Shortalls,Sleepwear & apparel,choking,3,ACT NOW
97-048,1996-12-18,Children's ID Bracelets,Jewelry & accessories,choking,3,ACT NOW
97-046,1996-12-17,Chenille Sweaters,Sleepwear & apparel,burn|flammable,3,ACT NOW
97-047,1996-12-16,Houdini Portable Playyards,"Sleep — cribs, bassinets, loungers",,4,ACT SOON
97-044,1996-12-16,Santa Candle Holders and Potpourri Simmer Pots,Lighters & fire hazards,fire|flammable,3,ACT NOW
97-043,1996-12-16,Paperweights and Pens,,fire|flammable,3,ACT NOW
97-042,1996-12-16,Wooden Toys,Toys,lead,3,ACT NOW
97-032,1996-11-26,Wooden bunk beds,Nursery furniture & tip-over,entrapment,1,ACT NOW
97-030,1996-11-25,Exploring Nature Funstation,Toys,,4,ACT SOON
97-028,1996-11-20,Portable Cribs/Playpens,"Sleep — cribs, bassinets, loungers",fall|strangulation,1,ACT NOW
97-026,1996-11-20,Travel Playards (also known as playpens),"Sleep — cribs, bassinets, loungers",fall,3,ACT NOW
97-023,1996-11-18,Wood Lock Medicated Balm,Personal care & medicine,chemical,4,ACT SOON
97-021,1996-11-12,Kid's Phone Beeper Combo,Toys,choking,3,ACT NOW
97-015,1996-10-29,(Mesh on) Graco Playards,"Sleep — cribs, bassinets, loungers",choking|entanglement,3,ACT NOW
97-013,1996-10-28,Novelty and Disposable Cigarette Lighters,Lighters & fire hazards,fire,3,ACT NOW
97-009,1996-10-23,Plastic Halloween Bucket,Bath & water safety,chemical|lead,4,ACT SOON
97-007,1996-10-21,Cigarette Lighter,Lighters & fire hazards,fire,3,ACT NOW
97-006,1996-10-20,Little Wood Wagon,Helmets & wheeled toys,chemical|lead,4,ACT SOON
97-005,1996-10-14,Clearfire Candles,Lighters & fire hazards,overheat,4,ACT SOON
97-002,1996-10-02,Deluxe Baby Monitor,Nursery electricals & monitors,fire|overheat,3,ACT NOW
96188,1996-09-10,Flip Fingers Rattle,Toys,choking,3,ACT NOW
96-183,1996-08-07,EZ Sales Hammocks,"Sleep — cribs, bassinets, loungers",strangulation,1,ACT NOW
96-179,1996-07-31,"Toy ""Engineering Trucks""",Toys,choking,3,ACT NOW
96-175,1996-07-30,Fold N' Travel Infant Carrier,Car seats & travel,fall,3,ACT NOW
96-173,1996-07-25,Chillers Sticks,,choking,3,ACT NOW
96-172,1996-07-24,Children's Chair,,choking,3,ACT NOW
96-171,1996-07-24,CVS Sleep Caplets,Feeding & high chairs,chemical,4,ACT SOON
96-169,1996-07-18,SnackTime Stroller Toy Bars,Strollers & carriers,,4,ACT SOON
96-162,1996-07-08,Minnie Mouse Nautical Outfits,Sleepwear & apparel,choking,3,ACT NOW
96-161,1996-07-08,Mountain Bike Suspension Forks,Feeding & high chairs,fall,3,ACT NOW
96-151,1996-06-25,My Pet Bear ride-on toys,Toys,choking,3,ACT NOW
96-145,1996-06-10,Keepsake Kritters,Toys,choking,3,ACT NOW
96-142,1996-06-04,Pacifiers,Feeding & high chairs,choking,3,ACT NOW
96-138,1996-06-02,Cozy Highback Swings,"Walkers, swings & bouncers",tipover,2,ACT NOW
96-136,1996-05-29,Rolling Clock Toy,Toys,choking,3,ACT NOW
96-128,1996-05-21,Rompers for Infant Girls,Sleepwear & apparel,lead,4,ACT SOON
96-125,1996-05-15,Mini-Hammocks,"Sleep — cribs, bassinets, loungers",strangulation,1,ACT NOW
96-123,1996-05-14,Rattle Sets,Toys,choking,3,ACT NOW
96-113,1996-05-14,Color 'N Contrast Crib Books,"Sleep — cribs, bassinets, loungers",,4,ACT SOON
96-121,1996-05-07,Fiebing's Leather Dye Solvent,Household chemicals,chemical,4,ACT SOON
96-118,1996-05-05,"""Teddy Precious Indian Girl"" stuffed bears",Toys,choking,3,ACT NOW
96-110,1996-04-23,Star Cruiser Two-Passenger Swing,"Walkers, swings & bouncers",,4,ACT SOON
96-107,1996-04-22,nan,"Walkers, swings & bouncers",,4,ACT SOON
96-099,1996-04-10,Toy-O-Rama Stuffed Animals,Toys,choking,3,ACT NOW
96-093,1996-04-01,Bean Bag Chairs,Nursery furniture & tip-over,choking,3,ACT NOW
96092,1996-04-01,Wooden Armadillo and Turtle,Sleepwear & apparel,lead,4,ACT SOON
96-090,1996-03-27,Baby Bucky Baby Pillows,Sleep — mattresses & bedding,suffocation,1,ACT NOW
96-085,1996-03-24,Electric Hair Dryers,Toys,electrical,3,ACT NOW
96-082,1996-03-18,Toy Wooden Caterpillars,Toys,choking,3,ACT NOW
96-075,1996-03-10,Swim N' Play Pool Ledge Cover,Outdoor & play equipment,,4,ACT SOON
96-073,1996-02-21,Big Wooden Trucks,Toys,choking,3,ACT NOW
97-058,1996-02-14,Pacifier,Feeding & high chairs,choking,3,ACT NOW
96-066,1996-02-13,Chest Freezers,Nursery furniture & tip-over,fall,3,ACT NOW
96-060,1996-01-15,Cobbler Bench Toy,Toys,choking|suffocation,1,ACT NOW
96-059,1996-01-15,Cosco Four-Drawer Dresser,Nursery furniture & tip-over,tipover,2,ACT NOW
96-055,1995-12-21,Toddle Tots Dinosaur Mountain playsets,Outdoor & play equipment,choking,3,ACT NOW
95-049,1995-12-19,Quick N' Easy Micro-Bake Cake Sets,Toys,fire|overheat,3,ACT NOW
96-048,1995-12-18,Wooden toy trucks,Toys,choking,3,ACT NOW
96-044,1995-12-17,"""GymRattle"" infant rattles",Toys,choking,3,ACT NOW
96-042,1995-12-13,Disposable cigarette lighters,Lighters & fire hazards,fire,3,ACT NOW
96-041,1995-12-13,Mini-hammocks,"Sleep — cribs, bassinets, loungers",entanglement|strangulation,1,ACT NOW
96-039,1995-12-12,"White nets in Junior Pro Basketball Sets, model 2800",,entanglement|strangulation,1,ACT NOW
96-036,1995-12-05,Classic Winnie the Pooh pull toys,Toys,choking|strangulation,1,ACT NOW
96-034,1995-12-05,Cosco full-size cribs,"Sleep — cribs, bassinets, loungers",entrapment|fall,1,ACT NOW
96-033,1995-12-04,Cribs,"Sleep — cribs, bassinets, loungers",entrapment|strangulation,1,ACT NOW
96-032,1995-12-04,"Toy vehicles, aquatic animals, bottle feeding sets, and meal time sets",Feeding & high chairs,choking,3,ACT NOW
96-027,1995-11-28,Glitter pacifiers,Feeding & high chairs,choking,3,ACT NOW
96-026,1995-11-20,Superyard children's play enclosures and Superyard Extension Kits,Jewelry & accessories,choking,3,ACT NOW
96-025,1995-11-16,Ground Effects Tire Traction Compound,,chemical,4,ACT SOON
96-024,1995-11-16,"""City-Lites"" and ""Liberty-Lites"" disposable cigarette lighters",Lighters & fire hazards,,4,ACT SOON
96-022,1995-11-15,Safety 1st Model #177 Bed Rail and Flashlight,"Gates, rails & childproofing",fall,3,ACT NOW
96-019,1995-11-13,"Children's ""Sewing Boards""",Jewelry & accessories,strangulation,1,ACT NOW
96-017,1995-11-13,"""Teenage Mutant Ninja"" foam chairs",Outdoor & play equipment,entanglement|strangulation,1,ACT NOW
96-014,1995-11-08,Electric hair dryers,Sleepwear & apparel,electrical,3,ACT NOW
96-003,1995-10-16,Playskool 1-2-3 High Chairs,Feeding & high chairs,fall,3,ACT NOW
96-001,1995-10-04,nan,"Sleep — cribs, bassinets, loungers",,4,ACT SOON
95-175,1995-09-27,Wooden bunk beds,Nursery furniture & tip-over,entrapment,1,ACT NOW
95-174,1995-09-27,Wooden bunk beds,Nursery furniture & tip-over,entrapment,1,ACT NOW
95-169,1995-09-20,"Toy bracelets, assorted plastic cars, trucks and locomotive engines",Toys,choking,3,ACT NOW
95-163,1995-09-06,"""Splish Splash"" and ""Fuzz & Fur"" books",Toys,choking,3,ACT NOW
95-160,1995-08-28,"Infant garments, style number 3941",Sleepwear & apparel,choking,3,ACT NOW
95-152,1995-08-02,TQ8+ Professional Tire Formula,Feeding & high chairs,chemical,4,ACT SOON
95-151,1995-07-27,"Pull-A-Long Wooden Snail pull toys, Water Timers (2 models), and Paper Weights",Toys,chemical|choking|fire,3,ACT NOW
95-142,1995-07-06,Zippered bean bag chairs,Nursery furniture & tip-over,choking|suffocation,1,ACT NOW
95-141,1995-07-06,Fisher-Price Baseball Training Center,Toys,overheat,4,ACT SOON
95-139,1995-06-22,Radio Flyer Tornado and Power Tricycles,Helmets & wheeled toys,fall,3,ACT NOW
95-129,1995-06-06,"Gerber ""Angel-etts of California"" infant and toddler sandals",Sleepwear & apparel,choking,3,ACT NOW
95-128,1995-06-04,"First Years 3-In-1 Booster Seats, Model 4200",Car seats & travel,fall,3,ACT NOW
95-124,1995-05-25,"""Big Top Playmates"" toys",Toys,choking,3,ACT NOW
95-123,1995-05-25,"""The Dolphin Baby Float""",Bath & water safety,drowning|tipover,1,ACT NOW
95-121,1995-05-15,Playskool 1-2-3- Swing,"Walkers, swings & bouncers",fall,3,ACT NOW
95-119,1995-05-14,Wooden puzzles,Toys,choking,3,ACT NOW
95-118,1995-05-08,Wooden bunk beds,Nursery furniture & tip-over,entrapment,1,ACT NOW
95-117,1995-05-07,"Paci-Face Mustache pacifier, Lip pacifier and Smile pacifier",Feeding & high chairs,choking,3,ACT NOW
95-107,1995-04-23,"Jaguar bicycle helmets, model 3060",Helmets & wheeled toys,,4,ACT SOON
95-100,1995-04-23,Playskool 1-2-3 Swings,"Walkers, swings & bouncers",fall,3,ACT NOW
95-103,1995-04-17,Cottontail Originals infant and toddler garments,Sleepwear & apparel,choking,3,ACT NOW
95-098,1995-03-21,"Rolling Ball Rattle Teethers, Model No. 520-Z and Model No. 520-E",Feeding & high chairs,choking,3,ACT NOW
95-097,1995-03-21,Funtasty Speed Boat Toy with people figurines,Toys,choking,3,ACT NOW
95-096,1995-03-21,"""Fudge Pop"" And ""Lolly Pop"" wooden rattles",Toys,choking,3,ACT NOW
95-095,1995-03-21,925 Pom Pom Drum toys (#808),Toys,choking,3,ACT NOW
95-094,1995-03-21,Vinyl squeeze toys,Toys,choking,3,ACT NOW
95-093,1995-03-15,Zippered bean bag chairs,Nursery furniture & tip-over,,4,ACT SOON
95-090,1995-03-08,Patagonia Penguino stuffed penguin toys,Toys,choking,3,ACT NOW
95-088,1995-02-28,Crib side rails,"Sleep — cribs, bassinets, loungers",entrapment,1,ACT NOW
95-087,1995-02-27,"Fleece garments, including sweatshirts, tops, pants, shorts, dresses, robes, and children's sleepwear",Sleepwear & apparel,burn|flammable,3,ACT NOW
95-084,1995-02-22,Disney Play 'N Pop Activity Toys,Toys,choking,3,ACT NOW
95-082,1995-02-14,Revco Brand Pain Reliever,Feeding & high chairs,chemical,4,ACT SOON
95-078,1995-02-09,Toy Bracelets And Wooden Dump Trucks,Toys,choking|fall,3,ACT NOW
95-076,1995-02-09,Crib side rails,"Sleep — cribs, bassinets, loungers",entrapment,1,ACT NOW
95-075,1995-02-05,Wompkee plush toys,Toys,,4,ACT SOON
95-071,1995-01-25,"Turtle Wax Protectant 10-oz. finger pump spray T-118, and Turtle Wax Formula 2001 Super Protectant 16-oz. trigger spray T-97",Feeding & high chairs,,4,ACT SOON
95-068,1995-01-24,Colorblaster 3-D model 14290.11 spray art design toys,Toys,,4,ACT SOON
95-066,1995-01-22,Mercury Necklaces,Jewelry & accessories,,4,ACT SOON
95-064,1995-01-22,"""Hey Diddle Diddle"" cardboard children's book",Toys,choking|fall,3,ACT NOW
95-063,1995-01-18,Wooden construction and educational toy trucks,Toys,choking,3,ACT NOW
95-060,1995-01-17,Beacon Hill wooden children's lamps,Sleepwear & apparel,electrical|fire,3,ACT NOW
95-059,1995-01-11,Animal Swings,"Walkers, swings & bouncers",laceration,3,ACT NOW
95-056,1995-01-02,"""Home and Roam"" and ""Baby Express"" portable crib/playpens","Sleep — cribs, bassinets, loungers",strangulation,1,ACT NOW
95-054,1994-12-22,Decorated Christmas Pacifiers,Feeding & high chairs,choking,3,ACT NOW
95-053,1994-12-22,Li'l Roughneck Humphrey the Dinosaur Hamper (item #2792) and Li'l Roughneck Bubbles the Whale Hamper (item #2793),,,4,ACT SOON
95-052,1994-12-20,"""Professor Wacko's Exothermic Exuberance"" chemistry kits",Toys,fire,3,ACT NOW
95-050,1994-12-20,"""Hello Baby"" toy rattle sets",Toys,choking,3,ACT NOW
95-044,1994-12-20,"""Inflatable Snoopy Plastic Christmas"" children's toys",Outdoor & play equipment,choking,3,ACT NOW
95-048,1994-12-18,"Toy necklaces, model number 8847",Toys,,4,ACT SOON
95-047,1994-12-18,"""Zap Zap Racetrack"" car sets",Outdoor & play equipment,choking,3,ACT NOW
95-045,1994-12-18,"Party favors bracelets, model number 39231, and party favors necklaces, model number 39116",Toys,,4,ACT SOON
95-040,1994-11-30,Toy necklaces,Toys,choking,3,ACT NOW
95-039,1994-11-30,"""CHRISTMAS IN THE MANGER"" children's book",Toys,choking,3,ACT NOW
95-038,1994-11-30,Bean bag chairs,Nursery furniture & tip-over,suffocation,1,ACT NOW
95-037,1994-11-30,"""Littlest Pet Shop Tea Sets""",Toys,choking,3,ACT NOW
95-035,1994-11-30,Roll-back toy,Toys,choking,3,ACT NOW
95-034,1994-11-30,"""Pool Tool Truck"" toy",Outdoor & play equipment,choking,3,ACT NOW
95-030,1994-11-30,"""Fun Music Center"" toys",Toys,choking,3,ACT NOW
95-025,1994-11-14,"Surge reversible Shar-pei dog hand puppets, distributed as premiums with Black & Decker SurgeXpress Irons",Toys,choking,3,ACT NOW
95-024,1994-11-08,Reindeer Christmas stockings,Outdoor & play equipment,choking,3,ACT NOW
95-021,1994-11-02,Wooden bunk beds,Nursery furniture & tip-over,,4,ACT SOON
95-017,1994-11-02,"""Funny Train"" and ""Elephant"" educational pull toys",Toys,choking,3,ACT NOW
95-016,1994-10-31,"""My Alphabetic Truck"" toys",Toys,choking,3,ACT NOW
95-011,1994-10-20,The Rattlin Rocking Rings,Toys,choking,3,ACT NOW
95-001,1994-10-02,NUK Orthodontic Pacifiers,Feeding & high chairs,choking,3,ACT NOW
94-124,1994-09-06,"""Kaleidoscope Art"" sets, item number 820",Toys,chemical|labeling|lead,3,ACT NOW
94-118,1994-08-15,"Best Wear ""Baby's 2 PCS ROMPER/DOLL"" and ""Baby's 3 PCS BLOUSE/ROMPER/DOLL""",Toys,choking|strangulation,1,ACT NOW
94-110,1994-07-31,"""Baby Snack"" and ""Boat and Trailer"" toy sets",Feeding & high chairs,choking,3,ACT NOW
94-106,1994-07-19,"Good Vibes Infant Carriers, models 037 and 038",Car seats & travel,fall,3,ACT NOW
94-107,1994-07-18,"""Scented Teethers""",Feeding & high chairs,chemical,4,ACT SOON
94-101,1994-06-29,"Lawn-Boy walk-behind lawn mowers, model 10201 and 10301",Sleepwear & apparel,,4,ACT SOON
94-094,1994-06-14,"""Diplomat Pacifiers""",Feeding & high chairs,labeling|suffocation,1,ACT NOW
94-089,1994-06-06,"""Fastblast Spray Art Design"" craft sets, model number 60090, and ""Fastblast Color Refill Assortments,"" model number 60091",Toys,chemical,4,ACT SOON
94-088,1994-06-06,Cosco Youth Options Toddler Beds (#10T23 and #10T33) and Bed Guard Rails (#10T71),"Sleep — cribs, bassinets, loungers",entrapment|suffocation,1,ACT NOW
94-083,1994-06-01,Children's tubular metal frame bunk beds,Nursery furniture & tip-over,fall,3,ACT NOW
94-087,1994-05-31,World Imports twin/full-size C-shaped children's bunk beds,Nursery furniture & tip-over,fall,3,ACT NOW
94-084,1994-05-30,"Toysmith ""Surprise Party Time Balls""",Toys,,4,ACT SOON
94-082,1994-05-25,"Blister packs containing four ""Candy Filled Funglasses,"" model number 180",Feeding & high chairs,choking,3,ACT NOW
94-081,1994-05-23,"""Basic Skills Puzzle Set,"" model QB448, and ""Wooden Pegged Puzzle Set,"" model QP340",Outdoor & play equipment,choking,3,ACT NOW
94-075,1994-05-16,"""Baby's Bucket-Sorting Toys,"" model number 3848",Bath & water safety,choking,3,ACT NOW
94-074,1994-05-16,"""See-Thru Bi-Planes,"" model C9071",Outdoor & play equipment,choking,3,ACT NOW
94-064,1994-05-11,"Gerry Model No. 455 ""Splash Seats""",Feeding & high chairs,tipover,2,ACT NOW
94-067,1994-05-05,"""Wooden Armadillos""",,lead,4,ACT SOON
94-065,1994-05-05,"""Animal Shape Wagons""",Toys,choking|lead,3,ACT NOW
94-063,1994-04-27,"""Deary Baby Rattle Baby Soother Spain Style"" pacifiers",Feeding & high chairs,choking,3,ACT NOW
94-061,1994-04-21,"Levi Strauss & Co. Jeans, Shortalls , Rompers and Koveralls",Sleepwear & apparel,choking,3,ACT NOW
94-060,1994-04-21,"""Thunderbat"" Noisemaker Plastic Bats",Toys,,4,ACT SOON
94-058,1994-04-10,"Newborn 3-piece outfits consisting of a blue and white cotton/polyester cardigan sweater, short sleeved top, and check pants",Sleepwear & apparel,choking,3,ACT NOW
94-056,1994-04-06,"""Tractor trailer"" novelty cigarette lighters",Lighters & fire hazards,burn|fire,3,ACT NOW
94-057,1994-04-05,Metal bunk beds,Nursery furniture & tip-over,fall,3,ACT NOW
94-054,1994-04-05,"Tubular metal twin-size/full-size (""Slumberama"") and twin-size/twin-size (""Double Decker"") children's bunk beds",Nursery furniture & tip-over,fall,3,ACT NOW
94-053,1994-04-05,Bernards metal frame twin size/full size children's bunk beds,Nursery furniture & tip-over,fall,3,ACT NOW
94-052,1994-04-05,S&A Imports tubular metal frame twin size/full size children's bunk beds,Nursery furniture & tip-over,fall,3,ACT NOW
94-051,1994-04-05,Gold Key metal twin size/full size and twin size/twin size children's bunk beds,Nursery furniture & tip-over,fall,3,ACT NOW
94-055,1994-04-04,Crayons imported from China,Toys,chemical|lead,3,ACT NOW
94-049,1994-03-21,Crayons imported from China,Jewelry & accessories,chemical|lead,3,ACT NOW
94-042,1994-03-02,"""Beef-Iron and Wine"" liquid dietary supplement",Personal care & medicine,,4,ACT SOON
94-041,1994-02-28,"Wooden pull toys SKU# 1197598: gray elephant, red and black soldier, and brown bear",Toys,choking,3,ACT NOW
94-039,1994-02-28,C-shaped tubular metal frame children's bunk beds,Nursery furniture & tip-over,fall,3,ACT NOW
94-038,1994-02-16,"""Fem-Plus"" nutritional supplements",Personal care & medicine,,4,ACT SOON
94-037,1994-02-07,"Little Tikes ""High Back Toddler Swing,"" Model 4309","Walkers, swings & bouncers",fall,3,ACT NOW
94-036,1994-02-07,"Kouvalias Musical Toys, model number 960",Outdoor & play equipment,choking,3,ACT NOW
94-035,1994-01-30,Toy charm necklaces and bracelet,Toys,choking,3,ACT NOW
94-032,1994-01-10,"""Pacifier Thermometers,"" brand named ""Dubby""",Feeding & high chairs,choking,3,ACT NOW
93-030,1993-12-21,"Holiday Brass Candle Lamps manufactured by Kobitz, item number 95062",Lighters & fire hazards,electrical,3,ACT NOW
94-024,1993-12-12,"High gloss, tubular metal frame, twin size/full size children's bunkbeds",Jewelry & accessories,fall,3,ACT NOW
94-020,1993-12-12,"Coaster Company's high gloss, tubular metal frame, twin size/full size and twin size/twin size children's bunk beds",Nursery furniture & tip-over,fall,3,ACT NOW
94-017,1993-12-12,Children's necklaces and bracelets,Jewelry & accessories,lead,3,ACT NOW
94-016,1993-12-12,"""Good Time Troll"" cigarette lighters",Lighters & fire hazards,burn|fire,3,ACT NOW
94-019,1993-12-02,"Rosalco high gloss, tubular metal frame, twin size/full size children's bunk beds",Nursery furniture & tip-over,fall,3,ACT NOW
94-012,1993-11-16,Graco Carrier Swings and Convert-a-Cradle Swings,"Sleep — cribs, bassinets, loungers",fall,3,ACT NOW
94-009,1993-11-07,"""Synergy Plus Chewables Vitabots"" multiple vitamins and minerals",Sleepwear & apparel,chemical,4,ACT SOON
93-111,1993-10-07,"Baby Trend and Baby Express ""Home and Roam"" portable mesh-sided playpen","Sleep — cribs, bassinets, loungers",fall|strangulation,1,ACT NOW
93-106,1993-08-31,Modular playground equipment with solid metal decks,Outdoor & play equipment,burn,3,ACT NOW
93-105,1993-08-29,16-inch model B-1601 Zenital sidewalk bicycles,Helmets & wheeled toys,,4,ACT SOON
93-100,1993-08-26,"Plastic toy maracas, item #16/008; plastic toy baby bottles, item #16/16; plastic heart-shaped stretchable bracelets; plastic stretchable charm bracelets; and beaded charm necklaces",Feeding & high chairs,choking,3,ACT NOW
93-103,1993-08-16,"""Fisher-Price Kiddiecraft Racing Rover'' cars",Toys,choking,3,ACT NOW
93-101,1993-08-16,"""Natural Amino Acid Chelated Iron,"" ""Gentle Iron Vegicaps,"" ""Hematinic Formula,"" ""Prenatal Nutrients,"" and ""Trace Elements""",Feeding & high chairs,chemical,4,ACT SOON
93-102,1993-08-11,"Fisher-Price ""Snuggle Light"" dolls",Toys,choking,3,ACT NOW
93-098,1993-07-28,Peg Perego's Model 21-01-027 high chair/youth chair,Feeding & high chairs,fall,3,ACT NOW
93-095,1993-07-21,"""Swing-N-Slide"" molded plastic Teddy Bear Swing","Walkers, swings & bouncers",,4,ACT SOON
93-094,1993-07-19,"""My First Buddys Police Car"" and ""My First Buddys Dumper"" toys",Toys,choking,3,ACT NOW
93-092,1993-07-11,"""Lewis of London"" cribs","Sleep — cribs, bassinets, loungers",choking|suffocation,1,ACT NOW
93089,1993-07-05,"""A"" frame pool ladders",Outdoor & play equipment,,4,ACT SOON
93-083,1993-06-23,"""My First Push Toy-Funny Copter"" toy helicopters",Outdoor & play equipment,choking,3,ACT NOW
93-078,1993-06-07,"""Bamm-Bamm's Drum and Flute"" toys",Toys,choking,3,ACT NOW
93-077,1993-06-06,Le Roy pacifiers,Feeding & high chairs,choking|fall,3,ACT NOW
93-074,1993-05-26,"""Hedstrom Big T"" swing sets, Blazon-Flexible Flyer ""T-Type Play Centers,"" and Sears brand T-style gym sets","Walkers, swings & bouncers",entanglement|strangulation,1,ACT NOW
93-073,1993-05-25,"Suction covers on five models of ""Aqua Swim 'N' Spa""",Sleepwear & apparel,drowning|entanglement,1,ACT NOW
93-071,1993-05-23,Playskool Teddy Bear number 5149,Toys,choking,3,ACT NOW
93-067,1993-05-04,"""Cordless Phone Organ"" musical cordless toy telephones",Toys,choking,3,ACT NOW
93-066,1993-05-02,"""Graduate Booster Seats,"" model #415 and model #4156",Car seats & travel,fall,3,ACT NOW
93-065,1993-04-28,"""Popper'' promotional toy in Quaker's Cap'n Crunch, Crunchberries and Peanut Butter Crunch cereals",Toys,,4,ACT SOON
93-064,1993-04-21,Zipper-front hooded infant/toddler garments,Sleepwear & apparel,choking,3,ACT NOW
93-058,1993-04-12,"""Toddler Bed With Guard Rail,"" model 3210","Sleep — cribs, bassinets, loungers",entrapment,1,ACT NOW
93-062,1993-04-11,"""The Busy World of Richard Scarry"" finger puppets, Lowly Worm and Huckle Cat; and Rocky & Bullwinkle inflatable balls.",Outdoor & play equipment,,4,ACT SOON
93-059,1993-04-04,50- and 100-piece building block sets,Toys,choking,3,ACT NOW
93-060,1993-04-01,Carry-all bags and backpacks with the insignia of Barney® or Baby BopTM; and three styles of vinyl beach bags that have beach scenes with children or cats printed on them,Sleepwear & apparel,lead,4,ACT SOON
93-056,1993-03-28,"Gerber ""Gem Collection Decorator Pacifiers with Travel Case""",Feeding & high chairs,choking,3,ACT NOW
93-055,1993-03-28,"""3-in-1 Construction Tables,"" model 3630 (sold without chairs) and model 3632 (sold with two matching chairs)",Outdoor & play equipment,choking,3,ACT NOW
93-043,1993-03-09,"Playskool Travel-Lite Portable Cribs, models 77101 and 77103","Sleep — cribs, bassinets, loungers",entrapment|suffocation,1,ACT NOW
93-049,1993-03-03,"U.S. Toy Company ""Rooster,"" ""Vegetable,"" ""Animals'' and ""Garden Tools"" puzzles",Toys,lead,3,ACT NOW
93-046,1993-03-03,"""Graduate Booster Seats,"" model #415",Car seats & travel,fall,3,ACT NOW
93-045,1993-02-23,"""Wooden Christmas Toy Trucks""",Toys,choking,3,ACT NOW
93-044,1993-02-16,"Keds ""Flexibles"" shoes for infants and young children",Sleepwear & apparel,,4,ACT SOON
93-040,1993-02-07,"""Sweet Family Blessings Baby"" dolls, item numbers 208363 and 208371, model number 6957",Toys,choking,3,ACT NOW
93-038,1993-01-25,Tornado spiral slides,Outdoor & play equipment,strangulation,1,ACT NOW
93-031,1993-01-12,"""Islander"" children's sandals",Sleepwear & apparel,choking,3,ACT NOW
93-035,1993-01-06,"Four models of ""Fuzzy Puzzles"": Farm Animals, Pets, Jungle Animals and Circus",Toys,choking,3,ACT NOW
92033,1992-12-19,Walker Accessory Tray,"Walkers, swings & bouncers",choking,3,ACT NOW
93026,1992-12-17,Battery Powered Smoke Detectors,Sleepwear & apparel,fire,3,ACT NOW
93025,1992-12-16,"""Vita-Worth"" brand iron tablets",Sleepwear & apparel,,4,ACT SOON
93020,1992-11-22,Patty And Her Puppy And Triplet Dolls,Toys,choking,3,ACT NOW
93019,1992-11-15,Gem Collection Decorator Pacifier With Travel Case,Feeding & high chairs,choking,3,ACT NOW
93018,1992-11-15,"- ""Thin Line Play Phone"" - ""Talking Touch Tinkle Phone"" - ""911 Emergency Phone Center""",Toys,choking,3,ACT NOW
93013,1992-11-05,2 ULTRA KIP Infant Pacifiers,Feeding & high chairs,choking,3,ACT NOW
93011,1992-10-29,"""Jack-O-Lantern Votive Lite""",,fire|labeling,3,ACT NOW
92-014,1992-10-28,"""Li'l Lite"" Halloween Oil Pumpkin Lamps",Sleepwear & apparel,fire,3,ACT NOW
93004,1992-10-18,Walk 'N' Roll Baby Walker,"Walkers, swings & bouncers",fall,3,ACT NOW
92141,1992-09-23,Magic Feeding Bottles,Feeding & high chairs,choking,3,ACT NOW
92-137,1992-09-16,"Radio Flyer, Inc. Children's Bicycles",Helmets & wheeled toys,,4,ACT SOON
92134,1992-09-08,12-Inch And 16-Inch Children's BMX sidewalk bicycles,Helmets & wheeled toys,,4,ACT SOON
92-136,1992-09-07,nan,Toys,,4,ACT SOON
92126,1992-08-23,Toothbrush Trainer,Toys,choking,3,ACT NOW
92-128,1992-08-17,"""Lovely Sonny"" dolls",Toys,choking,3,ACT NOW
92-125,1992-08-12,"""Valumed Diphenhydramine Hydrochloride,"" 25 milligram capsules in 100 capsule bottles manufactured by Contract Pharmacal and solely distributed by Moore Medical Corporation",Feeding & high chairs,,4,ACT SOON
92117,1992-08-08,"Hedstrom ""Big T"" swing sets, Blazon Flexible Flyer ""T-Type Play Centers"", and Sears brand T-style gym sets.","Walkers, swings & bouncers",entanglement|strangulation,1,ACT NOW
92119,1992-07-30,"""Train Set"" ""Sweet Doll with Accessories"" ""Baby's Rattle""",Toys,choking,3,ACT NOW
92-122,1992-07-29,Decorator Cubes,,suffocation,1,ACT NOW
92-114,1992-07-29,Toy Helicopters,Toys,,4,ACT SOON
92115,1992-07-22,Carlson Cradle Swings,"Sleep — cribs, bassinets, loungers",suffocation,1,ACT NOW
92-109,1992-07-12,Toy Wooden Block Truck,Toys,choking,3,ACT NOW
92104,1992-06-29,Sling-Type Swing Seats,"Walkers, swings & bouncers",laceration,3,ACT NOW
92097,1992-06-17,Infant Heating Pads,,burn,3,ACT NOW
92-094,1992-06-15,Little Tikes Crib Centers,"Sleep — cribs, bassinets, loungers",lead,4,ACT SOON
92-096,1992-06-10,Kiddy Phone Wind-Up Educational Toy,Outdoor & play equipment,choking,3,ACT NOW
92-093,1992-06-01,Bunny on a Stick,Toys,choking|suffocation,1,ACT NOW
92-091,1992-05-27,"Toy baby bottle, Evenflo Mini Nursers Doll Care Sets",Feeding & high chairs,choking,3,ACT NOW
92-088,1992-05-25,Toy Nursing Bottles,Feeding & high chairs,choking,3,ACT NOW
92085,1992-05-25,Fish-Style Jolly Rattles,Toys,choking,3,ACT NOW
92-086,1992-05-17,Toy Bunny Rabbits,Toys,choking,3,ACT NOW
92-083,1992-05-07,"""Doc DeLorean Cars"" Happy Meal Program for ""Back to the Future""",Toys,choking,3,ACT NOW
92-076,1992-04-08,Cosco Metal Toddler Beds,"Sleep — cribs, bassinets, loungers",entrapment,1,ACT NOW
92-075,1992-04-08,"""Swing-N-Slide"" Belted Swing Seats","Walkers, swings & bouncers",laceration,3,ACT NOW
92-072,1992-04-05,Sesame Street Push Power action figures,Toys,choking|laceration,3,ACT NOW
92-069,1992-03-29,"The Colorblaster, model 14290, spray art design toy by Kenner Products, a division of Tonka Corporation",Toys,,4,ACT SOON
92065,1992-03-23,Swing Set Glider,"Walkers, swings & bouncers",laceration,3,ACT NOW
92-068,1992-03-18,Gravitron Mobile Amusement Ride,Sleepwear & apparel,,4,ACT SOON
92-064,1992-03-17,Activity Water Ball,Toys,choking,3,ACT NOW
92-061,1992-03-09,"""Prenatal Vitamins with Folic Acid"" by Chase Laboratories under the Geneva Generics label, containing 100 tablets of vitamins with iron",Outdoor & play equipment,,4,ACT SOON
92-054,1992-02-23,Graco Converta-Cradle R,"Sleep — cribs, bassinets, loungers",suffocation,1,ACT NOW
92-051,1992-02-09,"Lexington Furniture Industries ""Rainbow,"" ""Color Plus,"" and ""Perimeter"" Collections",Nursery furniture & tip-over,,4,ACT SOON
92-052,1992-02-05,Batting Tee Game,Toys,,4,ACT SOON
92046,1992-01-28,Wind-Up Infant Swings,"Walkers, swings & bouncers",,4,ACT SOON
92-044,1992-01-15,Jingle Bell Cat plush toys,Toys,choking,3,ACT NOW
92-042,1992-01-09,"""Cats Pajamas"" and ""Slugger Bear"" stuffed animals",Toys,choking,3,ACT NOW
92039,1991-12-30,"""Symphony Loco"" toy trains",Toys,choking,3,ACT NOW
92-036,1991-12-25,Sesame Street Nursery Set,Toys,choking,3,ACT NOW
92-038,1991-12-23,Rain or Shine Dolls,Toys,choking,3,ACT NOW
92-037,1991-12-23,Play Cars,,choking,3,ACT NOW
92032,1991-12-18,Wind-Up Row n Row Boat,Toys,choking|laceration,3,ACT NOW
92-031,1991-12-10,Aprica Rockin Rollin Rider,Toys,fall,3,ACT NOW
92-027,1991-12-04,Infant Playmats And Stuffed Skunk Toys,Toys,choking,3,ACT NOW
92023,1991-11-25,Big Bird Battery-Powered Toothbrush,Toys,burn,3,ACT NOW
92022,1991-11-17,Disney Poppin' Sounds Pull Train,Toys,choking,3,ACT NOW
92-021,1991-11-17,Pacifiers On Necklaces,Feeding & high chairs,entanglement|strangulation,1,ACT NOW
92-018,1991-11-13,Wooden Puzzles,Toys,choking,3,ACT NOW
92015,1991-11-03,"""Sling 'Em- Fling 'Em"" wrestling ring toy",Toys,fall,3,ACT NOW
92-006,1991-10-29,Halloween Pencil Top Erasers,Sleepwear & apparel,choking,3,ACT NOW
92-010,1991-10-28,Decorator Cube,Jewelry & accessories,entrapment|fall|strangulation|suffocation,1,ACT NOW
92013,1991-10-28,Toy Trumpets,Toys,choking,3,ACT NOW
92-008,1991-10-24,Power Wheels Porsche Riding Automobile,Jewelry & accessories,,4,ACT SOON
92-004,1991-10-07,Schwinn XR-5 exerciser,Sleepwear & apparel,laceration,3,ACT NOW
91-119,1991-09-15,Sesame Street And Happy Face Animal Pacifiers,Feeding & high chairs,choking,3,ACT NOW
91116,1991-08-28,Gerry Stroller,Strollers & carriers,,4,ACT SOON
91-113,1991-08-22,Batting Tee Game,Toys,,4,ACT SOON
91114,1991-08-21,Childcraft Cribs,"Sleep — cribs, bassinets, loungers",entrapment,1,ACT NOW
91111,1991-08-21,Toy Motorized Zippers Airplanes,Toys,choking,3,ACT NOW
91110,1991-08-12,Butterfly Bracelets,Jewelry & accessories,choking,3,ACT NOW
91-112,1991-08-11,Toy Nursing Bottles,Feeding & high chairs,choking,3,ACT NOW
91-107,1991-08-06,Evenflo Disney Pacifiers,Feeding & high chairs,choking,3,ACT NOW
91-103,1991-07-31,Patriot Missile Launcher fireworks devices,,fire|tipover,2,ACT NOW
91-100,1991-07-29,"Toddler Shirt/Skirt Set, Style #1241",Sleepwear & apparel,choking|laceration,3,ACT NOW
91-099,1991-07-25,"""WORM GETT'RS"" Worm Probes",Sleepwear & apparel,,4,ACT SOON
91095,1991-07-21,Peg Pounder,Toys,choking,3,ACT NOW
91-094,1991-07-14,Luv n' Care Pacifiers,Feeding & high chairs,labeling|strangulation,1,ACT NOW
91092,1991-07-07,Teething Wheel,Toys,choking,3,ACT NOW
91-090,1991-06-30,"""Comic Zoo Animals,"" item number 31170 ""Magic Milk and Juice Bottles,"" item number 1703",Feeding & high chairs,choking,3,ACT NOW
91-086,1991-06-19,Funny Zig-Zag Copter And Wind-Up Circus Wagon,Helmets & wheeled toys,choking,3,ACT NOW
91085,1991-06-19,Teddy Pet With Cassette,Toys,fire,3,ACT NOW
91-083,1991-06-17,Roll Back Wheel Toy,Toys,choking,3,ACT NOW
91079,1991-05-29,Bear Ringing Phone #821 Clown Ringing Phone #824 Panda Ringing Phone #825,Outdoor & play equipment,choking,3,ACT NOW
91076,1991-05-28,"""Best Friends"" Stuffed Bunnies",Toys,laceration,3,ACT NOW
91-077,1991-05-27,Harco Rescue Truck,Toys,choking,3,ACT NOW
91-075,1991-05-21,Jumpin' Jeans Denim Paint,Sleepwear & apparel,lead,4,ACT SOON
91-067,1991-05-15,"""Dirty Dunk"" and ""Dirty Dunk, Jr."" Children's Laundry Hampers",,fall|laceration,3,ACT NOW
91-064,1991-05-07,Model ST-81 Exercise Cycles,Helmets & wheeled toys,laceration,3,ACT NOW
91-053,1991-04-01,Orthodontic Pacifiers,Feeding & high chairs,choking,3,ACT NOW
91-045,1991-04-01,Musical Dolls with Rotating Head,Outdoor & play equipment,choking,3,ACT NOW
91-052,1991-03-27,"""Ma and Baby Bunny"" toys",Toys,choking,3,ACT NOW
91-051,1991-03-27,Musical Dolls,Toys,choking,3,ACT NOW
91054,1991-03-26,Decorator Cube,Toys,fall|strangulation,1,ACT NOW
91-056,1991-03-21,Plush Bunnies,Outdoor & play equipment,choking,3,ACT NOW
91-046,1991-03-18,Action Copter HAPPY BIRD and Action Land-Cruiser WANDERER,Sleepwear & apparel,choking,3,ACT NOW
91047,1991-03-17,Toy Soldier Train toys #96774,Toys,choking,3,ACT NOW
91-044,1991-03-17,Pacifier Pal,Feeding & high chairs,choking,3,ACT NOW
91-038,1991-02-10,Musical Rocking Horse,Toys,choking,3,ACT NOW
91-034,1991-01-29,Petrus Umbrella Stroller,Strollers & carriers,fall,3,ACT NOW
91033,1991-01-28,Bib-To-Bowl Pacifiers,Feeding & high chairs,suffocation,1,ACT NOW
91-029,1990-12-26,Luv N' Care Orthodontic Pacifiers,Feeding & high chairs,choking,3,ACT NOW
90-166,1990-10-29,Lisa Frank Halloween Erasers,,choking,3,ACT NOW
90-157,1990-10-08,"Graco strollers with model names Travel-Mate, Stroll-A-Bed, Elite, Brougham, Regency, Regency Ltd. Premier, and Premier Ltd.",Strollers & carriers,,4,ACT SOON
90-151,1990-09-05,Baby Alice #20989; Baby Linda #21173 and Comfy Karen #21282; Fun Time Baby Bottle #21153 and Nursing Bottles #21132; Princess Telephone Toys #20930; Work Trucks #1908; and Car Transport Vehicle #42124,Feeding & high chairs,choking,3,ACT NOW
90-150,1990-09-05,"Woolworth craft ""Pom Pom Pet"" Assortments, Item #50303",Toys,choking,3,ACT NOW
90-149,1990-09-05,"""Spring N' Bounce Car"" toys, items #8941 and 8941S",Toys,choking,3,ACT NOW
90-144,1990-08-19,Delta Luv Pop-Corn Baby Walkers,"Walkers, swings & bouncers",choking,3,ACT NOW
90-141,1990-08-15,"Brass floor lamp models 2607, 2618 and 2620",,electrical,3,ACT NOW
90-133,1990-07-30,"""Funny Clown"" and ""Dress-Me Clown"" dolls",Toys,choking,3,ACT NOW
90-132,1990-07-26,"Dial-A-Fit, Perfect Fit, and Rock 'n' Ride car seats",Car seats & travel,choking,3,ACT NOW
90-128,1990-07-10,Sesame Street Rhythm Band Set,,choking,3,ACT NOW
90-122,1990-07-08,"""Giggle-See"" crib bumper pads","Sleep — cribs, bassinets, loungers",choking,3,ACT NOW
90-119,1990-07-02,Decoy Duck Pull Toys,Toys,choking,3,ACT NOW
90-111,1990-06-13,"Musical Ice Cream Vans, Model #TT-28A and Lovely Dolls, Models D13/3 and C1372",Toys,choking|laceration,3,ACT NOW
90-110,1990-06-13,"""Siren Whistle"" toys",Toys,choking,3,ACT NOW
90-109,1990-06-07,Taco Bell sports water bottles,Feeding & high chairs,choking,3,ACT NOW
90-100,1990-05-22,"""Busy Elephant"" crib toy, Model No. 5405","Sleep — cribs, bassinets, loungers",entanglement,4,ACT SOON
90-098,1990-05-20,"White Jointed Bear (#55-0046), Beige Jointed Bear (#55-0061), Beige Small Jointed Bear (#55-0038), Pink Bear (#55-0079), Pink Monkey (#55-0095), Beige Articulated Santa Bear (#55-0368)",Toys,choking,3,ACT NOW
90-097,1990-05-15,"Spinflower Rattles, Item #30945",Toys,choking|laceration,3,ACT NOW
90-096,1990-05-10,Big Bird Trike (Model #8820R),Toys,choking,3,ACT NOW
90-095,1990-05-09,Stuffed toy lamb,Toys,,4,ACT SOON
90-094,1990-05-08,Public Telephone toy,Toys,choking,3,ACT NOW
90-092,1990-05-08,"""My First Buddys Wrecker Truck,"" ""My First Buddys Pumper Truck"" and ""Potpourri Baby Doll""",Toys,choking,3,ACT NOW
90-091,1990-05-07,"""Alice VanderBear in High Tea Outfit"" (Style #4152) and ""Muffy VanderBear in Tree Trimming Outfit"" (Style #7144)",Sleepwear & apparel,choking,3,ACT NOW
90-083,1990-04-29,"""Baby's Cloud"" infant cushions",Nursery furniture & tip-over,suffocation,1,ACT NOW
90-090,1990-04-29,"""Baby Jacks"" Bean Bag cushions",Nursery furniture & tip-over,suffocation,1,ACT NOW
90-089,1990-04-29,"""Comfort Tote"" and ""Comfy Tot"" infant cushions and ""Cushie Comfort"" pillow",Nursery furniture & tip-over,suffocation,1,ACT NOW
90-085,1990-04-29,"Tailored Baby ""Comfort Cushion""",,suffocation,1,ACT NOW
90-084,1990-04-29,"""Sof-Sak"" infant bean bag cushions",Nursery furniture & tip-over,suffocation,1,ACT NOW
90-077,1990-04-19,Baby-Minder bean bag infant cushion,Nursery furniture & tip-over,suffocation,1,ACT NOW
90-081,1990-04-18,Baby Sak bean bag infant cushions,Nursery furniture & tip-over,suffocation,1,ACT NOW
90-080,1990-04-18,"""Support Sack"" bean bag infant cushions",Nursery furniture & tip-over,suffocation,1,ACT NOW
90-079,1990-04-18,"""Support Sack"" And ""Cozy Cushion"" Bean Bag Infant Cushions",Nursery furniture & tip-over,suffocation,1,ACT NOW
90-074,1990-04-18,"""Mothers Helper"" infant cushion",,suffocation,1,ACT NOW
90-073,1990-04-18,"""Support Sack"" infant cushions",Nursery furniture & tip-over,suffocation,1,ACT NOW
90-075,1990-04-17,Eggscavators Toy Trucks,Toys,choking,3,ACT NOW
90-072,1990-04-15,"""Boo Pumpkin"" novelty Halloween toys",Toys,choking,3,ACT NOW
90-070,1990-04-11,"""Bib to bowl"" pacifiers",Feeding & high chairs,labeling|strangulation|suffocation,1,ACT NOW
90-068,1990-04-09,"Hedstrom and Sears brand gym sets with ""glide rides""",Outdoor & play equipment,laceration,3,ACT NOW
90-066,1990-04-02,"""Love-A-Bye Baby"" dolls",Toys,choking,3,ACT NOW
90-065,1990-04-01,"""Bo Bo"" rubber pacifiers",Feeding & high chairs,,4,ACT SOON
90-061,1990-03-28,Press'N Roll Boats,Outdoor & play equipment,choking,3,ACT NOW
90-060,1990-03-28,"""Music Maker"" Elephant toys",Outdoor & play equipment,choking|lead,3,ACT NOW
90-059,1990-03-27,"Infant/toddler Activity Center, item BK-06","Walkers, swings & bouncers",choking,3,ACT NOW
90-058,1990-03-27,Caterpillar Pull Toys,Toys,choking,3,ACT NOW
90-056,1990-03-25,Alphabet Block Sets,Toys,choking,3,ACT NOW
90-053,1990-03-19,"""Riding Rabbit"" wind-up toy",Toys,choking,3,ACT NOW
90-052,1990-03-18,"Pierre Cardin ""Elegance"" model EL203 hair dryers",Outdoor & play equipment,electrical|fall,3,ACT NOW
90-050,1990-03-14,Fisher-Price Fun Bus,Sleepwear & apparel,choking,3,ACT NOW
90-047,1990-03-13,Stuffed Animals,Toys,choking,3,ACT NOW
90-046,1990-03-12,Pacifier holders,Feeding & high chairs,,4,ACT SOON
90-041,1990-03-11,"""Musical Mother Goose Mobile"" No. 658 and ""Musical Carousel Crib Mobile"" No. 555 crib mobiles","Sleep — cribs, bassinets, loungers",choking|laceration,3,ACT NOW
90-040,1990-02-21,Aerosol String Streamers,Jewelry & accessories,flammable,3,ACT NOW
90-038,1990-02-13,"""Siren Whistles""",Outdoor & play equipment,choking,3,ACT NOW
90-036,1990-02-13,"""Tots 'N Toys in Cradle"" Model 70620","Sleep — cribs, bassinets, loungers",choking,3,ACT NOW
90-031,1990-01-22,Chuck E. Cheese tambourines,,choking|laceration,3,ACT NOW
90-030,1990-01-21,"""Siren Whistle"" toys",Outdoor & play equipment,,4,ACT SOON
90-023,1989-12-13,"""Play to Learn"" furniture set, Model No. 1411",Nursery furniture & tip-over,choking,3,ACT NOW
90-017,1989-11-30,Model #1615 Mountain Jr. Bicycles,Helmets & wheeled toys,,4,ACT SOON
90-016,1989-11-30,"BMX sidewalk bicycles, items 121 and 124",Helmets & wheeled toys,,4,ACT SOON
90-011,1989-11-20,"""Funny Clown"" Dressing Doll",Toys,choking,3,ACT NOW
90-010,1989-11-20,Slinky Pull Toys,Toys,lead,3,ACT NOW
90-007,1989-11-01,"Johnson & Johnson ""Spin-A-Sound"" infant toy",Toys,choking|laceration,3,ACT NOW
90-004,1989-11-01,"Wooden Puzzles (#6792 and #6793), Baby Rattle Set (item #7387), Swimming Hippo (item #11744), Duck Chorus Toy Piano (#6302 or #7595), Baby Twins set (#3507)",Toys,choking,3,ACT NOW
90-005,1989-10-31,"Crib Pals ""Play Shapes""","Sleep — cribs, bassinets, loungers",choking,3,ACT NOW
90-002,1989-10-17,"""Chick-in-Egg"" squeaker toys",Toys,choking,3,ACT NOW
90-001,1989-10-16,"Shelcore ""8 in 1 Play Center""",Toys,strangulation,1,ACT NOW
89-093,1989-09-27,"""Wooden Shaky Head Rattles""",Outdoor & play equipment,choking,3,ACT NOW
89-091,1989-09-25,"Precor Low Impact Stair Climber, models 718E and 714",,laceration,3,ACT NOW
89-087,1989-09-18,"""Kensington Bear,"" Model S7417",Outdoor & play equipment,choking,3,ACT NOW
89-084,1989-08-30,"Sesame Street ""Cookie Monster"" stuffed toy",Outdoor & play equipment,choking|fall,3,ACT NOW
89-082,1989-08-27,"Disney Donald's Fun Farm, Item No., 6112, and Disney World Airport, Item No. 6113",Toys,choking,3,ACT NOW
89-081,1989-08-27,nan,Outdoor & play equipment,,4,ACT SOON
89-080,1989-08-21,"""Hush Puppies"" sweat suits",Outdoor & play equipment,choking,3,ACT NOW
89-076,1989-08-13,Hand-held hair dryers,Outdoor & play equipment,electrical,3,ACT NOW
89-075,1989-08-01,"""Chilly Bang Bang Fruit Drink"" toy gun",Outdoor & play equipment,choking,3,ACT NOW
89-074,1989-07-26,"""Fire Company,"" Item No. 1134-0",Toys,choking|fire,3,ACT NOW
89-073,1989-07-25,"Disney Babies ""Spin Around Playhouse""",Outdoor & play equipment,choking,3,ACT NOW
89-072,1989-07-25,Walt Disney Mickey Mouse In N' Out School Bus,Toys,choking,3,ACT NOW
89-071,1989-07-23,"JA-RU ""NEW BABY"" Model No. 1058",Feeding & high chairs,,4,ACT SOON
89-070,1989-07-19,"""Doll Craftin"" Cupie Dolls",Toys,choking,3,ACT NOW
89-067,1989-07-13,"""Ghostblasters"" noise-making toys",Toys,,4,ACT SOON
89-062,1989-06-29,"""Seamore the Action Seahorse"" Tub and Pool Toys",Bath & water safety,choking,3,ACT NOW
89-061,1989-06-26,Big Wheel Battery-Operated Riding Toy,Toys,burn|overheat,3,ACT NOW
89-057,1989-06-19,"""Baby Mirror"" rattles and ""Baby Wheel"" rattles",Toys,choking|suffocation,1,ACT NOW
89-045,1989-06-18,"L'il Tots ""Baby's First Gift Sets""","Sleep — cribs, bassinets, loungers",strangulation,1,ACT NOW
89-055,1989-06-14,"""Para Mi Bebe"" Baby Cologne #30618, Baby Bath #30619, and Baby Set #30633",Toys,,4,ACT SOON
89-054,1989-06-12,Toy baby doll,Outdoor & play equipment,,4,ACT SOON
89-053,1989-06-12,"""Creative Years"" Magnetic Building Blocks and Mini-Magnet Auto Transport Train",Toys,choking|magnet,2,ACT NOW
89-049,1989-06-05,McCrory baby strollers,Strollers & carriers,choking,3,ACT NOW
89-048,1989-06-05,Toot Toot Tug Boat,Outdoor & play equipment,choking|fall,3,ACT NOW
89-044,1989-05-29,"Coca-Cola ""Cool Cuff"" wristbands",Sleepwear & apparel,choking,3,ACT NOW
89-037,1989-05-27,"Chicco ""Spinning Bee"" Toy",Toys,choking,3,ACT NOW
89-040,1989-05-15,Teddy Bear Christmas Stockings,Toys,choking,3,ACT NOW
89-039,1989-05-15,Snoopy Wind-Up Train toy,Toys,choking,3,ACT NOW
89-038,1989-05-15,"""Mother's Helper"" pacifier holders",Feeding & high chairs,choking,3,ACT NOW
89-036,1989-05-08,"Mullins Square baby bibs, pants and panties",Feeding & high chairs,,4,ACT SOON
89-035,1989-05-08,Speed Queen Contempo Mate Stack combination washer-dryer,Sleepwear & apparel,,4,ACT SOON
89-034,1989-04-26,Franklin Sports Yard Darts,Outdoor & play equipment,,4,ACT SOON
89-022,1989-03-13,"Bright Reflections"" No. 4799 crib mirrors","Sleep — cribs, bassinets, loungers",strangulation,1,ACT NOW
89-021,1989-03-13,"""Crib Pals Tiny Tinkers Rattle Copter"" and ""Crib Pals Tiny Tinkers"" set","Sleep — cribs, bassinets, loungers",choking,3,ACT NOW
89-020,1989-03-13,"""Crib Activity Play Doggie"" and ""Play Mirror"" crib toys; ""Sweet Heart Babies"" dolls","Sleep — cribs, bassinets, loungers",choking,3,ACT NOW
89-019,1989-03-13,"""Cutie Pie"" dolls",Outdoor & play equipment,choking,3,ACT NOW
89-018,1989-02-27,"""Learn and Play Pal"" and ""Soft Sisters"" dolls",Toys,choking,3,ACT NOW
89-017,1989-02-22,Blue-Box crib gyms,"Sleep — cribs, bassinets, loungers",entanglement|fall|strangulation,1,ACT NOW
89-015,1989-02-22,Koala Bear Fur Banks,Jewelry & accessories,choking,3,ACT NOW
89-013,1989-02-12,"""Curiosity Snail"" crib toys","Sleep — cribs, bassinets, loungers",strangulation,1,ACT NOW
89-014,1989-02-08,"Model #1595 Batting Tee with Return Ball Trainer, Model #1597 Return Ball Trainer, Model #1598 Complete Teeball Set, and Model #1758 Return Kick Soccer Skill Trainer",Nursery furniture & tip-over,,4,ACT SOON
89-012,1989-02-01,"""Press'n Roll Boat"" toy",Toys,choking,3,ACT NOW
89-011,1989-02-01,"""L'il Bonnie'n Beth"" Style No. 303 dolls",Toys,choking,3,ACT NOW
89-010,1989-02-01,Flower Rattle No. M6588,Toys,choking,3,ACT NOW
89-009,1989-02-01,"""Cook N Clean Kitchen"" toys",Toys,choking,3,ACT NOW
89-004,1989-01-12,"The ""Klick-Klack Rattle""",Toys,choking,3,ACT NOW
89-003,1989-01-12,"Doll #5219; Baby Doll #5386; Crawling Baby Doll #5602; Sitting Baby Doll #5603; Dressed Doll with Crystal Eyes #5613; Sitting Doll with Yarn Hair #5406, Plastic Clothespin #6599, Plastic Spoon #6600, Plastic Safety Pin #6601, Plastic Telephone #6638, and Plastic Rattle #6640",Feeding & high chairs,choking,3,ACT NOW
88-118,1988-12-27,"Kellogg ""Cool Flute"" and ""Binoculars"" toys",Toys,choking,3,ACT NOW
88-117,1988-12-27,Expandable wooden accordion style enclosures,Sleepwear & apparel,entrapment,1,ACT NOW
88-115,1988-12-19,"Safety Pin Rattle, model #4642",Outdoor & play equipment,choking,3,ACT NOW
88-114,1988-12-19,"Stretch Tail Pop, Whistling Funny Action and Busy Animals wind-up toys",Toys,choking,3,ACT NOW
88-113,1988-12-19,"Plastic Racing Cars item C805, Plastic Jetplanes item C822, and Plastic Speedcycle item C900",Sleepwear & apparel,choking,3,ACT NOW
88-112,1988-12-15,Century Roadster Walker,"Walkers, swings & bouncers",choking,3,ACT NOW
88-111,1988-12-15,"E-Z Go umbrella strollers, models 11-066DI and 11-077SA; and Sears Infant Umbrella-Style Stroller, model 11-074SR",Strollers & carriers,fall,3,ACT NOW
88-109,1988-12-12,"Franklin yard darts: Model #3210 Yard Dart Set, Model #3283 Three Game Combination Set, Model #3284 Three Game Combination Set, and Model #3287 Five Game Combination Set",Outdoor & play equipment,,4,ACT SOON
88-107,1988-11-29,"New Bright Model 41179 ""Talking Silver Rail Express"" train sets",Outdoor & play equipment,fire|overheat,3,ACT NOW
88-097,1988-11-20,"""Cap'n Mickey's Motorboat"" wind-up boat",Toys,choking,3,ACT NOW
88-100,1988-11-16,"Crib Pals ""Kitty Cat Lion Rattle"" and ""Playtime Pals"" rattles","Sleep — cribs, bassinets, loungers",choking,3,ACT NOW
88-099,1988-11-16,"""Pop Up Answer Phone"" toy, model #1808-0",Toys,choking,3,ACT NOW
88-098,1988-11-16,"""Walt Disney Mickey Mouse Baby Play Gyms""",Toys,choking,3,ACT NOW
88-093,1988-11-02,"Tonka ""Love Me Tender"" dolls",Toys,choking,3,ACT NOW
88-090,1988-10-31,Speed Queen Contempo Mate Stack Washer-Dryer,Sleepwear & apparel,,4,ACT SOON
88-087,1988-10-12,"Donald Duck, Mickey Mouse and Minnie Mouse plastic toy figures",Toys,choking,3,ACT NOW
88-086,1988-10-12,Neiman-Marcus Gift-Wrap Box Ornaments: Fuzzy yellow duck and wooden Hansel and Gretel ornaments,Outdoor & play equipment,chemical|choking|lead,3,ACT NOW
88-083,1988-10-10,"""Baby's First Squeeze Toys,"" ""Baby's First Playball"" squeeze toys, and ""Telephone Receiver Rattle"" toys",Toys,choking,3,ACT NOW
88-080,1988-10-10,"""Crawl Space"" children's enclosure",Outdoor & play equipment,suffocation,1,ACT NOW
88-079,1988-10-02,"Shake 'N Sort Rattles, model no. 5040",Toys,choking,3,ACT NOW
88-078,1988-09-20,Fibre Craft dolls and rattle decorations,Toys,choking,3,ACT NOW
88-077,1988-09-20,"""School Days Scissors Desk Set""",Jewelry & accessories,laceration,3,ACT NOW
88-073,1988-09-06,Baby Rattle with Whistle,Toys,,4,ACT SOON
88-072,1988-09-06,"Kiddie Products ""Squeaky Ducky""",Toys,choking,3,ACT NOW
88-066,1988-08-07,Rainbow Bell baby rattles,Toys,choking,3,ACT NOW
88-064,1988-08-03,Baby Guards Disney Hand Holder No.9560; and Baby Guards Sesame Street Hand Holder No. 9562,Outdoor & play equipment,chemical|lead,4,ACT SOON
88-063,1988-08-03,"""Pull Along Bear Brother"" and ""Pull Along Happy Bear""",Toys,choking,3,ACT NOW
88-062,1988-08-03,Sweetheart Rainbow Kids dolls,Toys,choking,3,ACT NOW
88-059,1988-08-03,"""Royal"" brand super chime rattles",Toys,choking,3,ACT NOW
88-060,1988-08-01,Wang's International Craft Dolls,Toys,choking,3,ACT NOW
88-058,1988-07-26,"Fisher-Price model 2306 ""Pop-Up Playhouse"" toy",Outdoor & play equipment,,4,ACT SOON
88-057,1988-07-26,Toy Stationery Sets,Toys,laceration,3,ACT NOW
88-051,1988-07-13,"""Big Mouth Fish, Hippo, and Frog"" water toy, ""Devil Fish"" water toy, and ""Lively Squeaking Snake"" toy",Toys,choking|lead,3,ACT NOW
88-050,1988-07-13,"""Musical Cab"" wind-up and battery-powered toy cars",Toys,choking,3,ACT NOW
88-052,1988-07-12,"Blazon-Flexible Flyer, Inc. ""Gym Sets"" and ""Horse Attachment""","Walkers, swings & bouncers",fall,3,ACT NOW
88-048,1988-07-12,"Chicco-brand ""Pram Mobiles""","Sleep — cribs, bassinets, loungers",entanglement|fall|strangulation,1,ACT NOW
88-035,1988-06-05,Toycraft Stuffed Teddy Bear,Toys,choking,3,ACT NOW
88-033,1988-05-30,"Perego ""Avanti"" stroller",Strollers & carriers,laceration,3,ACT NOW
88-030,1988-05-22,"C&T ""Circus America"" mesh-sided playpen, model 585","Sleep — cribs, bassinets, loungers",choking|suffocation,1,ACT NOW
88-028,1988-05-16,"Umbrella Strollers, Model 1601 PRT",Strollers & carriers,choking,3,ACT NOW
88-027,1988-05-10,"Rainbow Bell baby rattles, Item CT-8013",Toys,choking,3,ACT NOW
88-026,1988-05-10,"Colorforms #150 Story Book Puzzles, and Crib Pals Shake and Twist Baby Rattles, #098132","Sleep — cribs, bassinets, loungers",choking,3,ACT NOW
88-024,1988-04-24,Hedstrom and Sears brand wooden baby swings,"Walkers, swings & bouncers",fall,3,ACT NOW
88-023,1988-04-19,"1986 Schaper ""Speed Wheels'' ride-on toys",Toys,entrapment,1,ACT NOW
88-020,1988-04-10,"""Le-Roi"" and ""Mother Care"" infant socks",Sleepwear & apparel,choking,3,ACT NOW
88-013,1988-03-02,Baby Buddy Clip-On pacifier holders,Feeding & high chairs,choking,3,ACT NOW
88-010,1988-03-02,The wheels on the BMX-12 inch boys bicycle in blue,Helmets & wheeled toys,,4,ACT SOON
87-080,1987-12-15,Flying Animal Swings,"Walkers, swings & bouncers",,4,ACT SOON
87-076,1987-11-24,HBLA non-full size baby cribs,"Sleep — cribs, bassinets, loungers",entrapment|fall|labeling|laceration|strangulation,1,ACT NOW
87-074,1987-11-24,Children's Wooden Painted Puzzles,Toys,chemical|lead,3,ACT NOW
87-073,1987-11-23,Fisher-Price Model 9110 Combination Carriage/Strollers,Strollers & carriers,fall,3,ACT NOW
87-072,1987-11-18,United Furniture bunk beds,Nursery furniture & tip-over,fall,3,ACT NOW
87-065,1987-10-26,Crib Soft Playground,"Sleep — cribs, bassinets, loungers",entrapment|strangulation,1,ACT NOW
87-062,1987-10-19,Campari disposable butane cigarette lighters,Outdoor & play equipment,,4,ACT SOON
87-061,1987-10-14,"CBS ""Wonder"" Spring Ride-On Horses",Toys,fall,3,ACT NOW
87-057,1987-09-28,Portable crib with adjustable floorboard,"Sleep — cribs, bassinets, loungers",fall,3,ACT NOW
87-056,1987-09-23,"""Powerball"" premium ball",,choking,3,ACT NOW
87-052,1987-09-10,Spinning Windmill Rattle,Toys,choking,3,ACT NOW
87-048,1987-09-09,Calderon stuffed animal mobiles,Toys,entanglement|strangulation,1,ACT NOW
87-046,1987-09-02,Stuffed teddy bear,Toys,choking|laceration,3,ACT NOW
87-043,1987-08-03,"Model #8522 ""Magna"" 12-inch sidewalk bicycles",Toys,,4,ACT SOON
87-037,1987-06-29,Championship Deluxe Bicycle Child Carrier,Strollers & carriers,fall,3,ACT NOW
87-033,1987-06-03,LP-205 Musical Mobile Toy,"Sleep — cribs, bassinets, loungers",chemical|lead,4,ACT SOON
87-030,1987-05-19,Play Mates baby rattles (both Item No. 203719); Centipede Pull Along toy (Item No. TA-1670); See-Thru Wheel Cart (Item 332); Happy Duck Pull Toy (L Model TM-861); and Hammer Car (Item 160393),Toys,choking,3,ACT NOW
87-028,1987-04-30,Infant Walker,"Walkers, swings & bouncers",,4,ACT SOON
87-027,1987-04-22,Children's Lawn Chair,,fall,3,ACT NOW
87-024,1987-04-14,"""Walkie"" baby walker","Walkers, swings & bouncers",fall,3,ACT NOW
87-023,1987-03-29,Two-Piece Garment,Sleepwear & apparel,choking,3,ACT NOW
87-020,1987-03-23,Toy Train & Music Box,Toys,lead,3,ACT NOW
87-019,1987-03-22,Baby Walker,"Walkers, swings & bouncers",entrapment,1,ACT NOW
87-013,1987-02-25,Animal Voices Musical Toys,Toys,choking,3,ACT NOW
87-009,1987-02-10,Children's Chairs,,chemical|lead,4,ACT SOON
87-008,1987-02-10,Small Wonders full-size baby cribs,"Sleep — cribs, bassinets, loungers",entrapment|fall|labeling|laceration|strangulation,1,ACT NOW
87-006,1987-02-02,Ambi Mini Racer,Toys,choking,3,ACT NOW
87-004,1987-01-19,TimberForm 4000 Series Play Platforms,Outdoor & play equipment,entrapment,1,ACT NOW
86-079,1986-12-18,"12"" sidewalk bicycles",Helmets & wheeled toys,,4,ACT SOON
86-078,1986-12-02,Flying Copters,Toys,laceration,3,ACT NOW
86-074,1986-11-23,Stuffed Toy Bears,Toys,choking,3,ACT NOW
86-070,1986-11-11,Voltron Lion Toys,Outdoor & play equipment,lead,4,ACT SOON
86-069,1986-11-09,LEGO Building Sets from McDonald's,Toys,,4,ACT SOON
86-068,1986-11-05,Wooden toy Fire Trucks,Toys,choking|fire,3,ACT NOW
86-067,1986-11-02,Baby Rattles,Toys,choking|suffocation,1,ACT NOW
86-065,1986-10-22,nan,"Sleep — cribs, bassinets, loungers",,4,ACT SOON
86-063,1986-10-14,nan,Toys,,4,ACT SOON
86-061,1986-10-07,Peek-A-Boo Clown Toy,Toys,choking|suffocation,1,ACT NOW
86-059,1986-09-30,My Baby Pumpkin Dolls,Toys,choking,3,ACT NOW
86-057,1986-09-25,Flying Toy Helicopter,Toys,laceration,3,ACT NOW
86-055,1986-09-14,Dropside Mesh-Sided Cribs and Playpens,"Sleep — cribs, bassinets, loungers",suffocation,1,ACT NOW
86-054,1986-08-27,Play Brooms,,lead,4,ACT SOON
86-044,1986-07-21,"""Badger"" Bassinet","Sleep — cribs, bassinets, loungers",fall,3,ACT NOW
86-043,1986-07-21,Flying Copters,Toys,laceration,3,ACT NOW
86-038,1986-06-03,"""Flying Gym"" playground swings","Walkers, swings & bouncers",,4,ACT SOON
86-036,1986-06-01,Baby Crib Toys,"Sleep — cribs, bassinets, loungers",strangulation,1,ACT NOW
86-035,1986-06-01,Flying Helicopter Toy,Toys,laceration,3,ACT NOW
86-030,1986-05-14,nan,,,4,ACT SOON
86-029,1986-05-12,12 inch teddy bear,Toys,choking|laceration,3,ACT NOW
86028,1986-05-12,Shoulder Harness Restraining Device,Strollers & carriers,entanglement,4,ACT SOON
86-024,1986-04-13,"""Jack in the Ball"" toy",Toys,choking|fall,3,ACT NOW
86-022,1986-03-23,Brawny Bunk Bed,Nursery furniture & tip-over,,4,ACT SOON
86-021,1986-03-23,Woodworks Lace Up Horse,Toys,chemical|lead,3,ACT NOW
86-009,1986-03-19,FOLKART EXTENDER #947,Feeding & high chairs,chemical,4,ACT SOON
86-017,1986-03-18,Sweatshirts,Sleepwear & apparel,choking,3,ACT NOW
86-019,1986-03-16,Proven Value Antifreeze,Household chemicals,labeling,7,CHECK
86-011,1986-03-03,Toy Helicopter,Toys,laceration,3,ACT NOW
86008,1986-02-18,Lil Steeler Strollers,Strollers & carriers,,4,ACT SOON
86-005,1986-02-05,CHUPETE AND BABY brand Pacifiers,Feeding & high chairs,choking,3,ACT NOW
85-071,1985-12-30,Soft Foam Bath Blocks,Outdoor & play equipment,choking|suffocation,1,ACT NOW
85-068,1985-12-17,Children's jogging suits,,flammable,3,ACT NOW
85-065,1985-12-09,KER-BANGERS (Clacker Balls Toy),Toys,,4,ACT SOON
85-063,1985-12-04,Crib Exerciser,"Sleep — cribs, bassinets, loungers",chemical|lead,4,ACT SOON
85-062,1985-12-04,Three styles of baby toys,Toys,,4,ACT SOON
85-061,1985-12-02,Slant-sided metal refuse bins,Sleepwear & apparel,,4,ACT SOON
85-041,1985-08-26,Baby Cribs,"Sleep — cribs, bassinets, loungers",entrapment|strangulation,1,ACT NOW
85-039,1985-08-18,Dropside mesh-sided cribs and playpens,"Sleep — cribs, bassinets, loungers",suffocation,1,ACT NOW
85-037,1985-08-04,Honkers Doll,Toys,choking,3,ACT NOW
85-033,1985-06-25,"Slotted mattress support hangers and plastic brackets for Questor ""Baby Line"" cribs","Sleep — cribs, bassinets, loungers",suffocation,1,ACT NOW
85-031,1985-06-09,Crib Cuddle,"Sleep — cribs, bassinets, loungers",,4,ACT SOON
85-028,1985-05-22,Folding Sassy Seats,Feeding & high chairs,fall|laceration,3,ACT NOW
85-024,1985-05-09,Squeak Pacifier,Feeding & high chairs,choking|suffocation,1,ACT NOW
85-014,1985-03-31,nan,Toys,,4,ACT SOON
85-006,1985-01-23,V-Shaped Accordion Style Baby Gates,"Gates, rails & childproofing",strangulation,1,ACT NOW
84-071,1984-12-30,Pur Model INF-920 regular shaped baby pacifiers,Feeding & high chairs,,4,ACT SOON
84-070,1984-12-27,Columbia Parkcycle Front Forks,Feeding & high chairs,fall|laceration,3,ACT NOW
84-059,1984-10-10,"Binky Squeaky Pacifier, Model 593",Feeding & high chairs,choking|suffocation,1,ACT NOW
84-058,1984-10-09,#155 Play Gym,"Sleep — cribs, bassinets, loungers",entanglement,4,ACT SOON
84-060,1984-10-07,T.G. & Y toy airplane,Toys,choking,3,ACT NOW
84-055,1984-09-24,#CT569 Baseball Bat Squeeze Toy,Outdoor & play equipment,choking|suffocation,1,ACT NOW
84-050,1984-07-31,Children's expandable enclosure,"Sleep — cribs, bassinets, loungers",entrapment|strangulation,1,ACT NOW
84-048,1984-07-25,"Fisher-Price ""Splash & Stack Bluebird"" toy, Model #167",Toys,suffocation,1,ACT NOW
84-029,1984-05-01,"HIPPO-LOT-O-FUN Musical Computer Toy, Model No. 7-511",Toys,choking,3,ACT NOW
84-025,1984-04-17,Patton Model HF-10 and Sears Model 201-7208 portable electric space heaters,,fire,3,ACT NOW
84-023,1984-04-11,"""Cupie Doll"" #6342",Toys,choking,3,ACT NOW
84-016,1984-03-18,Danera and Stahlwood manufactured squeeze toys,Toys,choking|suffocation,1,ACT NOW
84-015,1984-03-05,"""Country Calico"" Farm Animal Assortment, Item #E-9768",Toys,choking,3,ACT NOW
84-011,1984-02-06,"""Li'l Squeaker"" Pacifiers",Feeding & high chairs,choking|suffocation,1,ACT NOW
84-013,1984-02-01,Candlelite and Mandalay cribs,"Sleep — cribs, bassinets, loungers",entrapment|strangulation,1,ACT NOW
84-006,1984-01-25,Blue Box brand Combat Copter toy helicopters,Toys,,4,ACT SOON
84-005,1984-01-24,"Small plastic animals included in ""Quacker Jack's Surprise Pack""",Outdoor & play equipment,choking,3,ACT NOW
84-003,1984-01-10,Containers of charcoal lighter fluid and paint thinner,Lighters & fire hazards,,4,ACT SOON
84-001,1984-01-03,"Cloth books called ""My Button Book"" and ""Hello Kitty's Button Book""",Toys,choking,3,ACT NOW
83-062,1983-12-04,Pixieland metal playground equipment,Outdoor & play equipment,entrapment|strangulation,1,ACT NOW
83-063,1983-11-30,"Super Coupe baby walkers, models No. 8209 and 8210","Walkers, swings & bouncers",fall|laceration,3,ACT NOW
83-058,1983-11-17,"Musical Rock-A-Bye Railroad, No. 2010",Toys,choking,3,ACT NOW
83-041,1983-07-12,Children's circular expandable wooden enclosures,Outdoor & play equipment,entrapment|strangulation,1,ACT NOW
83-034,1983-06-13,"""NUK"" brand 3-piece Toothbrush Trainer Sets",Outdoor & play equipment,choking|suffocation,1,ACT NOW
83-030,1983-05-25,Super Slide (item #9005),Outdoor & play equipment,entrapment,1,ACT NOW
83-028,1983-05-22,"Graco E-Z Roller baby strollers, Model 6620 and Model 6020",Strollers & carriers,entrapment,1,ACT NOW
83-020,1983-04-12,"Stuffed baby chicks, ducklings and goslings",,chemical,4,ACT SOON
83-010,1983-03-08,M.R. Lane Jiffy A-4 Tennis Net Tightener,,,4,ACT SOON
83-012,1983-02-28,"Milton Bradley ""Fibro-Clay""",Sleepwear & apparel,asbestos,5,ACT SOON
83-003,1983-01-25,"American Toy & Furniture ""Wood and Hardboard Play Gym""",Toys,,4,ACT SOON
82-054,1982-12-15,"Crib Mates ""Popeye"" and ""Olive Oyl"" squeeze toys, and Baby World Company ""Squeeze Me"" animal squeeze toys","Sleep — cribs, bassinets, loungers",choking,3,ACT NOW
82-048,1982-11-15,R. Dakin & Co. plush mobile animal toys,Toys,strangulation,1,ACT NOW
82-047,1982-11-09,"""Happy-Mates'' squeeze toys",Toys,choking|suffocation,1,ACT NOW
82-046,1982-11-02,McDonald's Playmobil toys,Toys,choking,3,ACT NOW
82-044,1982-10-20,"""Swyngomaric"" Converta Cradles","Sleep — cribs, bassinets, loungers",fall,3,ACT NOW
82-040,1982-09-21,"""Stralighter"" non-full size baby cribs","Sleep — cribs, bassinets, loungers",entrapment,1,ACT NOW
82-034,1982-08-16,"""Tenderkare"" infant carriers (model 412), ""Winnie-the-Pooh-Rocker-Carrier"" (model 36511)",Car seats & travel,fall,3,ACT NOW
82-036,1982-07-26,Wooden baby rattles,Toys,choking|suffocation,1,ACT NOW
82-031,1982-07-12,"""Gerry Carrier"" and ""Pak-A-Poose"" baby back carriers",Outdoor & play equipment,entrapment,1,ACT NOW
82-023,1982-05-27,Hydro Air suction drain cover fittings,,entrapment,1,ACT NOW
82-022,1982-05-23,"""Protecto Hold Me Tite"" squeeze toy",Toys,choking|suffocation,1,ACT NOW
82-008,1982-03-14,Creative Playthings Indoor Gym House,,entrapment|strangulation,1,ACT NOW
81-029,1981-12-02,Plastic table lamps,Sleepwear & apparel,,4,ACT SOON
81-028,1981-11-16,"Baby Line plastic ""crib-spring hanger brackets""","Sleep — cribs, bassinets, loungers",,4,ACT SOON
81-027,1981-10-18,"Model 320 ""Kantwet Trav-L-Cribs""","Sleep — cribs, bassinets, loungers",fall,3,ACT NOW
81-009,1981-02-26,Teddy bears,Toys,choking,3,ACT NOW
80-041,1980-12-02,"""Squeeze Me Bear"" stuffed toy",Toys,,4,ACT SOON
80-039,1980-10-30,"""Pot Belly"" stuffed toys",Toys,,4,ACT SOON
80-038,1980-10-02,Playskool Bristle Blocks,Sleepwear & apparel,,4,ACT SOON
80-030,1980-08-20,Albert E. Price. stuffed mobile toys,Toys,strangulation,1,ACT NOW
80-029,1980-08-06,"""Kickers"" elastic crib decorations","Sleep — cribs, bassinets, loungers",strangulation,1,ACT NOW
80-020,1980-05-22,Creative Playthings Indoor Gym Houses,Outdoor & play equipment,strangulation|suffocation,1,ACT NOW
80-018,1980-05-13,"Infant toys known as ""crib exercisers"" or ""baby chains""","Sleep — cribs, bassinets, loungers",strangulation,1,ACT NOW
80-015,1980-04-17,Night Lights,Nursery electricals & monitors,electrical,3,ACT NOW
80-007,1980-03-09,"Wham-O ""Fun Fountain"" water toys",Outdoor & play equipment,,4,ACT SOON
80-006,1980-02-13,"""Mandalay"" and ""Candlelite"" style cribs","Sleep — cribs, bassinets, loungers",strangulation,1,ACT NOW
80-003,1980-02-10,"""Fun Ride Trolley Ride"" toys",Toys,,4,ACT SOON
79-068,1979-11-28,Infant crib exerciser,"Sleep — cribs, bassinets, loungers",entanglement|strangulation,1,ACT NOW
79-066,1979-11-27,"""Mandalay"" and ""Candlelite"" style cribs","Sleep — cribs, bassinets, loungers",strangulation,1,ACT NOW
79-065,1979-11-20,Stuffed toy mobiles,Toys,strangulation,1,ACT NOW
79-064,1979-11-08,"Montgomery Ward ""Desk Phone Set"" toy",Toys,burn,3,ACT NOW
79-060,1979-10-25,"""Soft Shot Star Launcher"" blow-gun toys",Toys,choking,3,ACT NOW
79-056,1979-10-02,"Gabriel ""Giggle Stick""",Toys,choking,3,ACT NOW
79-054,1979-09-30,"""Holly Hobbie"" toy telephone set",Toys,burn,3,ACT NOW
79-038,1979-08-08,"""Babyline"" crib spring hanger brackets","Sleep — cribs, bassinets, loungers",,4,ACT SOON
79-031,1979-06-28,"""Three Stars"" plastic ring caps used in toy guns",Toys,burn|fall,3,ACT NOW
79-007,1979-02-04,"""Gun Fighter"" double-barreled toy cork shotgun",Toys,,4,ACT SOON
79-001,1979-01-10,"""Battlestar Galactica"" space toys with missiles",Toys,choking,3,ACT NOW
78-104,1978-12-11,Child-resistant caps on thyroid tablets,Personal care & medicine,,4,ACT SOON
78-103,1978-12-10,Riviton Construction Toy,Toys,choking,3,ACT NOW
78-102,1978-12-07,Battlestar Galactica space vehicle toys,Toys,choking,3,ACT NOW
78-091,1978-11-14,"Columbia bicycles: 3-speed, 24-inch racers called ""Miami,"" girls' Models Nos. 1433 and 1439, and boys' Model No. 1434; and ""Gold Crest"" 3-speed 26-inch racers, men's Model No. 3648",Helmets & wheeled toys,,4,ACT SOON
78-110,1978-08-24,Stuffed toys,Toys,lead,3,ACT NOW
78-063,1978-07-12,Plastic teething rails on full-sized baby cribs,"Sleep — cribs, bassinets, loungers",,4,ACT SOON
78-052,1978-06-21,Car seat/stroller conversion kits,Car seats & travel,,4,ACT SOON
78-032,1978-05-04,"Bassett cribs with model numbers 5126, 5621 and 5225","Sleep — cribs, bassinets, loungers",entrapment|strangulation,1,ACT NOW
78-020,1978-04-12,"Wham-O ""Water Wiggle"" toy",Toys,drowning,1,ACT NOW
78-014,1978-02-20,Bassett Cribs with model numbers 5028 and 5127,"Sleep — cribs, bassinets, loungers",entrapment|strangulation,1,ACT NOW
77-124,1977-12-15,"Gerico ""Gerry Carryfree""and ""Sears 'Stroll 'N Fold"" strollers",Strollers & carriers,fall,3,ACT NOW
77-120,1977-12-07,Wooden Toy Alphabet Blocks,Toys,lead,3,ACT NOW
77117,1977-11-28,Par-Golf Toy Golf Clubs,Toys,,4,ACT SOON
77-103,1977-10-02,12 products from American Printing House for the Blind,Window coverings & cords,lead,4,ACT SOON
77-099,1977-09-11,Snoopy Bank,Outdoor & play equipment,lead,4,ACT SOON
77-096,1977-09-01,Lead-containing paint and on toys and furniture coated with such paint,Toys,lead,3,ACT NOW
77-092,1977-08-21,747 Command high chair,Feeding & high chairs,fall,3,ACT NOW
77059,1977-06-06,225 tablet package size and 375 tablet size of Excedrin analgesic tablets,Personal care & medicine,,4,ACT SOON
77-035,1977-04-14,Electric Train Transformers,Toys,,4,ACT SOON
77-033,1977-04-10,Electric toy road racing sets and certain power pack transformers sold separately,Toys,electrical,3,ACT NOW
77-019,1977-03-03,Electric Toy Train Transformers,Toys,,4,ACT SOON
77-017,1977-02-28,Electric rock polisher,Toys,electrical,3,ACT NOW
77-004,1977-01-13,Phonograph,Toys,electrical,3,ACT NOW
77-002,1977-01-03,Bed Guard Rails,"Gates, rails & childproofing",lead,4,ACT SOON
77-001,1977-01-02,Outdated Fire Extinguishers,Sleepwear & apparel,fire,3,ACT NOW
76085,1976-12-08,Ponchos,Sleepwear & apparel,,4,ACT SOON
76-083,1976-12-06,Blobo Plastic Bubb-A-Loons,Toys,chemical,4,ACT SOON
76-070,1976-10-14,nan,Strollers & carriers,,4,ACT SOON
76068,1976-10-13,nan,Feeding & high chairs,,4,ACT SOON
76-041,1976-05-31,Pacifiers known as Chupetes,Feeding & high chairs,,4,ACT SOON
76-027,1976-04-21,Children's Sleepwear,Sleepwear & apparel,flammable,3,ACT NOW
76-014,1976-02-24,Baby pacifiers known as Chupetes,Feeding & high chairs,choking,3,ACT NOW
75-021,1975-03-04,Boys' and girls' pajamas,Sleepwear & apparel,flammable,3,ACT NOW
74-076,1974-11-07,"Lady Lovely Apparel, Inc. Specifically, the Commission found that certain styles of infant's gowns and toddler's pajamas, gowns and robes, manufactured after July 29, 1972.",Sleepwear & apparel,,4,ACT SOON
74-013,1974-02-24,nan,Toys,,4,ACT SOON
