setid,asin,amazon_url,match_confidence,match_reasons,brand,brand_original,brand_source,product_name,title,labeler,category,dosage_form,contains_zinc_oxide,contains_titanium_dioxide,contains_chemical_filter,is_baby_product,active_ingredient_count,active_ingredients,inactive_count,inactive_ingredients,inactive_source,first_ndc,ndcs,matched_keywords,published_date,spl_version,dailymed_url,fetch_error
3ee52faa-64a8-4bdf-e063-6294a90a65cf,B0FZQGYN49,https://www.amazon.com/Sun-Zapper-Baby-Pure-Sunscreen/dp/B0FZQGYN49/ref=sr_1_80?dib=eyJ2IjoiMSJ9.79zIndP5-v_l0KinC8iNIQemyhs6LqIE0UgW5GaARiEQpONwAekczYt5blnYAt433HuGX-M2s-Q9_r2ocvZZc0vnvE5qtOfR_pY8W5TgO6LRuT3TbTrP2KCuYN7Vvw5j9w8Z7NX5NmuM8EODmu3HUkC-ooEbhQc6KeufpMcCyLpqROs9V1Tu2b6NtC3CvKrV4rkf_UWCVWxZ1KUFOrxZYCoUIeBnaDxyykhsjKTSa27m9qBEEyEGhnSOXVsVnT0i6sIDimlnI7yegKpkFhfS5fqQkUcWZ5RWUpFIDsBgxBs.HUQfUUtGQOaC4NT3y0goA6Kj5W3dKTSRyoBghpz1Q84&dib_tag=se&keywords=baby+sunscreen+mineral+zinc+oxide+SPF+50+newborn+infant+fragrance+free+sensitive+skin+lotion&nsdOptOutParam=true&qid=1778019959,HIGH,brand:sun zapper|spf:30|form:lotion_cream|kw:pure,Sun Zapper,VEGANIC SKN,title_prefix,SUN ZAPPER - BABY PURE ZINC SUNSCREEN SPF30,SUN ZAPPER - BABY PURE ZINC SUNSCREEN SPF30 (ZINC OXIDE SUNSCREEN) CREAM [VEGANIC SKN LIMITED],VEGANIC SKN LIMITED,sunscreen,cream,TRUE,FALSE,FALSE,TRUE,1,ZINC OXIDE: 25 kg in 100 kg,20,APRICOT SEED OIL; COCO-CAPRYLATE/CAPRATE; SODIUM CHLORIDE; GLYCERIN; POLYGLYCERYL-3 RICINOLEATE; GLYCERYL STEARATE CITRATE; XANTHAN GUM; FERRIC OXIDE RED; SODIUM HINOKITIOL; FERRIC OXIDE YELLOW; FERROSOFERRIC OXIDE; COCONUT ALKANES; ALPHA-TOCOPHEROL ACETATE; WATER; POLYHYDROXYSTEARIC ACID (2300 MW); ISOSTEARIC ACID; CANDELILLA WAX; SODIUM HYALURONATE; SODIUM ASCORBATE; POLYGLYCERYL-4 OLEATE,spl_xml,83252-126-25,83252-126-25,baby,"Mar 09, 2026",2,https://dailymed.nlm.nih.gov/dailymed/drugInfo.cfm?setid=3ee52faa-64a8-4bdf-e063-6294a90a65cf,
9d237fb7-4f5f-521d-e053-2a95a90a9734,B084ZP1H7B,https://www.amazon.com/BLUE-LIZARD-Baby-Mineral-Sunscreen/dp/B084ZP1H7B/ref=sr_1_5?dib=eyJ2IjoiMSJ9.v8W8su3z-BD3cYaDgyqrx-i5sqsY5wIEwEJEQid0zB6wd0oemCwiyJWD-yxl8N_gTvpTXwaegOy3dwTPddSgBltTRXJn0dDMuu65EmsaeGn-Y0NpMoyyg87I6mL8AXSZGUJvrGL0pDcbafSN-NX44zMU705zW2QdcyoiFLWZYrQ-QFtV53_4ineyp3TDolEZhxmno14Tpp9JBELufwqrVHpoCUBI8c4uhYQCZDFCEDsFMhVKemlvwZkKaNY4idUSsJyTZ8JjpnRk9ik0dvGPLQBulPw5WRB1S80s2Qubzns.dMwfeCvkhL7NluCmZmt263yodPaIfARf3H9NgFZHqV0&dib_tag=se&keywords=infant+sun+cream+mineral+zinc+oxide+0-6+months+pediatrician+sensitive&nsdOptOutParam=true&qid=1778019955&rdc=1&sr=8-5,HIGH,brand:blue lizard|spf:50|form:lotion_cream,Blue Lizard,BLUE LIZARD,title_prefix,BLUE LIZARD BABY SPF 50 SUNSCREEN,BLUE LIZARD BABY SPF 50 SUNSCREEN (TITANIUM DIOXIDE AND ZINC OXIDE) LOTION [CROWN LABORATORIES],CROWN LABORATORIES,sunscreen,lotion,TRUE,TRUE,FALSE,TRUE,2,TITANIUM DIOXIDE: 89.6 mg in 1 mL; ZINC OXIDE: 112 mg in 1 mL,28,ALUMINUM OXIDE; ALUMINUM STEARATE; TRIETHOXYCAPRYLYLSILANE; YELLOW WAX; CETYL PEG/PPG-10/1 DIMETHICONE (HLB 5); ALKYL (C12-15) BENZOATE; EDETATE DISODIUM; ETHYLHEXYL PALMITATE; ETHYLHEXYL STEARATE; CAPRYLYL GLYCOL; HEXYL LAURATE; HYDROGENATED CASTOR OIL; METHYL GLUCOSE DIOLEATE; CHLORPHENESIN; OCTYLDODECYL NEOPENTANOATE; PEG-7 HYDROGENATED CASTOR OIL; POLYGLYCERYL-4 ISOSTEARATE; PHENOXYETHANOL; PROPANEDIOL; WATER; SORBITAN MONOOLEATE; STEARIC ACID; .ALPHA.-TOCOPHEROL ACETATE; DIMETHICONE; TRIMETHYLSILOXYSILICATE (M/Q 0.8-1.0); HEXADECYL POVIDONE (4 HEXADECYL BRANCHES/REPEAT); POLYHYDROXYSTEARIC ACID (2300 MW); CETYL DIMETHICONE 25,spl_xml,0316-2036-10,0316-2036-10; 0316-2036-30; 0316-2036-40; 0316-2036-45; 0316-2036-46; 0316-2036-50,baby; blue lizard,"Jan 14, 2026",7,https://dailymed.nlm.nih.gov/dailymed/drugInfo.cfm?setid=9d237fb7-4f5f-521d-e053-2a95a90a9734,
44abdfe1-ea6b-a158-e063-6294a90a3eb8,B0G3WWCVGN,https://www.amazon.com/ATTITUDE-Sunscreen-Mineral-Based-Lightweight-Unscented/dp/B0G3WWCVGN/ref=sr_1_87?dib=eyJ2IjoiMSJ9.ZywXOXo31S2E4zHCMz8uJ9pbf8ujSMMpwhtTpmTbMNE2TpBr-4QbbfQJNb3Stq7BTV3gytVF5cA-2q9a3nW3O-P5NHShNqIsya34La3z5JFEKZqJBgXWQumvhrJZJMKYY6vXdfIbZZrCmbnTWI0LAq76_wZgGIdK_HjoJalpEJJ6VRM99iFWtrWxK3kI7hQ3GZiyBtqYgelRUYTckIZxOmwZkibaHHcFn-YsIsL92DMTM4TX_YmqZUWM2aL4lNBSUbdxKS9WoNNBbu7JB9eRYHXOaEJjNY99Y-2faN8DENg.ZeUSZMy9tyM2rKr1kYQjO3h5mtqwyCZ0PmtpMP_i-kM&dib_tag=se&keywords=infant+sun+cream+mineral+zinc+oxide+0-6+months+pediatrician+sensitive&nsdOptOutParam=true&qid=1778019957,HIGH,brand:attitude|spf:50|form:lotion_cream|unscented_match|kw:unscented,ATTITUDE,ATTITUDE,title_prefix,ATTITUDE SENSITIVE NATURAL BABY MINERAL SUNSCREEN SPF 50 UNSCENTED,ATTITUDE SENSITIVE NATURAL BABY MINERAL SUNSCREEN SPF 50 UNSCENTED (ZINC OXIDE) CREAM [9055-7588 QU&EACUTE;BEC INC.DBA ATTITUDE],9055-7588 QU&EACUTE;BEC INC.DBA ATTITUDE,sunscreen,cream,TRUE,FALSE,FALSE,TRUE,1,ZINC OXIDE: 24 g in 100 g,32,HELIANTHUS ANNUUS SEED WAX; GLYCERYL DIBEHENATE; ACACIA SENEGAL GUM; POLYGLYCERYL-2 DIPOLYHYDROXYSTEARATE; POLYGLYCERYL-6 POLYRICINOLEATE; HEPTYL UNDECYLENATE; BUTYLENE GLYCOL DICAPRYLATE/DICAPRATE; CALCIUM ALUMINUM BOROSILICATE; POLYHYDROXYSTEARIC ACID (2300 MW); CAPRYLIC/CAPRIC TRIGLYCERIDE; TOCOPHEROL; HELIANTHUS ANNUUS (SUNFLOWER) SEED OIL; JOJOBA OIL; STEARALKONIUM HECTORITE; PROPYLENE CARBONATE; MALEATED SOYBEAN OIL GLYCERYL/OCTYLDODECANOL ESTERS; DICAPRYLYL ETHER; C13-15 ALKANE; AQUA; PROPANEDIOL DICAPRYLATE/CAPRATE; PROPANEDIOL; MICA; MAGNESIUM SULFATE; POLYGLYCERIN-6; ACACIA DECURRENS FLOWER WAX; POLYGLYCERIN-3; XANTHAN GUM; SODIUM BENZOATE; SILICA; ASCORBYL PALMITATE; COCO-CAPRYLATE/CAPRATE; AVENA SATIVA (OAT) KERNEL OIL,spl_xml,61649-524-01,61649-524-01,baby,"Dec 15, 2025",1,https://dailymed.nlm.nih.gov/dailymed/drugInfo.cfm?setid=44abdfe1-ea6b-a158-e063-6294a90a3eb8,
450e52a9-5a6b-112f-e063-6394a90af7ca,B0GLQ9FFJC,https://www.amazon.com/ATTITUDE-Sunscreen-Lightweight-Non-Greasy-Unscented/dp/B0GLQ9FFJC/ref=sr_1_71?dib=eyJ2IjoiMSJ9.WId94J1hO1kQRDebJ6V12HKDZFa_6nnGTX84x5nJM2N_Omn8f7c4Reo_pEqKCb2GPP7_zauOoeWR3CTjVprfg-43lIR-44JOGKyB4TIadXqdhQ6QQtiTamRPi3kdOgaUMggX2xkjNsou23VaFNnQNBydlmXxTWLzZAlc91hhVP2R2OuH86ucBNUDqbw7RNcI2gNSgRX_KrnlHm7wvsbq2OFIwE9dP2F4tjgqd1U8Jdn5XPndq7AhHGaWhGl47EyQWjasiOII3DY-gYduOZAeXpuvhaigXotbLrDkXVmlXok.kAAkz18EIJqoNLyqtLDCtsZYGM-ogYdjUkduZ7v4bOY&dib_tag=se&keywords=kids+sunscreen+stick+SPF+30+mineral+water+resistant+broad+spectrum+face+on+the+go&nsdOptOutParam=true&qid=1778019959,HIGH,"brand:attitude|spf:50|form:stick|unscented_match|kw:face,unscented",ATTITUDE,ATTITUDE,title_prefix,ATTITUDE SUNLY BABY MINERAL SUNSCREEN FACE STICK SPF 50 UNSCENTED,ATTITUDE SUNLY BABY MINERAL SUNSCREEN FACE STICK SPF 50 UNSCENTED (ZINC OXIDE) STICK [9055-7588 QU&EACUTE;BEC INC.DBA ATTITUDE],9055-7588 QU&EACUTE;BEC INC.DBA ATTITUDE,sunscreen,stick,TRUE,FALSE,FALSE,TRUE,1,ZINC OXIDE: 24 g in 100 g,12,CAPRYLIC/CAPRIC TRIGLYCERIDE; VITIS VINIFERA (GRAPE) SEED OIL; COCO-CAPRYLATE/CAPRATE; HELIANTHUS ANNUUS (SUNFLOWER) SEED WAX; HELIANTHUS ANNUUS (SUNFLOWER) SEED OIL; OCTYLDODECANOL; BUTYROSPERMUM PARKII (SHEA) BUTTER; COCOS NUCIFERA (COCONUT) OIL; MALEATED SOYBEAN OIL GLYCERYL/OCTYLDODECANOL ESTERS; GLYCERYL DIBEHENATE; CALCIUM ALUMINUM BOROSILICATE; TOCOPHEROL,spl_xml,61649-561-01,61649-561-01; 61649-561-02,baby,"Dec 15, 2025",1,https://dailymed.nlm.nih.gov/dailymed/drugInfo.cfm?setid=450e52a9-5a6b-112f-e063-6394a90af7ca,
c780d5cf-8388-42e0-e053-2a95a90a7c04,B077D3MQCS,https://www.amazon.com/Banana-Boat-Protect-Sunscreen-Ingredients/dp/B077D3MQCS/ref=sr_1_77?dib=eyJ2IjoiMSJ9.BJSy-5tzfwoSDVIgfKERk9esJm7_GZfLuKnxmofJsfDxM7NjG_A5cTlNVO7vSbZtoQpErXW6ZYooqCs0472rznM8tUktJRz8mOIPKwH-NoIH0Mr_9GZZyz-TggQRVhQdBy9Qdtte7pSbAP54eNaAm1i-ur30-0b3qEZrWFIpb-QTBXrb3bvTl1s1X_xYaYB8fZSsQTrXdRYJN_a9NA1mXdqm8fiH88l4MpzedVSGykHlENs3j4qvM9splJIkmmrTIifYZDY-kPtT46x-OWFkw54JUhea8qnbA2GJpUxIYpw.Gfd1yXHnxuZ5QwXR0KQr3eWjgbdKIywWf8fjffEqkPk&dib_tag=se&keywords=kids+sunscreen+spray+mineral+broad+spectrum+SPF+30+zinc+oxide+aerosol+fast+application&nsdOptOutParam=true&qid=1778019978,HIGH,brand:banana boat|spf:50|form:lotion_cream|kw:enriched,Banana Boat,EDGEWELL PERSONAL CARE,title_prefix,BANANA BOAT BABY MINERAL ENRICHED SUNSCREEN UVA/UVB PROTECTION BROAD SPECTRUM SPF 50PLUS,"BANANA BOAT BABY MINERAL ENRICHED SUNSCREEN UVA/UVB PROTECTION BROAD SPECTRUM SPF 50PLUS (HOMOSALATE,OCTISALATE,OCTOCRYLENE,ZINC OXIDE) LOTION [EDGEWELL PERSONAL CARE BRANDS LLC]",EDGEWELL PERSONAL CARE BRANDS LLC,sunscreen,lotion,TRUE,FALSE,TRUE,TRUE,4,OCTOCRYLENE: 6 g in 100 g; OCTISALATE: 3 g in 100 g; HOMOSALATE: 9 g in 100 g; ZINC OXIDE: 7.3 g in 100 g,9,CETYL PEG/PPG-10/1 DIMETHICONE (HLB 2); TRIETHOXYCAPRYLYLSILANE; SODIUM CITRATE; WATER; PHENOXYETHANOL; BUTYLOCTYL SALICYLATE; MEDIUM-CHAIN TRIGLYCERIDES; POLYHYDROXYSTEARIC ACID (2300 MW); ISODODECANE,spl_xml,63354-682-13,63354-682-13,baby,"Nov 18, 2025",4,https://dailymed.nlm.nih.gov/dailymed/drugInfo.cfm?setid=c780d5cf-8388-42e0-e053-2a95a90a7c04,
74475fba-4cdd-4b27-8ea4-646f4016580c,B08KRDHYRY,https://www.amazon.com/sspa/click?ie=UTF8&spc=MTo2MTA2NDcyNTMzMDExMzE4OjE3NzgwMTk5NzQ6c3BfYXRmX25leHQ6MzAxMTUzNTM4NDkzNDAyOjowOjo&url=%2FEarth-Mama-Mineral-Sunscreen-3-Ounces%2Fdp%2FB08KRDHYRY%2Fref%3Dsr_1_147_sspa%3Fdib%3DeyJ2IjoiMSJ9.4m_8SPqRuL0pIDB8RPLtHKfl09wgSAJPREi27ssl_kKfAI1Irnx1mAvfXHqkyGwb7I5UR8cvx53xzGMZYTkkNUIeOSpJ7zzjrt2vMpTWlSHowfrA_sQ82LK7Akj3AfRSALLoGJ43LipNPkyWqfETWxzbH8MrfPjkzmsx_3Ayl6YOIV2cgDnLqa4Xn7xoCBlZmFcI-E--i4XFo8UNCpDQaAk2pV7wBD3_CeETQsyrpHyqp_sr9Gkw1Z-k47HabZE828IkN7fFi7dINjyFJsC0UhkoYZe4PEAKRE871zXgNx8.jHd_BtOOHiXJskbng224r5I1vGS_qzTePZ-dRSw19Lc%26dib_tag%3Dse%26keywords%3Dkids%2Bsunscreen%2Bmineral%2BSPF%2B30%2Bbroad%2Bspectrum%2Bwater%2Bresistant%2Bgentle%2Bnatural%2Breef%2Bsafe%2Blotion%26nsdOptOutParam%3Dtrue%26qid%3D1778019974%26sp_csd%3Dd2lkZ2V0TmFtZT1zcF9hdGZfbmV4dA%26psc%3D1,HIGH,brand:earth mama|spf:40|form:lotion_cream,Earth Mama,EARTH MAMA ANGEL BABY,title_prefix,EARTH MAMA BABY MINERAL SUNSCREEN SPF 40,"EARTH MAMA BABY MINERAL SUNSCREEN SPF 40 (ZINC OXIDE) CREAM [EARTH MAMA ANGEL BABY, LLC]","EARTH MAMA ANGEL BABY, LLC",sunscreen,cream,TRUE,FALSE,FALSE,TRUE,1,ZINC OXIDE: 250 mg in 1 g,10,COCONUT OIL; MEDIUM-CHAIN TRIGLYCERIDES; YELLOW WAX; OLIVE OIL; RUBUS IDAEUS SEED; POMEGRANATE SEED OIL; JOJOBA OIL; SHEA BUTTER; TOCOPHEROL; CALENDULA OFFICINALIS FLOWER,spl_xml,72812-144-01,72812-144-01,baby; earth mama,"Aug 14, 2025",6,https://dailymed.nlm.nih.gov/dailymed/drugInfo.cfm?setid=74475fba-4cdd-4b27-8ea4-646f4016580c,
3c443347-0134-8c87-e063-6294a90a8046,B08KRDHYRY,https://www.amazon.com/sspa/click?ie=UTF8&spc=MTo2MTA2NDcyNTMzMDExMzE4OjE3NzgwMTk5NzQ6c3BfYXRmX25leHQ6MzAxMTUzNTM4NDkzNDAyOjowOjo&url=%2FEarth-Mama-Mineral-Sunscreen-3-Ounces%2Fdp%2FB08KRDHYRY%2Fref%3Dsr_1_147_sspa%3Fdib%3DeyJ2IjoiMSJ9.4m_8SPqRuL0pIDB8RPLtHKfl09wgSAJPREi27ssl_kKfAI1Irnx1mAvfXHqkyGwb7I5UR8cvx53xzGMZYTkkNUIeOSpJ7zzjrt2vMpTWlSHowfrA_sQ82LK7Akj3AfRSALLoGJ43LipNPkyWqfETWxzbH8MrfPjkzmsx_3Ayl6YOIV2cgDnLqa4Xn7xoCBlZmFcI-E--i4XFo8UNCpDQaAk2pV7wBD3_CeETQsyrpHyqp_sr9Gkw1Z-k47HabZE828IkN7fFi7dINjyFJsC0UhkoYZe4PEAKRE871zXgNx8.jHd_BtOOHiXJskbng224r5I1vGS_qzTePZ-dRSw19Lc%26dib_tag%3Dse%26keywords%3Dkids%2Bsunscreen%2Bmineral%2BSPF%2B30%2Bbroad%2Bspectrum%2Bwater%2Bresistant%2Bgentle%2Bnatural%2Breef%2Bsafe%2Blotion%26nsdOptOutParam%3Dtrue%26qid%3D1778019974%26sp_csd%3Dd2lkZ2V0TmFtZT1zcF9hdGZfbmV4dA%26psc%3D1,HIGH,brand:earth mama|spf:40|form:lotion_cream,Earth Mama,ELEEO,title_prefix,EARTH MAMA BABY MINERAL SUNSCREEN SPF 40,EARTH MAMA BABY MINERAL SUNSCREEN SPF 40 (ZINC OXIDE) CREAM [ELEEO BRANDS LLC],ELEEO BRANDS LLC,sunscreen,cream,TRUE,FALSE,FALSE,TRUE,1,ZINC OXIDE: 250 mg in 1 g,10,COCONUT OIL; MEDIUM-CHAIN TRIGLYCERIDES; YELLOW WAX; OLIVE OIL; RUBUS IDAEUS SEED; POMEGRANATE SEED OIL; JOJOBA OIL; SHEA BUTTER; TOCOPHEROL; CALENDULA OFFICINALIS FLOWER,spl_xml,79747-144-01,79747-144-01,baby; earth mama,"Aug 15, 2025",1,https://dailymed.nlm.nih.gov/dailymed/drugInfo.cfm?setid=3c443347-0134-8c87-e063-6294a90a8046,
f50eb422-33e1-48c1-8088-b7a8a6ea7068,B08KRDHYRY,https://www.amazon.com/sspa/click?ie=UTF8&spc=MTo2MTA2NDcyNTMzMDExMzE4OjE3NzgwMTk5NzQ6c3BfYXRmX25leHQ6MzAxMTUzNTM4NDkzNDAyOjowOjo&url=%2FEarth-Mama-Mineral-Sunscreen-3-Ounces%2Fdp%2FB08KRDHYRY%2Fref%3Dsr_1_147_sspa%3Fdib%3DeyJ2IjoiMSJ9.4m_8SPqRuL0pIDB8RPLtHKfl09wgSAJPREi27ssl_kKfAI1Irnx1mAvfXHqkyGwb7I5UR8cvx53xzGMZYTkkNUIeOSpJ7zzjrt2vMpTWlSHowfrA_sQ82LK7Akj3AfRSALLoGJ43LipNPkyWqfETWxzbH8MrfPjkzmsx_3Ayl6YOIV2cgDnLqa4Xn7xoCBlZmFcI-E--i4XFo8UNCpDQaAk2pV7wBD3_CeETQsyrpHyqp_sr9Gkw1Z-k47HabZE828IkN7fFi7dINjyFJsC0UhkoYZe4PEAKRE871zXgNx8.jHd_BtOOHiXJskbng224r5I1vGS_qzTePZ-dRSw19Lc%26dib_tag%3Dse%26keywords%3Dkids%2Bsunscreen%2Bmineral%2BSPF%2B30%2Bbroad%2Bspectrum%2Bwater%2Bresistant%2Bgentle%2Bnatural%2Breef%2Bsafe%2Blotion%26nsdOptOutParam%3Dtrue%26qid%3D1778019974%26sp_csd%3Dd2lkZ2V0TmFtZT1zcF9hdGZfbmV4dA%26psc%3D1,HIGH,brand:earth mama|spf:40|form:lotion_cream,Earth Mama,EARTH MAMA ANGEL BABY,title_prefix,EARTH MAMA BABY FACE MINERAL SUNSCREEN SPF 40,"EARTH MAMA BABY FACE MINERAL SUNSCREEN SPF 40 (ZINC OXIDE) CREAM [EARTH MAMA ANGEL BABY, LLC]","EARTH MAMA ANGEL BABY, LLC",sunscreen,cream,TRUE,FALSE,FALSE,TRUE,1,ZINC OXIDE: 220 mg in 1 g,10,COCONUT OIL; SUNFLOWER OIL; YELLOW WAX; CANDELILLA WAX; CARNAUBA WAX; SHEA BUTTER; TOCOPHEROL; COCOA BUTTER; ALOE VERA LEAF; CALENDULA OFFICINALIS FLOWER,spl_xml,72812-143-01,72812-143-01,baby; earth mama,"Jul 21, 2025",6,https://dailymed.nlm.nih.gov/dailymed/drugInfo.cfm?setid=f50eb422-33e1-48c1-8088-b7a8a6ea7068,
38744f77-4845-eac4-e063-6294a90af648,B07FD1JW74,https://www.amazon.com/Sun-Zapper-Green-Yellow-Sticks/dp/B07FD1JW74/ref=sr_1_94?dib=eyJ2IjoiMSJ9.WId94J1hO1kQRDebJ6V12HKDZFa_6nnGTX84x5nJM2N_Omn8f7c4Reo_pEqKCb2GPP7_zauOoeWR3CTjVprfg-43lIR-44JOGKyB4TIadXqdhQ6QQtiTamRPi3kdOgaUMggX2xkjNsou23VaFNnQNBydlmXxTWLzZAlc91hhVP2R2OuH86ucBNUDqbw7RNcI2gNSgRX_KrnlHm7wvsbq2OFIwE9dP2F4tjgqd1U8Jdn5XPndq7AhHGaWhGl47EyQWjasiOII3DY-gYduOZAeXpuvhaigXotbLrDkXVmlXok.kAAkz18EIJqoNLyqtLDCtsZYGM-ogYdjUkduZ7v4bOY&dib_tag=se&keywords=kids+sunscreen+stick+SPF+30+mineral+water+resistant+broad+spectrum+face+on+the+go&nsdOptOutParam=true&qid=1778019959,HIGH,brand:sun zapper|spf:50|form:lotion_cream,Sun Zapper,VEGANIC SKN,labeler_map,ZINC FIVE-0 BABY AND KIDS MINERAL SUNSCREEN SPF50,ZINC FIVE-0 BABY AND KIDS MINERAL SUNSCREEN SPF50 (ZINC OXIDE SUNSCREEN) CREAM [VEGANIC SKN LIMITED],VEGANIC SKN LIMITED,sunscreen,cream,TRUE,FALSE,FALSE,TRUE,1,ZINC OXIDE: 25 kg in 100 kg,17,COCO-CAPRYLATE/CAPRATE; SODIUM CHLORIDE; GLYCERIN; POLYGLYCERYL-3 RICINOLEATE; GLYCERYL STEARATE CITRATE; XANTHAN GUM; FERRIC OXIDE RED; SODIUM HINOKITIOL; FERRIC OXIDE YELLOW; FERROSOFERRIC OXIDE; COCONUT ALKANES; HELIANTHUS ANNUUS (SUNFLOWER) SEED OIL; ALPHA-TOCOPHEROL ACETATE; WATER; POLYHYDROXYSTEARIC ACID (2300 MW); ISOSTEARIC ACID; CANDELILLA WAX,spl_xml,83252-119-03,83252-119-03,baby; kids,"Jun 30, 2025",1,https://dailymed.nlm.nih.gov/dailymed/drugInfo.cfm?setid=38744f77-4845-eac4-e063-6294a90af648,
385f320c-9144-78b8-e063-6394a90a2e9d,B0CW12SLKX,https://www.amazon.com/Sun-Zapper-Pure-Sunscreen-Mineral/dp/B0CW12SLKX/ref=sr_1_95?dib=eyJ2IjoiMSJ9.eo7wXX7xdi5M55SKJJIlxnL3xdWAoUlh8qAD7tou6a2Ce5Seh5FJSQRiPL5BTL8t58GZCXGfDNJZqN3XSGqhN7gwX-RZmo8PF28bvAI4-aF8tFRfq8sb3kJNWNDlUU5M0CXZ9W2jZpceYZ5RwqNxeewYwDhpEN8t0fwNlac1M2Nm-tDxE90RLif4hKsTDSzcMfdG94PdrdodGW512Irkq8zBS5XfoJ40TbWsVBD2Q5ZAbLPk0zdsFRmg2kBmd4dDJHLunIdcC43cthjngOR5ILpUYVPRx2QLZ3nPD3YhNsw.BrDj44g1_cZLJkeke1nanXodNSYoi0MsmUlwRFdOBsg&dib_tag=se&keywords=toddler+sunscreen+mineral+zinc+oxide+SPF+50+face+body+lotion+1-3+years+organic&nsdOptOutParam=true&qid=1778019958,HIGH,"brand:sun zapper|spf:50|form:lotion_cream|kw:safe,reef",Sun Zapper,VEGANIC SKN,labeler_map,REEF SAFE - BABY ZINC SUNSCREEN SPF50,REEF SAFE - BABY ZINC SUNSCREEN SPF50 (ZINC OXIDE SUNSCREEN) CREAM [VEGANIC SKN LIMITED],VEGANIC SKN LIMITED,sunscreen,cream,TRUE,FALSE,FALSE,TRUE,1,ZINC OXIDE: 25 kg in 100 kg,25,SODIUM HYALURONATE; SODIUM CHLORIDE; GLYCERIN; POLYGLYCERYL-3 RICINOLEATE; POTASSIUM CETYL PHOSPHATE; CALENDULA OFFICINALIS FLOWERING TOP; SODIUM ASCORBATE; XANTHAN GUM; FERRIC OXIDE RED; BISABOLOL; SODIUM HINOKITIOL; FERRIC OXIDE YELLOW; FERROSOFERRIC OXIDE; CORIANDER OIL; KAKADU PLUM; CITRUS PARADISI (GRAPEFRUIT) SEED OIL; HELIANTHUS ANNUUS (SUNFLOWER) SEED OIL; MALTODEXTRIN; JOJOBA OIL; HIPPOPHAE RHAMNOIDES SEED OIL; TOCOPHEROL; WATER; POLYHYDROXYSTEARIC ACID (2300 MW); ISOSTEARIC ACID; CANDELILLA WAX,spl_xml,83252-110-01,83252-110-01; 83252-110-02,baby,"Jun 27, 2025",2,https://dailymed.nlm.nih.gov/dailymed/drugInfo.cfm?setid=385f320c-9144-78b8-e063-6394a90a2e9d,
0191b2e4-bcc5-541a-e063-6294a90a0e78,B09X23DM1S,https://www.amazon.com/Hello-Bello-Sunscreen-Protection-Resistant/dp/B09X23DM1S/ref=sr_1_89?dib=eyJ2IjoiMSJ9.ZywXOXo31S2E4zHCMz8uJ9pbf8ujSMMpwhtTpmTbMNE2TpBr-4QbbfQJNb3Stq7BTV3gytVF5cA-2q9a3nW3O-P5NHShNqIsya34La3z5JFEKZqJBgXWQumvhrJZJMKYY6vXdfIbZZrCmbnTWI0LAq76_wZgGIdK_HjoJalpEJJ6VRM99iFWtrWxK3kI7hQ3GZiyBtqYgelRUYTckIZxOmwZkibaHHcFn-YsIsL92DMTM4TX_YmqZUWM2aL4lNBSUbdxKS9WoNNBbu7JB9eRYHXOaEJjNY99Y-2faN8DENg.ZeUSZMy9tyM2rKr1kYQjO3h5mtqwyCZ0PmtpMP_i-kM&dib_tag=se&keywords=infant+sun+cream+mineral+zinc+oxide+0-6+months+pediatrician+sensitive&nsdOptOutParam=true&qid=1778019957,HIGH,brand:hello bello|spf:55|form:lotion_cream,Hello Bello,HELLO BELLO,labeler_map,BABY MINERAL SUNSCREEN PROBIOTICS SPF55,BABY MINERAL SUNSCREEN PROBIOTICS SPF55 (ZINC OXIDE) LOTION [HELLO BELLO],HELLO BELLO,sunscreen,lotion,TRUE,FALSE,FALSE,TRUE,1,ZINC OXIDE: 200 mg in 1 g,36,CALENDULA OFFICINALIS FLOWER; TOCOPHEROL; TRIETHYL CITRATE; COCO GLUCOSIDE; HYALURONATE SODIUM; ARACHIDYL ALCOHOL; POLYHYDROXYSTEARIC ACID STEARATE; ARACHIDYL GLUCOSIDE; CAPRYLHYDROXAMIC ACID; CAPRYLOYL GLYCERIN/SEBACIC ACID COPOLYMER (2000 MPA.S); SODIUM GLUCONATE; WATER; CETOSTEARYL ALCOHOL; CAPRYLYL GLYCOL; CARBOXYMETHYLCELLULOSE SODIUM; DOCOSANOL; CETYL ALCOHOL; JOJOBA OIL; SODIUM STEAROYL GLUTAMATE; COCOA BUTTER; VANILLA; BUTYLOCTYL SALICYLATE; CHAMOMILE; GLYCERIN; METHYL DIHYDROABIETATE; OAT KERNEL OIL; CITRIC ACID MONOHYDRATE; ORANGE OIL; COCONUT OIL; DIHEPTYL SUCCINATE; AVOCADO; APRICOT KERNEL OIL; LEVOMENOL; SHEA BUTTER; CUCUMBER; MICROCRYSTALLINE CELLULOSE,spl_xml,73418-101-03,73418-101-03,baby,"Jan 10, 2025",2,https://dailymed.nlm.nih.gov/dailymed/drugInfo.cfm?setid=0191b2e4-bcc5-541a-e063-6294a90a0e78,
8a143645-3b52-4797-9b26-dc9dd63be38f,B0CMYH56S2,https://www.amazon.com/Babyganics-Sunscreen-Protection-Octinoxate-Oxybenzone/dp/B0CMYH56S2/ref=sr_1_20?dib=eyJ2IjoiMSJ9.v8W8su3z-BD3cYaDgyqrx-i5sqsY5wIEwEJEQid0zB6wd0oemCwiyJWD-yxl8N_gTvpTXwaegOy3dwTPddSgBltTRXJn0dDMuu65EmsaeGn-Y0NpMoyyg87I6mL8AXSZGUJvrGL0pDcbafSN-NX44zMU705zW2QdcyoiFLWZYrQ-QFtV53_4ineyp3TDolEZhxmno14Tpp9JBELufwqrVHpoCUBI8c4uhYQCZDFCEDsFMhVKemlvwZkKaNY4idUSsJyTZ8JjpnRk9ik0dvGPLQBulPw5WRB1S80s2Qubzns.dMwfeCvkhL7NluCmZmt263yodPaIfARf3H9NgFZHqV0&dib_tag=se&keywords=infant+sun+cream+mineral+zinc+oxide+0-6+months+pediatrician+sensitive&nsdOptOutParam=true&qid=1778019955&sr=8-20,HIGH,"brand:babyganics|spf:50|form:lotion_cream|kw:blend,sheer",Babyganics,BABYGANICS,title_prefix,BABYGANICS KIDS SHEER BLEND SPF50 MINERAL SUNSCREEN,BABYGANICS KIDS SHEER BLEND SPF50 MINERAL SUNSCREEN (ZINC OXIDE) LOTION [KAS DIRECT LLC DBA BABYGANICS],KAS DIRECT LLC DBA BABYGANICS,sunscreen,lotion,TRUE,FALSE,FALSE,TRUE,1,Zinc Oxide: 20 g in 100 mL,25,"Water; Coco-Caprylate; MEDIUM-CHAIN TRIGLYCERIDES; COCONUT OIL; Isoamyl laurate; MAGNESIUM STEARATE; Shea Butter Ethyl Esters; MAGNESIUM SULFATE, UNSPECIFIED FORM; POLYHYDROXYSTEARIC ACID (2300 MW); Butyloctyl Salicylate; Polyglyceryl-2 oleate; Polyglyceryl-2 stearate; Propanediol; Stearyl/Octyldodecyl Citrate Crosspolymer; Undecylenoyl Glycine; Ethylhexylglycerin; Glycerin; PHYTATE SODIUM; SUNFLOWER SEED; TOMATO SEED OIL; CRANBERRY SEED; NIGELLA SATIVA SEED OIL; RUBUS IDAEUS SEED; Capryloyl Glycine; Caprylyl Glycol",spl_xml,59062-2203-3,59062-2203-3,baby; kids,"Dec 25, 2024",2,https://dailymed.nlm.nih.gov/dailymed/drugInfo.cfm?setid=8a143645-3b52-4797-9b26-dc9dd63be38f,
edced0dc-dd43-4ac9-b816-f4edb45fc87b,B0CMYH56S2,https://www.amazon.com/Babyganics-Sunscreen-Protection-Octinoxate-Oxybenzone/dp/B0CMYH56S2/ref=sr_1_20?dib=eyJ2IjoiMSJ9.v8W8su3z-BD3cYaDgyqrx-i5sqsY5wIEwEJEQid0zB6wd0oemCwiyJWD-yxl8N_gTvpTXwaegOy3dwTPddSgBltTRXJn0dDMuu65EmsaeGn-Y0NpMoyyg87I6mL8AXSZGUJvrGL0pDcbafSN-NX44zMU705zW2QdcyoiFLWZYrQ-QFtV53_4ineyp3TDolEZhxmno14Tpp9JBELufwqrVHpoCUBI8c4uhYQCZDFCEDsFMhVKemlvwZkKaNY4idUSsJyTZ8JjpnRk9ik0dvGPLQBulPw5WRB1S80s2Qubzns.dMwfeCvkhL7NluCmZmt263yodPaIfARf3H9NgFZHqV0&dib_tag=se&keywords=infant+sun+cream+mineral+zinc+oxide+0-6+months+pediatrician+sensitive&nsdOptOutParam=true&qid=1778019955&sr=8-20,HIGH,"brand:babyganics|spf:50|form:lotion_cream|kw:blend,sheer",Babyganics,BABYGANICS,title_prefix,BABYGANICS SHEER BLEND SPF50 MINERAL SUNSCREEN,BABYGANICS SHEER BLEND SPF50 MINERAL SUNSCREEN (ZINC OXIDE) LOTION [KAS DIRECT LLC DBA BABYGANICS],KAS DIRECT LLC DBA BABYGANICS,sunscreen,lotion,TRUE,FALSE,FALSE,TRUE,1,Zinc Oxide: 20 g in 100 mL,25,"Water; Coco-Caprylate; MEDIUM-CHAIN TRIGLYCERIDES; COCONUT OIL; Isoamyl laurate; MAGNESIUM STEARATE; Shea Butter Ethyl Esters; MAGNESIUM SULFATE, UNSPECIFIED FORM; POLYHYDROXYSTEARIC ACID (2300 MW); Butyloctyl Salicylate; Polyglyceryl-2 oleate; Polyglyceryl-2 stearate; Propanediol; Stearyl/Octyldodecyl Citrate Crosspolymer; Undecylenoyl Glycine; Ethylhexylglycerin; Glycerin; PHYTATE SODIUM; SUNFLOWER SEED; TOMATO SEED OIL; CRANBERRY SEED; NIGELLA SATIVA SEED OIL; RUBUS IDAEUS SEED; Capryloyl Glycine; Caprylyl Glycol",spl_xml,59062-2202-1,59062-2202-1; 59062-2202-3; 59062-2202-8,baby,"Dec 23, 2024",3,https://dailymed.nlm.nih.gov/dailymed/drugInfo.cfm?setid=edced0dc-dd43-4ac9-b816-f4edb45fc87b,
17a7492b-5243-48c4-b808-5e9899db7530,B07Z9T3YHK,https://www.amazon.com/Aveeno-Baby-Continuous-Protection-Sensitive/dp/B07Z9T3YHK/ref=sr_1_10?dib=eyJ2IjoiMSJ9.v8W8su3z-BD3cYaDgyqrx-i5sqsY5wIEwEJEQid0zB6wd0oemCwiyJWD-yxl8N_gTvpTXwaegOy3dwTPddSgBltTRXJn0dDMuu65EmsaeGn-Y0NpMoyyg87I6mL8AXSZGUJvrGL0pDcbafSN-NX44zMU705zW2QdcyoiFLWZYrQ-QFtV53_4ineyp3TDolEZhxmno14Tpp9JBELufwqrVHpoCUBI8c4uhYQCZDFCEDsFMhVKemlvwZkKaNY4idUSsJyTZ8JjpnRk9ik0dvGPLQBulPw5WRB1S80s2Qubzns.dMwfeCvkhL7NluCmZmt263yodPaIfARf3H9NgFZHqV0&dib_tag=se&keywords=infant+sun+cream+mineral+zinc+oxide+0-6+months+pediatrician+sensitive&nsdOptOutParam=true&qid=1778019955&sr=8-10,HIGH,"brand:aveeno|spf:50|form:stick|kw:continuous,skin",Aveeno Baby,AVEENO,title_prefix,AVEENO BABY CONTINUOUS PROTECTION SENSITIVE SKIN SUNSCREEN BROAD SPECTRUM SPF 50,AVEENO BABY CONTINUOUS PROTECTION SENSITIVE SKIN SUNSCREEN BROAD SPECTRUM SPF 50 (ZINC OXIDE) STICK [KENVUE BRANDS LLC],KENVUE BRANDS LLC,sunscreen,stick,TRUE,FALSE,FALSE,TRUE,1,ZINC OXIDE: 216 mg in 1 g,12,OCTYLDODECYL NEOPENTANOATE; ALKYL (C12-15) BENZOATE; PARAFFIN; SILICON DIOXIDE; NEOPENTYL GLYCOL DIETHYLHEXANOATE; CERESIN; ISOPROPYL MYRISTATE; ADIPIC ACID/DIGLYCOL CROSSPOLYMER (20000 MPA.S); TRIETHOXYCAPRYLYLSILANE; NEOPENTYL GLYCOL DIISOSTEARATE; CAPRYLYL GLYCOL; OAT KERNEL OIL,spl_xml,69968-0583-1,69968-0583-1,baby; aveeno,"Nov 04, 2024",8,https://dailymed.nlm.nih.gov/dailymed/drugInfo.cfm?setid=17a7492b-5243-48c4-b808-5e9899db7530,
088b81e4-76c7-6680-e063-6294a90acb73,B07MC6TZZF,https://www.amazon.com/Babo-Botanicals-Mineral-Sunscreen-Unscented/dp/B07MC6TZZF/ref=sr_1_42?dib=eyJ2IjoiMSJ9.S8v882f0HaFDU6L8Kg3Cqd8dTj_7VUYonCK3eNDhGgIB3oZpgOpWxWaXS021nfCNxSZrdBk3rOWC3eiaEvBWib_VFz-NBXjVNUetiHw3e2OqgN0QiIcNWQXtKs4sak_BQDSgTnR9ZT_BynS8USRML9Uakum6RUt-RSxZlqAoC5FitYPR7SNFubGIOmOaIlJWqKnAn0sQoPv55hFwSSZYPeY2S0qTxn4ixOJJEmgVvl4AX410HN45rEBxP6S6s2cco1SiNva8-FofhntO1_t4EatfcHu1Cl6agN1Uwv3aAlA.U-AV6wyKtFr_ENXl00Z05TZAbKp-Q_LDQFkULh8kFjY&dib_tag=se&keywords=kids+sunscreen+stick+SPF+30+mineral+water+resistant+broad+spectrum+face+on+the+go&nsdOptOutParam=true&qid=1778019957&sr=8-42,HIGH,brand:babo botanicals|spf:50|form:stick,Babo Botanicals,BABO BOTANICALS,title_prefix,BABO BOTANICALS SENSITIVE BABY MINERAL SUNSCREEN SPF50,"BABO BOTANICALS SENSITIVE BABY MINERAL SUNSCREEN SPF50 (ZINC OXIDE) STICK [BABO BOTANICALS, INC.]","BABO BOTANICALS, INC.",sunscreen,stick,TRUE,FALSE,FALSE,TRUE,1,ZINC OXIDE: 197 mg in 1 g,19,"TAMANU OIL; JOJOBA OIL; TOCOPHEROL; HYDROGENATED JOJOBA OIL, RANDOMIZED; ORYZANOL; WHITE WAX; CHAMOMILE; LEVOMENOL; CALENDULA OFFICINALIS FLOWER; CANDELILLA WAX; SHEA BUTTER; RICE BRAN OIL; OCTYLDODECYL OLEATE; FILIPENDULA ULMARIA FLOWER; COCOA BUTTER; CALOPHYLLUM TACAMAHACA SEED OIL; SUNFLOWER OIL; AVOCADO OIL; NASTURTIUM OFFICINALE FLOWERING TOP",spl_xml,79265-5608-1,79265-5608-1,baby; babo botanicals,"Oct 26, 2023",1,https://dailymed.nlm.nih.gov/dailymed/drugInfo.cfm?setid=088b81e4-76c7-6680-e063-6294a90acb73,
08a36887-3997-8fff-e063-6394a90ae9d5,B01ALT5MKW,https://www.amazon.com/Babo-Botanicals-Continuous-Fragrance-Sunscreen/dp/B01ALT5MKW/ref=sr_1_51?dib=eyJ2IjoiMSJ9.eo7wXX7xdi5M55SKJJIlxnL3xdWAoUlh8qAD7tou6a2Ce5Seh5FJSQRiPL5BTL8t58GZCXGfDNJZqN3XSGqhN7gwX-RZmo8PF28bvAI4-aF8tFRfq8sb3kJNWNDlUU5M0CXZ9W2jZpceYZ5RwqNxeewYwDhpEN8t0fwNlac1M2Nm-tDxE90RLif4hKsTDSzcMfdG94PdrdodGW512Irkq8zBS5XfoJ40TbWsVBD2Q5ZAbLPk0zdsFRmg2kBmd4dDJHLunIdcC43cthjngOR5ILpUYVPRx2QLZ3nPD3YhNsw.BrDj44g1_cZLJkeke1nanXodNSYoi0MsmUlwRFdOBsg&dib_tag=se&keywords=toddler+sunscreen+mineral+zinc+oxide+SPF+50+face+body+lotion+1-3+years+organic&nsdOptOutParam=true&qid=1778019958,HIGH,brand:babo botanicals|spf:30|form:spray,Babo Botanicals,BABO BOTANICALS,title_prefix,BABO BOTANICALS SENSITIVE BABY MINERAL SUNSCREEN SPF30,"BABO BOTANICALS SENSITIVE BABY MINERAL SUNSCREEN SPF30 (ZINC OXIDE) SPRAY [BABO BOTANICALS, INC.]","BABO BOTANICALS, INC.",sunscreen,spray,TRUE,FALSE,FALSE,TRUE,1,ZINC OXIDE: 145 mg in 1 mL,24,"TETRADECANE; WATER; BENTONITE; CAPRYLYL GLYCOL; LEVOMENOL; CETOSTEARYL ALCOHOL; CHAMOMILE; GLYCERIN; SUNFLOWER OIL; HYDROGENATED JOJOBA OIL, RANDOMIZED; METHYL DIHYDROABIETATE; PROPANEDIOL; CARBOXYMETHYLCELLULOSE SODIUM, UNSPECIFIED FORM; BUTYLOCTYL SALICYLATE; CALENDULA OFFICINALIS FLOWER; CAPRYLHYDROXAMIC ACID; MEDIUM-CHAIN TRIGLYCERIDES; SAFFLOWER OIL; COCO GLUCOSIDE; MICROCRYSTALLINE CELLULOSE; NASTURTIUM OFFICINALE FLOWERING TOP; POLYHYDROXYSTEARIC ACID (2300 MW); FILIPENDULA ULMARIA FLOWER; TOCOPHEROL",spl_xml,79265-9758-1,79265-9758-1,baby; babo botanicals,"Oct 27, 2023",1,https://dailymed.nlm.nih.gov/dailymed/drugInfo.cfm?setid=08a36887-3997-8fff-e063-6394a90ae9d5,
492c44e3-4369-4367-939b-def1fd87de01,B086R85W4W,https://www.amazon.com/Sun-Bum-Sunscreen-Protection-Sensitive/dp/B086R85W4W/ref=sr_1_94?dib=eyJ2IjoiMSJ9.79zIndP5-v_l0KinC8iNIQemyhs6LqIE0UgW5GaARiEQpONwAekczYt5blnYAt433HuGX-M2s-Q9_r2ocvZZc0vnvE5qtOfR_pY8W5TgO6LRuT3TbTrP2KCuYN7Vvw5j9w8Z7NX5NmuM8EODmu3HUkC-ooEbhQc6KeufpMcCyLpqROs9V1Tu2b6NtC3CvKrV4rkf_UWCVWxZ1KUFOrxZYCoUIeBnaDxyykhsjKTSa27m9qBEEyEGhnSOXVsVnT0i6sIDimlnI7yegKpkFhfS5fqQkUcWZ5RWUpFIDsBgxBs.HUQfUUtGQOaC4NT3y0goA6Kj5W3dKTSRyoBghpz1Q84&dib_tag=se&keywords=baby+sunscreen+mineral+zinc+oxide+SPF+50+newborn+infant+fragrance+free+sensitive+skin+lotion&nsdOptOutParam=true&qid=1778019959,HIGH,brand:baby bum|spf:50|form:stick,Baby Bum,SUN BUM,title_prefix,BABY BUM MINERAL SPF50 SUNSCREEN,BABY BUM MINERAL SPF50 SUNSCREEN (ZINC OXIDE) STICK [SUN BUM LLC],SUN BUM LLC,sunscreen,stick,TRUE,FALSE,FALSE,TRUE,1,ZINC OXIDE: 192 mg in 1 g,15,COCONUT OIL; AVOCADO OIL; MEADOWFOAM SEED OIL; LINSEED OIL; RICE BRAN; CANDELILLA WAX; BUTYLOCTYL SALICYLATE; CARNAUBA WAX; CERESIN; SHEA BUTTER; GAMMA ORYZANOL; COCOA BUTTER; SAFFLOWER OIL; TOCOPHEROL; LEVOMENOL,spl_xml,69039-271-00,69039-271-00,baby,"Feb 07, 2022",5,https://dailymed.nlm.nih.gov/dailymed/drugInfo.cfm?setid=492c44e3-4369-4367-939b-def1fd87de01,
ccd1b1fa-d44e-6b0e-e053-2995a90a157b,B08Y9B73QB,https://www.amazon.com/Badger-Sunscreen-Unscented-Resistant-Ingredients/dp/B08Y9B73QB/ref=sr_1_29?dib=eyJ2IjoiMSJ9.HJEz_xce8SnQfwLh8RKraIcVjfZImo4cAxaML4qINK5qoM4Ohyz-viKPKKMGL0m24Fr2D5z_5G7b7tgpyvEAgBQ3at3prgFi7_7XoDC1c6J32mfODMlNciT_f6rCXmDOksBMEWg9cNXwcQTe_aAnbS-UkNttKVLG4bWQz_Rm4_lzByPjdrIJgYTDwfKamEhSblzwuKRm76gfAHzY_shaswoSFy4VFfc6X35zuifdvey-0FCTXxgxIYO0b45MYD9XBc631d3YeN-yPx0UUDTE-KvZ13jf1Qxt3SW2o7E0hhE.WHzsKigCv6SStjfVPY5jV2pDy_diib1mF02rogQgY-s&dib_tag=se&keywords=toddler+sunscreen+mineral+zinc+oxide+SPF+50+face+body+lotion+1-3+years+organic&nsdOptOutParam=true&qid=1778019955&sr=8-29,HIGH,brand:badger|spf:40|form:lotion_cream,Badger,W.S. BADGER,title_prefix,BADGER BABY SUNSCREEN CREAM BROAD SPECTRUM SPF 40,"BADGER BABY SUNSCREEN CREAM BROAD SPECTRUM SPF 40 (ZINC OXIDE) CREAM [W.S. BADGER COMPANY, INC.]","W.S. BADGER COMPANY, INC.",sunscreen,cream,TRUE,FALSE,FALSE,TRUE,1,ZINC OXIDE: 22.5 g in 100 mL,7,SUNFLOWER OIL; YELLOW WAX; TOCOPHEROL; HIPPOPHAE RHAMNOIDES FRUIT; CALENDULA OFFICINALIS FLOWER; CHAMOMILE FLOWER OIL; JOJOBA OIL,spl_xml,62206-4712-8,62206-4712-8,baby,"Sep 27, 2021",2,https://dailymed.nlm.nih.gov/dailymed/drugInfo.cfm?setid=ccd1b1fa-d44e-6b0e-e053-2995a90a157b,
9974b40d-2596-2a0e-e053-2a95a90a9246,B002LMJO5M,https://www.amazon.com/Alba-Botanica-Tropical-Fruit-Sunscreen/dp/B002LMJO5M/ref=sr_1_134?dib=eyJ2IjoiMSJ9.jSYoDy6OI9PL1Cy6jzR-6jaQ9slS9CO2upNeAqJ_BUVs2C-sI9bH3C-yVIzF2XZZyK4_-83Aub_FcraTFUHv8NgTMrEdN5PWPer82KLdPa1UlqRvpzspK22JHC9MVr5idCdvbO6i_HEtq0VLvirtmgjsbIcP4BTVUJXxtSYE6QtnX8iZ0F6c_V_Qp4rBSR06L98kQucVkv4v2OqgAdYoHZDiPoBhyZd5qcCVyK4GgSvdvkw8W8NHk9FirK8i2SE-QAKx_2CEbmJt-kiq7L1wbykD7Zs7CFfp2UwR1p8HWXk.OtfFOsCBFeqbEqhVgDtw4zowC_P40XUSO730Rc3a9nk&dib_tag=se&keywords=toddler+sunscreen+mineral+zinc+oxide+SPF+50+face+body+lotion+1-3+years+organic&nsdOptOutParam=true&qid=1778019961,HIGH,brand:alba botanica|spf:50|form:lotion_cream,The Hain Celestial,THE HAIN CELESTIAL,cleaned_labeler,BABY MINERAL SPF 50,"BABY MINERAL SPF 50 (ZINC OXIDE 17.0%) LOTION [THE HAIN CELESTIAL GROUP, INC.]","THE HAIN CELESTIAL GROUP, INC.",sunscreen,lotion,TRUE,FALSE,FALSE,TRUE,1,ZINC OXIDE: 17 g in 100 g,38,"JUNIPERUS VIRGINIANA OIL; O-ANISALDEHYDE; CETEARYL OLIVATE; GLYCERYL CAPRYLATE; SODIUM CHLORIDE; SODIUM LEVULINATE; GLYCERYL ISOSTEARATE; COCO-CAPRYLATE/CAPRATE; GREEN TEA LEAF; POLYGLYCERYL-3 RICINOLEATE; SHEA BUTTER; CARNAUBA WAX; .ALPHA.-TOCOPHEROL ACETATE; POLYHYDROXYSTEARIC ACID (2300 MW); SODIUM ANISATE; VANILLIN; .BETA.-CITRONELLOL, (+/-)-; ALCOHOL; LINALOOL, (+/-)-; GERANIOL; SORBITAN OLIVATE; TRIETHYL CITRATE; ETHYLHEXYLGLYCERIN; PHENOXYETHANOL; BIOSACCHARIDE GUM-1; ORANGE OIL; CHAMOMILE; BENZYL ACETATE; C10-18 TRIGLYCERIDES; MEDIUM-CHAIN TRIGLYCERIDES; WATER; POLYGLYCERYL-2 SESQUIOLEATE; POTASSIUM HYDROXIDE; COCONUT ALKANES; ALOE VERA LEAF; MICA; GLYCERIN; LIMONENE, (+/-)-",spl_xml,61995-0437-4,61995-0437-4,baby,"Feb 08, 2021",2,https://dailymed.nlm.nih.gov/dailymed/drugInfo.cfm?setid=9974b40d-2596-2a0e-e053-2a95a90a9246,
75763dc1-c762-42fc-a8fe-4d9d7bde0ce6,B0C1CG1FT1,https://www.amazon.com/BOTAO-Mineral-Sunscreen-clear-facial/dp/B0C1CG1FT1/ref=sr_1_33?dib=eyJ2IjoiMSJ9.v8W8su3z-BD3cYaDgyqrx-i5sqsY5wIEwEJEQid0zB6wd0oemCwiyJWD-yxl8N_gTvpTXwaegOy3dwTPddSgBltTRXJn0dDMuu65EmsaeGn-Y0NpMoyyg87I6mL8AXSZGUJvrGL0pDcbafSN-NX44zMU705zW2QdcyoiFLWZYrQ-QFtV53_4ineyp3TDolEZhxmno14Tpp9JBELufwqrVHpoCUBI8c4uhYQCZDFCEDsFMhVKemlvwZkKaNY4idUSsJyTZ8JjpnRk9ik0dvGPLQBulPw5WRB1S80s2Qubzns.dMwfeCvkhL7NluCmZmt263yodPaIfARf3H9NgFZHqV0&dib_tag=se&keywords=infant+sun+cream+mineral+zinc+oxide+0-6+months+pediatrician+sensitive&nsdOptOutParam=true&qid=1778019955&sr=8-33,HIGH,brand:botao|spf:50|form:stick|kw:babies,Peer Pharm,PEER PHARM,cleaned_labeler,BOTAO - GROW NATURALLY MINERAL SUNSCREEN CLEAR FACIAL STICK FOR BABIES AND KIDS SPF 50,BOTAO - GROW NATURALLY MINERAL SUNSCREEN CLEAR FACIAL STICK FOR BABIES AND KIDS SPF 50 (ZINC OXIDE) STICK [PEER PHARM LTD.],PEER PHARM LTD.,sunscreen,stick,TRUE,FALSE,FALSE,TRUE,1,ZINC OXIDE: 24.5 g in 100 g,16,MEDIUM-CHAIN TRIGLYCERIDES; COCO-CAPRYLATE; CERESIN; BUTYLOCTYL SALICYLATE; POLYHYDROXYSTEARIC ACID (2300 MW); TOCOPHEROL; COCONUT OIL; TRIETHOXYCAPRYLYLSILANE; JOJOBA OIL; GLYCERIN; ALOE VERA LEAF; WATER; LEVOMENOL; SHEA BUTTER; CALENDULA OFFICINALIS FLOWER; CHAMOMILE,spl_xml,69435-1508-1,69435-1508-1,babies; kids,"Jan 13, 2026",2,https://dailymed.nlm.nih.gov/dailymed/drugInfo.cfm?setid=75763dc1-c762-42fc-a8fe-4d9d7bde0ce6,
bba219a4-de83-76fd-e053-2995a90a2d69,B08ZT2TX22,https://www.amazon.com/sspa/click?ie=UTF8&spc=MToyOTY1MDc1OTY3OTA2OTA6MTc3ODAxOTk2ODpzcF9idGY6MjAwMDcwMTAzOTg3NDQxOjowOjo&url=%2FEvereden-Premium-Sunscreen-Mineral-Non-toxic%2Fdp%2FB08ZT2TX22%2Fref%3Dsr_1_119_sspa%3Fdib%3DeyJ2IjoiMSJ9.5L2WUo13iQDulBo6DFFh_2kyADhUVLEx7-iXOBm_VOsFD8iEMABdZ0QYLn-SzolIIOo7BvjPKh-eCDZL5EQfst6Hh3KT-sfdd8Vf-2U0GUq1UwDdZcL6qgIq2dBoBkmRLYW-CY65RAw2biIrtmq2Bn7WGlHqECN6jePMrP6d5fVGeRh3NmNKnFMbzpBlRqhwnRqJc4oSElaRRp8z32av1C6xKRVxDiFQSu7SqFZgAHs.bi2wCE0cxdkPFUgt6mjKZb5sJjE0m5aDtF_efntQ-30%26dib_tag%3Dse%26keywords%3Dbaby%2Bsunscreen%2Bchemical%2Bavobenzone%2Boctinoxate%2BSPF%2B50%2Bbroad%2Bspectrum%2Blotion%26nsdOptOutParam%3Dtrue%26qid%3D1778019968%26sp_csd%3Dd2lkZ2V0TmFtZT1zcF9idGY%26psc%3D1,HIGH,brand:evereden|spf:30|form:lotion_cream,Eden,EDEN,cleaned_labeler,EVEREDEN KIDS MINERAL SUNSCREEN SPF 30,EVEREDEN KIDS MINERAL SUNSCREEN SPF 30 (ZINC OXIDE) LOTION [EDEN BRANDS INC],EDEN BRANDS INC,sunscreen,lotion,TRUE,FALSE,FALSE,TRUE,1,ZINC OXIDE: 218.08 mg in 1 mL,19,OCTYLDODECANOL; POLYHYDROXYSTEARIC ACID (2300 MW); CUCUMIS SATIVUS WHOLE; ZINGIBER OFFICINALE WHOLE; XANTHAN GUM; TETRASODIUM GLUTAMATE DIACETATE; CAPRYLHYDROXAMIC ACID; WATER; COCO-CAPRYLATE/CAPRATE; STEARETH-2; STEARETH-21; PROPANEDIOL; GLYCERIN; HELIANTHUS ANNUUS WHOLE; SIMMONDSIA CHINENSIS SEED; CETYL GLYCERYL ETHER; SODIUM STEAROYL GLUTAMATE; CETEARYL ALCOHOL; BISABOLOL,spl_xml,72113-114-14,72113-114-14,kids,"May 06, 2026",4,https://dailymed.nlm.nih.gov/dailymed/drugInfo.cfm?setid=bba219a4-de83-76fd-e053-2995a90a2d69,
ba4ae906-48c0-8384-e053-2995a90afb91,B084ZP1H7B,https://www.amazon.com/BLUE-LIZARD-Baby-Mineral-Sunscreen/dp/B084ZP1H7B/ref=sr_1_5?dib=eyJ2IjoiMSJ9.v8W8su3z-BD3cYaDgyqrx-i5sqsY5wIEwEJEQid0zB6wd0oemCwiyJWD-yxl8N_gTvpTXwaegOy3dwTPddSgBltTRXJn0dDMuu65EmsaeGn-Y0NpMoyyg87I6mL8AXSZGUJvrGL0pDcbafSN-NX44zMU705zW2QdcyoiFLWZYrQ-QFtV53_4ineyp3TDolEZhxmno14Tpp9JBELufwqrVHpoCUBI8c4uhYQCZDFCEDsFMhVKemlvwZkKaNY4idUSsJyTZ8JjpnRk9ik0dvGPLQBulPw5WRB1S80s2Qubzns.dMwfeCvkhL7NluCmZmt263yodPaIfARf3H9NgFZHqV0&dib_tag=se&keywords=infant+sun+cream+mineral+zinc+oxide+0-6+months+pediatrician+sensitive&nsdOptOutParam=true&qid=1778019955&rdc=1&sr=8-5,HIGH,brand:blue lizard|spf:50|form:lotion_cream,Blue Lizard,BLUE LIZARD,title_prefix,BLUE LIZARD KIDS SPF 50 SUNSCREEN,BLUE LIZARD KIDS SPF 50 SUNSCREEN (OCTISALATE AND TITANIUM DIOXIDE AND ZINC OXIDE) LOTION [CROWN LABORATORIES],CROWN LABORATORIES,sunscreen,lotion,TRUE,TRUE,TRUE,TRUE,3,ZINC OXIDE: 111 mg in 1 mL; TITANIUM DIOXIDE: 59.5 mg in 1 mL; OCTISALATE: 55.5 mg in 1 mL,34,POLYHYDROXYSTEARIC ACID (2300 MW); CETYL DIMETHICONE 25; ISOSTEARYL ISOSTEARATE; ETHYLHEXYLGLYCERIN; POLYGLYCERYL-4 ISOSTEARATE; PHENOXYETHANOL; PROPANEDIOL; WATER; SORBITAN MONOOLEATE; STEARIC ACID; .ALPHA.-TOCOPHEROL ACETATE; DIMETHICONE; TRIMETHYLSILOXYSILICATE (M/Q 0.8-1.0); HEXADECYL POVIDONE (4 HEXADECYL BRANCHES/REPEAT); PHENYLPROPANOL; DIISOPROPYL SEBACATE; POLYURETHANE-35 (NOT MORE THAN 500 MPA.S AT 40%); BUTYLOCTYL SALICYLATE; MEDIUM-CHAIN TRIGLYCERIDES; YELLOW WAX; ALUMINUM OXIDE; ALUMINUM STEARATE; TRIETHOXYCAPRYLYLSILANE; CAPRYLYL GLYCOL; ARGININE; METHYLPROPANEDIOL; CETYL PEG/PPG-10/1 DIMETHICONE (HLB 5); ALKYL (C12-15) BENZOATE; EDETATE DISODIUM; HEXYL LAURATE; HYDROGENATED CASTOR OIL; METHYL GLUCOSE DIOLEATE; OCTYLDODECYL NEOPENTANOATE; PEG-7 HYDROGENATED CASTOR OIL,spl_xml,0316-2062-30,0316-2062-30; 0316-2062-40; 0316-2062-45; 0316-2062-50,kids; blue lizard,"May 04, 2026",8,https://dailymed.nlm.nih.gov/dailymed/drugInfo.cfm?setid=ba4ae906-48c0-8384-e053-2995a90afb91,
2f780daa-4c91-5a68-e063-6394a90afd41,B084ZP1H7B,https://www.amazon.com/BLUE-LIZARD-Baby-Mineral-Sunscreen/dp/B084ZP1H7B/ref=sr_1_5?dib=eyJ2IjoiMSJ9.v8W8su3z-BD3cYaDgyqrx-i5sqsY5wIEwEJEQid0zB6wd0oemCwiyJWD-yxl8N_gTvpTXwaegOy3dwTPddSgBltTRXJn0dDMuu65EmsaeGn-Y0NpMoyyg87I6mL8AXSZGUJvrGL0pDcbafSN-NX44zMU705zW2QdcyoiFLWZYrQ-QFtV53_4ineyp3TDolEZhxmno14Tpp9JBELufwqrVHpoCUBI8c4uhYQCZDFCEDsFMhVKemlvwZkKaNY4idUSsJyTZ8JjpnRk9ik0dvGPLQBulPw5WRB1S80s2Qubzns.dMwfeCvkhL7NluCmZmt263yodPaIfARf3H9NgFZHqV0&dib_tag=se&keywords=infant+sun+cream+mineral+zinc+oxide+0-6+months+pediatrician+sensitive&nsdOptOutParam=true&qid=1778019955&rdc=1&sr=8-5,HIGH,brand:blue lizard|spf:50|form:lotion_cream,Blue Lizard,BLUE LIZARD,title_prefix,BLUE LIZARD KIDS SPF 50 SUNSCREEN,BLUE LIZARD KIDS SPF 50 SUNSCREEN (TITANIUM DIOXIDE AND ZINC OXIDE) LOTION [CROWN LABORATORIES],CROWN LABORATORIES,sunscreen,lotion,TRUE,TRUE,FALSE,TRUE,2,TITANIUM DIOXIDE: 90.4 mg in 1 mL; ZINC OXIDE: 113 mg in 1 mL,31,"ALUMINUM OXIDE; ALUMINUM STEARATE; TRIETHOXYCAPRYLYLSILANE; CETYL PEG/PPG-10/1 DIMETHICONE (HLB 5); ALKYL (C12-15) BENZOATE; EDETATE DISODIUM; ETHYLHEXYL PALMITATE; ETHYLHEXYL STEARATE; CAPRYLYL GLYCOL; HEXYL LAURATE; METHYL GLUCOSE DIOLEATE; OCTYLDODECYL NEOPENTANOATE; PEG-7 HYDROGENATED CASTOR OIL; POLYGLYCERYL-4 ISOSTEARATE; PROPANEDIOL; WATER; .ALPHA.-TOCOPHEROL ACETATE; DIMETHICONE; TRIMETHYLSILOXYSILICATE (M/Q 0.8-1.0); HEXADECYL POVIDONE (4 HEXADECYL BRANCHES/REPEAT); POLYHYDROXYSTEARIC ACID (2300 MW); CETYL DIMETHICONE 25; TOCOPHEROL; SODIUM BENZOATE; 1,2-HEXANEDIOL; HYDROXYACETOPHENONE; APHANIZOMENON FLOSAQUAE; BUTYLOCTYL SALICYLATE; EUPHORBIA CERIFERA (CANDELILLA) WAX; POTASSIUM SORBATE; GLYCERIN",spl_xml,0316-2074-05,0316-2074-05; 0316-2074-30; 0316-2074-35,kids; blue lizard,"Jan 14, 2026",3,https://dailymed.nlm.nih.gov/dailymed/drugInfo.cfm?setid=2f780daa-4c91-5a68-e063-6394a90afd41,
9983563c-1e63-0748-e053-2a95a90a971e,B0C4C765ZL,https://www.amazon.com/Bundle-Lizard-Mineral-Sunscreen-Oxide/dp/B0C4C765ZL/ref=sr_1_158?dib=eyJ2IjoiMSJ9.A8UCFXYhA7uC-QUSIUeKWkB6e2wFZoYeXDCsBdBUYBN2KfSiEiQ3SUwTqSALSAdR1igo_wh06-4SESjQMWq0PG_P0ilBIc5a2I3Wn6Q2cHDHS8qymYAQ9NyIQM2w_xuQQ3CSCbRL9RTxmXIFYz7m5Bk6QCqSy3Z69WVTKCOW6OTYYAOuiLCxjoIh25b6XmE7MXHWg0BSErPuInDwIvViZupjF-vvVrpoqLn9oVuHgf6HVGMfl66R0TmBTBlekCmrt6KXVlx8Gqfvnpt-s52e6TpY26_8Pu0Me6KmAZ00JSw.UGhDxfmjCU8_HkH1SPPEGHOfx4Tp319U6g7irhV4jBg&dib_tag=se&keywords=toddler+sunscreen+mineral+zinc+oxide+SPF+50+face+body+lotion+1-3+years+organic&nsdOptOutParam=true&qid=1778019964,HIGH,brand:blue lizard|spf:50|form:stick,Blue Lizard,BLUE LIZARD,title_prefix,BLUE LIZARD KIDS SPF 50,BLUE LIZARD KIDS SPF 50 (ZINC OXIDE) STICK [CROWN LABORATORIES],CROWN LABORATORIES,sunscreen,stick,TRUE,FALSE,FALSE,TRUE,1,ZINC OXIDE: 20 mg in 1 g,15,"BEHENYL BEHENATE; COCONUT OIL; POLYHYDROXYSTEARIC ACID STEARATE; CASTOR OIL; .ALPHA.-TOCOPHEROL, D-; JOJOBA OIL; ALOE VERA LEAF; MEDIUM-CHAIN TRIGLYCERIDES; SUNFLOWER OIL; COCOA BUTTER; HELIANTHUS ANNUUS SEED WAX; CANDELILLA WAX; SQUALANE; SHEA BUTTER; SOYBEAN OIL",spl_xml,0316-2012-05,0316-2012-05,kids; blue lizard,"Jan 14, 2026",7,https://dailymed.nlm.nih.gov/dailymed/drugInfo.cfm?setid=9983563c-1e63-0748-e053-2a95a90a971e,
c054fd86-b0d9-24fc-e053-2a95a90aea2c,B07D987M8Z,https://www.amazon.com/Coppertone-WaterBabies-Simple-Mineral-6-Fluid/dp/B07D987M8Z/ref=sr_1_69?dib=eyJ2IjoiMSJ9.ZywXOXo31S2E4zHCMz8uJ9pbf8ujSMMpwhtTpmTbMNE2TpBr-4QbbfQJNb3Stq7BTV3gytVF5cA-2q9a3nW3O-P5NHShNqIsya34La3z5JFEKZqJBgXWQumvhrJZJMKYY6vXdfIbZZrCmbnTWI0LAq76_wZgGIdK_HjoJalpEJJ6VRM99iFWtrWxK3kI7hQ3GZiyBtqYgelRUYTckIZxOmwZkibaHHcFn-YsIsL92DMTM4TX_YmqZUWM2aL4lNBSUbdxKS9WoNNBbu7JB9eRYHXOaEJjNY99Y-2faN8DENg.ZeUSZMy9tyM2rKr1kYQjO3h5mtqwyCZ0PmtpMP_i-kM&dib_tag=se&keywords=infant+sun+cream+mineral+zinc+oxide+0-6+months+pediatrician+sensitive&nsdOptOutParam=true&qid=1778019957,HIGH,brand:coppertone|spf:50|form:lotion_cream|kw:tear,Coppertone,COPPERTONE,title_prefix,COPPERTONE KIDS TEAR FREE MINERAL SUNSCREEN SPF 50,"COPPERTONE KIDS TEAR FREE MINERAL SUNSCREEN SPF 50 (OCTINOXATE 7.5%, OCTISALATE 5%, ZINC OXIDE 14.5%) LOTION [BEIERSDORF INC]",BEIERSDORF INC,sunscreen,lotion,TRUE,FALSE,TRUE,TRUE,3,ZINC OXIDE: 14.5 g in 100 g; OCTISALATE: 5 g in 100 g; OCTINOXATE: 7.5 g in 100 g,14,PEG-12 DIMETHICONE/PPG-20 CROSSPOLYMER; ALOE VERA LEAF; ETHYLHEXYL PALMITATE; PROPYLPARABEN; SODIUM CHLORIDE; NEOPENTYL GLYCOL DIHEPTANOATE; TRIETHOXYCAPRYLYLSILANE; METHYLPARABEN; DIAZOLIDINYL UREA; WATER; CYCLOMETHICONE 5; PROPYLENE GLYCOL; ALKYL (C12-15) BENZOATE; CETYL PEG/PPG-10/1 DIMETHICONE (HLB 1.5),spl_xml,66800-2450-8,66800-2450-8,kids; coppertone,"Jan 02, 2026",5,https://dailymed.nlm.nih.gov/dailymed/drugInfo.cfm?setid=c054fd86-b0d9-24fc-e053-2a95a90aea2c,
449712ab-5c23-7d50-e063-6394a90ab7fe,B0GLQ9FFJC,https://www.amazon.com/ATTITUDE-Sunscreen-Lightweight-Non-Greasy-Unscented/dp/B0GLQ9FFJC/ref=sr_1_71?dib=eyJ2IjoiMSJ9.WId94J1hO1kQRDebJ6V12HKDZFa_6nnGTX84x5nJM2N_Omn8f7c4Reo_pEqKCb2GPP7_zauOoeWR3CTjVprfg-43lIR-44JOGKyB4TIadXqdhQ6QQtiTamRPi3kdOgaUMggX2xkjNsou23VaFNnQNBydlmXxTWLzZAlc91hhVP2R2OuH86ucBNUDqbw7RNcI2gNSgRX_KrnlHm7wvsbq2OFIwE9dP2F4tjgqd1U8Jdn5XPndq7AhHGaWhGl47EyQWjasiOII3DY-gYduOZAeXpuvhaigXotbLrDkXVmlXok.kAAkz18EIJqoNLyqtLDCtsZYGM-ogYdjUkduZ7v4bOY&dib_tag=se&keywords=kids+sunscreen+stick+SPF+30+mineral+water+resistant+broad+spectrum+face+on+the+go&nsdOptOutParam=true&qid=1778019959,HIGH,brand:attitude|spf:50|form:stick,ATTITUDE,ATTITUDE,title_prefix,ATTITUDE SUNLY KIDS MINERAL SUNSCREEN STICK SPF 50 WATERMELON AND COCO,ATTITUDE SUNLY KIDS MINERAL SUNSCREEN STICK SPF 50 WATERMELON AND COCO (ZINC OXIDE) STICK [9055-7588 QU&EACUTE;BEC INC.DBA ATTITUDE],9055-7588 QU&EACUTE;BEC INC.DBA ATTITUDE,sunscreen,stick,TRUE,FALSE,FALSE,TRUE,1,ZINC OXIDE: 24 g in 100 g,17,DIMETHYL HEPTENAL; METHYLDIHYDROJASMONATE; OCTYLDODECANOL; COCOS NUCIFERA (COCONUT) OIL; CAPRYLIC/CAPRIC TRIGLYCERIDE; GLYCERYL DIBEHENATE; COCO-CAPRYLATE/CAPRATE; HELIANTHUS ANNUUS (SUNFLOWER) SEED WAX; TOCOPHEROL; CALCIUM ALUMINUM BOROSILICATE; VITIS VINIFERA (GRAPE) SEED OIL; HELIANTHUS ANNUUS (SUNFLOWER) SEED OIL; BUTYROSPERMUM PARKII (SHEA) BUTTER; MALEATED SOYBEAN OIL GLYCERYL/OCTYLDODECANOL ESTERS; HEXYL ACETATE; LINALYL ACETATE; VANILLIN,spl_xml,61649-547-01,61649-547-01,kids,"Dec 15, 2025",1,https://dailymed.nlm.nih.gov/dailymed/drugInfo.cfm?setid=449712ab-5c23-7d50-e063-6394a90ab7fe,
44aba6d7-7989-0637-e063-6394a90a6c8f,B0G3WWCVGN,https://www.amazon.com/ATTITUDE-Sunscreen-Mineral-Based-Lightweight-Unscented/dp/B0G3WWCVGN/ref=sr_1_87?dib=eyJ2IjoiMSJ9.ZywXOXo31S2E4zHCMz8uJ9pbf8ujSMMpwhtTpmTbMNE2TpBr-4QbbfQJNb3Stq7BTV3gytVF5cA-2q9a3nW3O-P5NHShNqIsya34La3z5JFEKZqJBgXWQumvhrJZJMKYY6vXdfIbZZrCmbnTWI0LAq76_wZgGIdK_HjoJalpEJJ6VRM99iFWtrWxK3kI7hQ3GZiyBtqYgelRUYTckIZxOmwZkibaHHcFn-YsIsL92DMTM4TX_YmqZUWM2aL4lNBSUbdxKS9WoNNBbu7JB9eRYHXOaEJjNY99Y-2faN8DENg.ZeUSZMy9tyM2rKr1kYQjO3h5mtqwyCZ0PmtpMP_i-kM&dib_tag=se&keywords=infant+sun+cream+mineral+zinc+oxide+0-6+months+pediatrician+sensitive&nsdOptOutParam=true&qid=1778019957,HIGH,brand:attitude|spf:50|form:lotion_cream|unscented_match|kw:unscented,ATTITUDE,ATTITUDE,title_prefix,ATTITUDE SUNLY KIDS MINERAL SUNSCREEN SPF 50 UNSCENTED,ATTITUDE SUNLY KIDS MINERAL SUNSCREEN SPF 50 UNSCENTED (ZINC OXIDE) CREAM [9055-7588 QU&EACUTE;BEC INC.DBA ATTITUDE],9055-7588 QU&EACUTE;BEC INC.DBA ATTITUDE,sunscreen,cream,TRUE,FALSE,FALSE,TRUE,1,ZINC OXIDE: 24 g in 100 g,31,HELIANTHUS ANNUUS SEED WAX; GLYCERYL DIBEHENATE; ACACIA SENEGAL GUM; POLYGLYCERYL-2 DIPOLYHYDROXYSTEARATE; POLYGLYCERYL-6 POLYRICINOLEATE; HEPTYL UNDECYLENATE; BUTYLENE GLYCOL DICAPRYLATE/DICAPRATE; CALCIUM ALUMINUM BOROSILICATE; POLYHYDROXYSTEARIC ACID (2300 MW); CAPRYLIC/CAPRIC TRIGLYCERIDE; TOCOPHEROL; HELIANTHUS ANNUUS (SUNFLOWER) SEED OIL; JOJOBA OIL; STEARALKONIUM HECTORITE; PROPYLENE CARBONATE; MALEATED SOYBEAN OIL GLYCERYL/OCTYLDODECANOL ESTERS; DICAPRYLYL ETHER; C13-15 ALKANE; AQUA; PROPANEDIOL DICAPRYLATE/CAPRATE; PROPANEDIOL; MICA; MAGNESIUM SULFATE; POLYGLYCERIN-6; ACACIA DECURRENS FLOWER WAX; POLYGLYCERIN-3; XANTHAN GUM; SODIUM BENZOATE; SILICA; ASCORBYL PALMITATE; COCO-CAPRYLATE/CAPRATE,spl_xml,61649-522-01,61649-522-01,kids,"Dec 15, 2025",1,https://dailymed.nlm.nih.gov/dailymed/drugInfo.cfm?setid=44aba6d7-7989-0637-e063-6394a90a6c8f,
44aca1d5-6e0a-def3-e063-6294a90aca26,B0G3XYSQQH,https://www.amazon.com/ATTITUDE-Lightweight-Water-Resistant-Non-Greasy-Watermelon/dp/B0G3XYSQQH/ref=sr_1_117?dib=eyJ2IjoiMSJ9.jSYoDy6OI9PL1Cy6jzR-6jaQ9slS9CO2upNeAqJ_BUVs2C-sI9bH3C-yVIzF2XZZyK4_-83Aub_FcraTFUHv8NgTMrEdN5PWPer82KLdPa1UlqRvpzspK22JHC9MVr5idCdvbO6i_HEtq0VLvirtmgjsbIcP4BTVUJXxtSYE6QtnX8iZ0F6c_V_Qp4rBSR06L98kQucVkv4v2OqgAdYoHZDiPoBhyZd5qcCVyK4GgSvdvkw8W8NHk9FirK8i2SE-QAKx_2CEbmJt-kiq7L1wbykD7Zs7CFfp2UwR1p8HWXk.OtfFOsCBFeqbEqhVgDtw4zowC_P40XUSO730Rc3a9nk&dib_tag=se&keywords=toddler+sunscreen+mineral+zinc+oxide+SPF+50+face+body+lotion+1-3+years+organic&nsdOptOutParam=true&qid=1778019961,HIGH,"brand:attitude|spf:50|form:lotion_cream|kw:coco,watermelon",ATTITUDE,ATTITUDE,title_prefix,ATTITUDE SUNLY KIDS MINERAL SUNSCREEN SPF 50 WATERMELON AND COCO,ATTITUDE SUNLY KIDS MINERAL SUNSCREEN SPF 50 WATERMELON AND COCO (ZINC OXIDE) CREAM [9055-7588 QU&EACUTE;BEC INC.DBA ATTITUDE],9055-7588 QU&EACUTE;BEC INC.DBA ATTITUDE,sunscreen,cream,TRUE,FALSE,FALSE,TRUE,1,ZINC OXIDE: 24 g in 100 g,36,HELIANTHUS ANNUUS SEED WAX; GLYCERYL DIBEHENATE; ACACIA SENEGAL GUM; POLYGLYCERYL-2 DIPOLYHYDROXYSTEARATE; POLYGLYCERYL-6 POLYRICINOLEATE; HEPTYL UNDECYLENATE; BUTYLENE GLYCOL DICAPRYLATE/DICAPRATE; CALCIUM ALUMINUM BOROSILICATE; POLYHYDROXYSTEARIC ACID (2300 MW); CAPRYLIC/CAPRIC TRIGLYCERIDE; TOCOPHEROL; HELIANTHUS ANNUUS (SUNFLOWER) SEED OIL; JOJOBA OIL; STEARALKONIUM HECTORITE; PROPYLENE CARBONATE; MALEATED SOYBEAN OIL GLYCERYL/OCTYLDODECANOL ESTERS; DICAPRYLYL ETHER; C13-15 ALKANE; AQUA; PROPANEDIOL DICAPRYLATE/CAPRATE; PROPANEDIOL; MICA; MAGNESIUM SULFATE; POLYGLYCERIN-6; ACACIA DECURRENS FLOWER WAX; POLYGLYCERIN-3; XANTHAN GUM; SODIUM BENZOATE; SILICA; ASCORBYL PALMITATE; COCO-CAPRYLATE/CAPRATE; HEXYL ACETATE; LINALYL ACETATE; VANILLIN; DIMETHYL HEPTENAL; METHYLDIHYDROJASMONATE,spl_xml,61649-527-01,61649-527-01,kids,"Dec 15, 2025",1,https://dailymed.nlm.nih.gov/dailymed/drugInfo.cfm?setid=44aca1d5-6e0a-def3-e063-6294a90aca26,
44615ae4-8206-122d-e063-6294a90a0b2c,B07FD1JW74,https://www.amazon.com/Sun-Zapper-Green-Yellow-Sticks/dp/B07FD1JW74/ref=sr_1_94?dib=eyJ2IjoiMSJ9.WId94J1hO1kQRDebJ6V12HKDZFa_6nnGTX84x5nJM2N_Omn8f7c4Reo_pEqKCb2GPP7_zauOoeWR3CTjVprfg-43lIR-44JOGKyB4TIadXqdhQ6QQtiTamRPi3kdOgaUMggX2xkjNsou23VaFNnQNBydlmXxTWLzZAlc91hhVP2R2OuH86ucBNUDqbw7RNcI2gNSgRX_KrnlHm7wvsbq2OFIwE9dP2F4tjgqd1U8Jdn5XPndq7AhHGaWhGl47EyQWjasiOII3DY-gYduOZAeXpuvhaigXotbLrDkXVmlXok.kAAkz18EIJqoNLyqtLDCtsZYGM-ogYdjUkduZ7v4bOY&dib_tag=se&keywords=kids+sunscreen+stick+SPF+30+mineral+water+resistant+broad+spectrum+face+on+the+go&nsdOptOutParam=true&qid=1778019959,HIGH,brand:sun zapper|spf:50|form:lotion_cream,Sun Zapper,VEGANIC SKN,labeler_map,ECOZINC KIDS NATURAL MINERAL SUNSCREEN SPF50,ECOZINC KIDS NATURAL MINERAL SUNSCREEN SPF50 (ZINC OXIDE SUNSCREEN) CREAM [VEGANIC SKN LIMITED],VEGANIC SKN LIMITED,sunscreen,cream,TRUE,FALSE,FALSE,TRUE,1,ZINC OXIDE: 25 kg in 100 kg,15,COCO-CAPRYLATE/CAPRATE; SODIUM CHLORIDE; POLYGLYCERYL-3 RICINOLEATE; XANTHAN GUM; FERRIC OXIDE RED; FERRIC OXIDE YELLOW; FERROSOFERRIC OXIDE; COCONUT ALKANES; HELIANTHUS ANNUUS (SUNFLOWER) SEED OIL; ALPHA-TOCOPHEROL ACETATE; WATER; POLYHYDROXYSTEARIC ACID (2300 MW); ISOSTEARIC ACID; CANDELILLA WAX; GLYCERYL STEARATE CITRATE,spl_xml,83252-134-15,83252-134-15; 83252-134-21; 83252-134-25,kids,"Dec 01, 2025",2,https://dailymed.nlm.nih.gov/dailymed/drugInfo.cfm?setid=44615ae4-8206-122d-e063-6294a90a0b2c,
383de98b-65b5-4398-a876-87367dc01d0b,B07Z9T3YHK,https://www.amazon.com/Aveeno-Baby-Continuous-Protection-Sensitive/dp/B07Z9T3YHK/ref=sr_1_10?dib=eyJ2IjoiMSJ9.v8W8su3z-BD3cYaDgyqrx-i5sqsY5wIEwEJEQid0zB6wd0oemCwiyJWD-yxl8N_gTvpTXwaegOy3dwTPddSgBltTRXJn0dDMuu65EmsaeGn-Y0NpMoyyg87I6mL8AXSZGUJvrGL0pDcbafSN-NX44zMU705zW2QdcyoiFLWZYrQ-QFtV53_4ineyp3TDolEZhxmno14Tpp9JBELufwqrVHpoCUBI8c4uhYQCZDFCEDsFMhVKemlvwZkKaNY4idUSsJyTZ8JjpnRk9ik0dvGPLQBulPw5WRB1S80s2Qubzns.dMwfeCvkhL7NluCmZmt263yodPaIfARf3H9NgFZHqV0&dib_tag=se&keywords=infant+sun+cream+mineral+zinc+oxide+0-6+months+pediatrician+sensitive&nsdOptOutParam=true&qid=1778019955&sr=8-10,HIGH,"brand:aveeno|spf:50|form:stick|kw:continuous,skin",Aveeno Kids,AVEENO,title_prefix,AVEENO KIDS CONTINUOUS PROTECTION SENSITIVE SKIN MINERAL SUNSCREEN BROAD SPECTRUM SPF 50,AVEENO KIDS CONTINUOUS PROTECTION SENSITIVE SKIN MINERAL SUNSCREEN BROAD SPECTRUM SPF 50 (ZINC OXIDE) STICK [KENVUE BRANDS LLC],KENVUE BRANDS LLC,sunscreen,stick,TRUE,FALSE,FALSE,TRUE,1,ZINC OXIDE: 216 mg in 1 g,13,POLYETHYLENE; OCTYLDODECYL NEOPENTANOATE; ALKYL (C12-15) BENZOATE; PARAFFIN; SILICON DIOXIDE; NEOPENTYL GLYCOL DIETHYLHEXANOATE; CERESIN; ISOPROPYL MYRISTATE; ADIPIC ACID/DIGLYCOL CROSSPOLYMER (20000 MPA.S); TRIETHOXYCAPRYLYLSILANE; NEOPENTYL GLYCOL DIISOSTEARATE; CAPRYLYL GLYCOL; OAT KERNEL OIL,spl_xml,69968-0602-2,69968-0602-2,kids; aveeno,"Jun 26, 2025",9,https://dailymed.nlm.nih.gov/dailymed/drugInfo.cfm?setid=383de98b-65b5-4398-a876-87367dc01d0b,
3e51da46-6a81-4b74-b16e-3fc298a4ba59,B07RN6TSKF,https://www.amazon.com/Aveeno-Continuous-Protection-Water-Resistant-Travel-Size/dp/B07RN6TSKF/ref=sr_1_1?dib=eyJ2IjoiMSJ9.v8W8su3z-BD3cYaDgyqrx-i5sqsY5wIEwEJEQid0zB6wd0oemCwiyJWD-yxl8N_gTvpTXwaegOy3dwTPddSgBltTRXJn0dDMuu65EmsaeGn-Y0NpMoyyg87I6mL8AXSZGUJvrGL0pDcbafSN-NX44zMU705zW2QdcyoiFLWZYrQ-QFtV53_4ineyp3TDolEZhxmno14Tpp9JBELufwqrVHpoCUBI8c4uhYQCZDFCEDsFMhVKemlvwZkKaNY4idUSsJyTZ8JjpnRk9ik0dvGPLQBulPw5WRB1S80s2Qubzns.dMwfeCvkhL7NluCmZmt263yodPaIfARf3H9NgFZHqV0&dib_tag=se&keywords=infant+sun+cream+mineral+zinc+oxide+0-6+months+pediatrician+sensitive&nsdOptOutParam=true&qid=1778019955&sr=8-1,HIGH,"brand:aveeno|spf:50|form:lotion_cream|kw:continuous,skin",Aveeno Kids,AVEENO,title_prefix,AVEENO KIDS CONTINUOUS PROTECTION SENSITIVE SKIN SUNSCREEN BROAD SPECTRUM SPF 50,AVEENO KIDS CONTINUOUS PROTECTION SENSITIVE SKIN SUNSCREEN BROAD SPECTRUM SPF 50 (ZINC OXIDE) LOTION [KENVUE BRANDS LLC],KENVUE BRANDS LLC,sunscreen,lotion,TRUE,FALSE,FALSE,TRUE,1,ZINC OXIDE: 216 mg in 1 mL,23,"WATER; ALKYL (C12-15) BENZOATE; BUTYL METHACRYLATE/METHYL METHACRYLATE/METHACRYLIC ACID/STYRENE CROSSPOLYMER; OCTYLDODECYL CITRATE CROSSPOLYMER; PHENYL TRIMETHICONE; CETYL PEG/PPG-10/1 DIMETHICONE (HLB 5); DIMETHICONE; POLYHYDROXYSTEARIC ACID (2300 MW); GLYCERIN; ETHYL METHICONE (8 MPA.S); SILICON DIOXIDE; CETYL DIMETHICONE 25; TRIETHOXYCAPRYLYLSILANE; PHENOXYETHANOL; GLYCERYL DIBEHENATE; SODIUM CHLORIDE; CHLORPHENESIN; PHENYLETHYL ALCOHOL; OATMEAL; CAPRYLYL GLYCOL; CETYL DIMETHICONE/BIS-VINYLDIMETHICONE CROSSPOLYMER; FEVERFEW; 2-ETHYLHEXYL ACRYLATE, METHACRYLATE, METHYL METHACRYLATE, OR BUTYL METHACRYLATE/HYDROXYPROPYL DIMETHICONE COPOLYMER (30000-300000 MW)",spl_xml,69968-0483-3,69968-0483-3,kids; aveeno,"Mar 24, 2025",8,https://dailymed.nlm.nih.gov/dailymed/drugInfo.cfm?setid=3e51da46-6a81-4b74-b16e-3fc298a4ba59,
01cc4ea0-e3de-32f1-e063-6394a90a1375,B0GZ85Y5YT,https://www.amazon.com/Hello-Bello-Sunscreen-Resistant-Protection/dp/B0GZ85Y5YT/ref=sr_1_113?dib=eyJ2IjoiMSJ9.5L2WUo13iQDulBo6DFFh_2kyADhUVLEx7-iXOBm_VOsFD8iEMABdZ0QYLn-SzolIIOo7BvjPKh-eCDZL5EQfst6Hh3KT-sfdd8Vf-2U0GUq1UwDdZcL6qgIq2dBoBkmRLYW-CY65RAw2biIrtmq2Bn7WGlHqECN6jePMrP6d5fVGeRh3NmNKnFMbzpBlRqhwnRqJc4oSElaRRp8z32av1C6xKRVxDiFQSu7SqFZgAHs.bi2wCE0cxdkPFUgt6mjKZb5sJjE0m5aDtF_efntQ-30&dib_tag=se&keywords=baby+sunscreen+chemical+avobenzone+octinoxate+SPF+50+broad+spectrum+lotion&nsdOptOutParam=true&qid=1778019968,HIGH,"brand:hello bello|spf:50|form:stick|kw:face,body",Hello Bello,HELLO BELLO,labeler_map,KIDS FACE AND BODY SUNSCREEN SPF 50,KIDS FACE AND BODY SUNSCREEN SPF 50 (ZINC OXIDE) STICK [HELLO BELLO],HELLO BELLO,sunscreen,stick,TRUE,FALSE,FALSE,TRUE,1,ZINC OXIDE: 210 mg in 1 g,11,OLIVE OIL; COCOA BUTTER; SHEA BUTTER; CANDELILLA WAX; BUTYLOCTYL SALICYLATE; LEVOMENOL; TOCOPHEROL; COCONUT OIL; ORYZANOL; CARNAUBA WAX; SUNFLOWER OIL,spl_xml,73418-103-01,73418-103-01; 73418-103-08,kids,"Jan 10, 2025",2,https://dailymed.nlm.nih.gov/dailymed/drugInfo.cfm?setid=01cc4ea0-e3de-32f1-e063-6394a90a1375,
d619d2b4-bae8-bc76-e053-2995a90a369b,B08Y9B73QB,https://www.amazon.com/Badger-Sunscreen-Unscented-Resistant-Ingredients/dp/B08Y9B73QB/ref=sr_1_29?dib=eyJ2IjoiMSJ9.HJEz_xce8SnQfwLh8RKraIcVjfZImo4cAxaML4qINK5qoM4Ohyz-viKPKKMGL0m24Fr2D5z_5G7b7tgpyvEAgBQ3at3prgFi7_7XoDC1c6J32mfODMlNciT_f6rCXmDOksBMEWg9cNXwcQTe_aAnbS-UkNttKVLG4bWQz_Rm4_lzByPjdrIJgYTDwfKamEhSblzwuKRm76gfAHzY_shaswoSFy4VFfc6X35zuifdvey-0FCTXxgxIYO0b45MYD9XBc631d3YeN-yPx0UUDTE-KvZ13jf1Qxt3SW2o7E0hhE.WHzsKigCv6SStjfVPY5jV2pDy_diib1mF02rogQgY-s&dib_tag=se&keywords=toddler+sunscreen+mineral+zinc+oxide+SPF+50+face+body+lotion+1-3+years+organic&nsdOptOutParam=true&qid=1778019955&sr=8-29,HIGH,brand:badger|spf:40|form:lotion_cream,Badger,W.S. BADGER,title_prefix,BADGER KIDS MINERAL SUNSCREEN CREAM BROAD SPECTRUM SPF 40,"BADGER KIDS MINERAL SUNSCREEN CREAM BROAD SPECTRUM SPF 40 (ZINC OXIDE) CREAM [W.S. BADGER COMPANY, INC.]","W.S. BADGER COMPANY, INC.",sunscreen,cream,TRUE,FALSE,FALSE,TRUE,1,ZINC OXIDE: 22.5 g in 100 mL,8,SUNFLOWER OIL; YELLOW WAX; TOCOPHEROL; HIPPOPHAE RHAMNOIDES FRUIT; ORANGE OIL; MANDARIN OIL; VANILLA; JOJOBA OIL,spl_xml,62206-4021-1,62206-4021-1,kids,"Jan 01, 2025",2,https://dailymed.nlm.nih.gov/dailymed/drugInfo.cfm?setid=d619d2b4-bae8-bc76-e053-2995a90a369b,
0d833e3b-5330-3c5b-e063-6394a90a2ed2,B0CTKXHHK8,https://www.amazon.com/ATTITUDE-Sunscreen-Plastic-Free-Protection-Dermatologically/dp/B0CTKXHHK8/ref=sr_1_73_mod_primary_new?dib=eyJ2IjoiMSJ9.WId94J1hO1kQRDebJ6V12HKDZFa_6nnGTX84x5nJM2N_Omn8f7c4Reo_pEqKCb2GPP7_zauOoeWR3CTjVprfg-43lIR-44JOGKyB4TIadXqdhQ6QQtiTamRPi3kdOgaUMggX2xkjNsou23VaFNnQNBydlmXxTWLzZAlc91hhVP2R2OuH86ucBNUDqbw7RNcI2gNSgRX_KrnlHm7wvsbq2OFIwE9dP2F4tjgqd1U8Jdn5XPndq7AhHGaWhGl47EyQWjasiOII3DY-gYduOZAeXpuvhaigXotbLrDkXVmlXok.kAAkz18EIJqoNLyqtLDCtsZYGM-ogYdjUkduZ7v4bOY&dib_tag=se&keywords=kids+sunscreen+stick+SPF+30+mineral+water+resistant+broad+spectrum+face+on+the+go&nsdOptOutParam=true&qid=1778019959&sbo=RZvfv%2F%2FHxDF%2BO5021pAnSA%3D%3D,HIGH,"brand:attitude|spf:30|form:stick|unscented_match|kw:face,unscented",ATTITUDE,ATTITUDE,title_prefix,ATTITUDE SUNLY KIDS MINERAL SUNSCREEN FACE STICK UNSCENTED SPF 30,ATTITUDE SUNLY KIDS MINERAL SUNSCREEN FACE STICK UNSCENTED SPF 30 (ZINC OXIDE) STICK [9055-7588 QUEBEC INC. DBA ATTITUDE],9055-7588 QUEBEC INC. DBA ATTITUDE,sunscreen,stick,TRUE,FALSE,FALSE,TRUE,1,ZINC OXIDE: 20 g in 100 g,14,MEDIUM-CHAIN TRIGLYCERIDES; JOJOBA OIL; ACACIA DECURRENS FLOWER WAX; CAPRYLOYL GLYCERIN/SEBACIC ACID COPOLYMER (2000 MPA.S); GRAPE SEED OIL; C10-18 TRIGLYCERIDES; POLYHYDROXYSTEARIC ACID (2300 MW); BEHENYL BEHENATE; TRIBASIC CALCIUM PHOSPHATE; HELIANTHUS ANNUUS SEED WAX; POLYGLYCERIN-3; CANDELILLA WAX; GLYCERYL MONOBEHENATE; .ALPHA.-TOCOPHEROL,spl_xml,61649-099-20,61649-099-20,kids,"Nov 27, 2024",2,https://dailymed.nlm.nih.gov/dailymed/drugInfo.cfm?setid=0d833e3b-5330-3c5b-e063-6394a90a2ed2,
c2461e22-1518-4f9e-ad8c-951784ef8b5f,B01N6JCWLQ,https://www.amazon.com/ATTITUDE-Mineral-Non-Nano-Oxide-Sunscreen/dp/B01N6JCWLQ/ref=sr_1_178?dib=eyJ2IjoiMSJ9.D_f3LLEuxwKlStvXp_sThrO4A15W13JUpz-VT8-M4r5jXYyVq1KJ_w47v04hMVpqHiHkm0QZwkk0HgzXvfLL8qaaq9B0FcWE18EHkRTwkofnfqaG8PQ-3_1XHfd6t03B8sLeOgp0n_m8h0emlYa1C6uPkK5RgiGAKgvoYJ1d8utThniIPODlbnACOoGkWSu5e1ofqWHX_z23AyY9GwilA01-RW_d5r1tX8x40BlAinDHt4r7PNKK_Dpa9531mNMC07C28yujRFrKlh7wSSZ9aSKW-7TCzLK4cYgSlRajCO8.5-2b5M6WS6K3ZKJUCZdT2e8y35yYy3Kdh8sdr34gFZA&dib_tag=se&keywords=baby+sunscreen+mineral+zinc+oxide+SPF+50+newborn+infant+fragrance+free+sensitive+skin+lotion&nsdOptOutParam=true&qid=1778019964,HIGH,brand:attitude|spf:30|form:lotion_cream|unscented_match|kw:unscented,ATTITUDE,ATTITUDE,title_prefix,ATTITUDE KIDS MINERAL SUNSCREEN UNSCENTED SPF 30,ATTITUDE KIDS MINERAL SUNSCREEN UNSCENTED SPF 30 (ZINC OXIDE) CREAM [9055-7588 QU&EACUTE;BEC INC. DBA ATTITUDE],9055-7588 QU&EACUTE;BEC INC. DBA ATTITUDE,sunscreen,cream,TRUE,FALSE,FALSE,TRUE,1,ZINC OXIDE: 20 g in 100 g,14,WATER; MEDIUM-CHAIN TRIGLYCERIDES; POLYHYDROXYSTEARIC ACID (2300 MW); CETOSTEARYL ALCOHOL; GLYCERYL MONOSTEARATE; CETEARYL GLUCOSIDE; ETHYLHEXYLGLYCERIN; GLYCERIN; C10-18 TRIGLYCERIDES; DOCOSANOL; SODIUM CHLORIDE; XANTHAN GUM; CAPRYLYL GLYCOL; SODIUM GLUCONATE,spl_xml,61649-160-15,61649-160-15; 61649-160-75,kids,"Nov 20, 2024",4,https://dailymed.nlm.nih.gov/dailymed/drugInfo.cfm?setid=c2461e22-1518-4f9e-ad8c-951784ef8b5f,
4eb501c8-888a-4c85-b8a7-f383e841c89f,B0CTKXHHK8,https://www.amazon.com/ATTITUDE-Sunscreen-Plastic-Free-Protection-Dermatologically/dp/B0CTKXHHK8/ref=sr_1_73_mod_primary_new?dib=eyJ2IjoiMSJ9.WId94J1hO1kQRDebJ6V12HKDZFa_6nnGTX84x5nJM2N_Omn8f7c4Reo_pEqKCb2GPP7_zauOoeWR3CTjVprfg-43lIR-44JOGKyB4TIadXqdhQ6QQtiTamRPi3kdOgaUMggX2xkjNsou23VaFNnQNBydlmXxTWLzZAlc91hhVP2R2OuH86ucBNUDqbw7RNcI2gNSgRX_KrnlHm7wvsbq2OFIwE9dP2F4tjgqd1U8Jdn5XPndq7AhHGaWhGl47EyQWjasiOII3DY-gYduOZAeXpuvhaigXotbLrDkXVmlXok.kAAkz18EIJqoNLyqtLDCtsZYGM-ogYdjUkduZ7v4bOY&dib_tag=se&keywords=kids+sunscreen+stick+SPF+30+mineral+water+resistant+broad+spectrum+face+on+the+go&nsdOptOutParam=true&qid=1778019959&sbo=RZvfv%2F%2FHxDF%2BO5021pAnSA%3D%3D,HIGH,brand:attitude|spf:30|form:stick|unscented_match|kw:unscented,ATTITUDE,QUBEC,title_prefix,ATTITUDE KIDS MINERAL SUNSCREEN UNSCENTED SPF 30,ATTITUDE KIDS MINERAL SUNSCREEN UNSCENTED SPF 30 (ZINC OXIDE) STICK [ATTITUDE DBA 9055-7588 QU&EACUTE;BEC INC.],ATTITUDE DBA 9055-7588 QU&EACUTE;BEC INC.,sunscreen,stick,TRUE,FALSE,FALSE,TRUE,1,ZINC OXIDE: 20 g in 100 g,11,COCONUT OIL; SHEA BUTTER; POLYHYDROXYSTEARIC ACID (2300 MW); SUNFLOWER OIL; MEDIUM-CHAIN TRIGLYCERIDES; HELIANTHUS ANNUUS SEED WAX; BEHENYL BEHENATE; CASTOR OIL; CAPRYLOYL GLYCERIN/SEBACIC ACID COPOLYMER (2000 MPA.S); COCOYL CAPRYLOCAPRATE; CANDELILLA WAX,spl_xml,61649-038-85,61649-038-85,kids,"Mar 29, 2024",3,https://dailymed.nlm.nih.gov/dailymed/drugInfo.cfm?setid=4eb501c8-888a-4c85-b8a7-f383e841c89f,
8b5a147d-4126-4fc5-a73b-fd5a19ccfd3d,B0CS18F9D6,https://www.amazon.com/Thinksport-Mineral-Sunscreen-Resistant-Spectrum/dp/B0CS18F9D6/ref=sr_1_76?dib=eyJ2IjoiMSJ9.eo7wXX7xdi5M55SKJJIlxnL3xdWAoUlh8qAD7tou6a2Ce5Seh5FJSQRiPL5BTL8t58GZCXGfDNJZqN3XSGqhN7gwX-RZmo8PF28bvAI4-aF8tFRfq8sb3kJNWNDlUU5M0CXZ9W2jZpceYZ5RwqNxeewYwDhpEN8t0fwNlac1M2Nm-tDxE90RLif4hKsTDSzcMfdG94PdrdodGW512Irkq8zBS5XfoJ40TbWsVBD2Q5ZAbLPk0zdsFRmg2kBmd4dDJHLunIdcC43cthjngOR5ILpUYVPRx2QLZ3nPD3YhNsw.BrDj44g1_cZLJkeke1nanXodNSYoi0MsmUlwRFdOBsg&dib_tag=se&keywords=toddler+sunscreen+mineral+zinc+oxide+SPF+50+face+body+lotion+1-3+years+organic&nsdOptOutParam=true&qid=1778019958,HIGH,brand:thinksport|spf:50|form:lotion_cream,Thinksport,THINKOPERATIONS,title_prefix,THINKSPORT KIDS SUNSCREEN SPF 50,"THINKSPORT KIDS SUNSCREEN SPF 50 (ZINC OXIDE) LOTION [THINKOPERATIONS,LLC]","THINKOPERATIONS,LLC",sunscreen,lotion,TRUE,FALSE,FALSE,TRUE,1,ZINC OXIDE: 200 mg in 1 mL,18,"POLYGLYCERYL-4 ISOSTEARATE; CAPRYLHYDROXAMIC ACID; HEXYL LAURATE; GLYCERYL MONOCAPRYLATE; TRICAPRILIN; WATER; TRICAPRIN; SORBITAN SESQUIOLEATE; GLYCERIN; CETYL DIMETHICONE 25; HYDROGENATED METHYL ABIETATE; MAGNESIUM SULFATE, UNSPECIFIED FORM; SUNFLOWER OIL; JOJOBA OIL; TOCOPHEROL; OLIVE OIL; HYALURONIC ACID; PAPAYA",spl_xml,60781-1002-3,60781-1002-3; 60781-1002-6,kids; thinksport,"Dec 13, 2023",6,https://dailymed.nlm.nih.gov/dailymed/drugInfo.cfm?setid=8b5a147d-4126-4fc5-a73b-fd5a19ccfd3d,
80a3671d-60e8-22fe-e053-2991aa0a094b,B08Y9B73QB,https://www.amazon.com/Badger-Sunscreen-Unscented-Resistant-Ingredients/dp/B08Y9B73QB/ref=sr_1_29?dib=eyJ2IjoiMSJ9.HJEz_xce8SnQfwLh8RKraIcVjfZImo4cAxaML4qINK5qoM4Ohyz-viKPKKMGL0m24Fr2D5z_5G7b7tgpyvEAgBQ3at3prgFi7_7XoDC1c6J32mfODMlNciT_f6rCXmDOksBMEWg9cNXwcQTe_aAnbS-UkNttKVLG4bWQz_Rm4_lzByPjdrIJgYTDwfKamEhSblzwuKRm76gfAHzY_shaswoSFy4VFfc6X35zuifdvey-0FCTXxgxIYO0b45MYD9XBc631d3YeN-yPx0UUDTE-KvZ13jf1Qxt3SW2o7E0hhE.WHzsKigCv6SStjfVPY5jV2pDy_diib1mF02rogQgY-s&dib_tag=se&keywords=toddler+sunscreen+mineral+zinc+oxide+SPF+50+face+body+lotion+1-3+years+organic&nsdOptOutParam=true&qid=1778019955&sr=8-29,HIGH,brand:badger|spf:40|form:lotion_cream,Badger,W.S. BADGER,title_prefix,BADGER KIDS BROAD SPECTRUM SPF 40 NATURAL MINERAL SUNSCREEN CREAM,"BADGER KIDS BROAD SPECTRUM SPF 40 NATURAL MINERAL SUNSCREEN CREAM (ZINC OXIDE) CREAM [W.S. BADGER COMPANY, INC.]","W.S. BADGER COMPANY, INC.",sunscreen,cream,TRUE,FALSE,FALSE,TRUE,1,ZINC OXIDE: 22.5 g in 100 mL,8,SUNFLOWER OIL; YELLOW WAX; TOCOPHEROL; HIPPOPHAE RHAMNOIDES FRUIT; ORANGE OIL; MANDARIN OIL; VANILLA; JOJOBA OIL,spl_xml,62206-7117-7,62206-7117-7,kids,"Oct 04, 2021",2,https://dailymed.nlm.nih.gov/dailymed/drugInfo.cfm?setid=80a3671d-60e8-22fe-e053-2991aa0a094b,
9ba94ecc-17c2-9e21-e053-2a95a90a9fac,B085SVF5JN,https://www.amazon.com/Badger-Sunscreen-Tangerine-Resistant-Ingredients/dp/B085SVF5JN/ref=sr_1_11?dib=eyJ2IjoiMSJ9.S8v882f0HaFDU6L8Kg3Cqd8dTj_7VUYonCK3eNDhGgIB3oZpgOpWxWaXS021nfCNxSZrdBk3rOWC3eiaEvBWib_VFz-NBXjVNUetiHw3e2OqgN0QiIcNWQXtKs4sak_BQDSgTnR9ZT_BynS8USRML9Uakum6RUt-RSxZlqAoC5FitYPR7SNFubGIOmOaIlJWqKnAn0sQoPv55hFwSSZYPeY2S0qTxn4ixOJJEmgVvl4AX410HN45rEBxP6S6s2cco1SiNva8-FofhntO1_t4EatfcHu1Cl6agN1Uwv3aAlA.U-AV6wyKtFr_ENXl00Z05TZAbKp-Q_LDQFkULh8kFjY&dib_tag=se&keywords=kids+sunscreen+stick+SPF+30+mineral+water+resistant+broad+spectrum+face+on+the+go&nsdOptOutParam=true&qid=1778019957&sr=8-11,HIGH,brand:badger|spf:35|form:stick|kw:face,Badger,W.S. BADGER,title_prefix,BADGER CLEAR SPORT SPF 35 KIDS ALL SEASON FACE STICK,"BADGER CLEAR SPORT SPF 35 KIDS ALL SEASON FACE STICK (ZINC OXIDE) STICK [W.S. BADGER COMPANY, INC.]","W.S. BADGER COMPANY, INC.",sunscreen,stick,TRUE,FALSE,FALSE,TRUE,1,ZINC OXIDE: 22.5 g in 100 g,8,OLIVE OIL; YELLOW WAX; COCOA BUTTER; SHEA BUTTER; TOCOPHEROL; ORANGE OIL; MANDARIN OIL; VANILLA,spl_xml,62206-7209-9,62206-7209-9,kids,"Oct 04, 2021",2,https://dailymed.nlm.nih.gov/dailymed/drugInfo.cfm?setid=9ba94ecc-17c2-9e21-e053-2a95a90a9fac,
639fd681-3b6e-1a55-e053-2991aa0ae7d3,B0BM5CL6FR,https://www.amazon.com/Alba-Botanica-Sunscreen-Fragrance-Free-Biodegradable/dp/B0BM5CL6FR/ref=sr_1_52?dib=eyJ2IjoiMSJ9.spAUUJR0xZWoihoDhbqLd6opgPwy84ldt0kOTeTEE7VDQ0UlpCOnplcY3C_7lYdZPvBnFfeNOPnSbEr4tRw5GQsS4IK1FLNsbJiN7y_T5Rsno9wl5NMPdnN6c508cZ5h3JAhPKpdPRjPnoOfpaPKY7R63r2zvypuBkxt8UdEsnA-DpMjDUV3-yr0Ua6xzSlOl9Hc8ptKyecCIsHysGkrtCe_UMS8bTSHb1pxVQWW3dmFgsRRm4MNlGOnRkeIfKdPu5v8RIVF6ID90WmZM6_f9y8XRvwt6cdAbkkAHcT0_98.NCRa_fYqKjIXIC6R_MwOSvrW9x2nVJnZJfxobazisK0&dib_tag=se&keywords=kids+sunscreen+mineral+SPF+30+broad+spectrum+water+resistant+gentle+natural+reef+safe+lotion&nsdOptOutParam=true&qid=1778019968&rdc=1,HIGH,brand:alba botanica|spf:30|form:lotion_cream,Alba Botanica,ALBA BOTANICA,title_prefix,ALBA BOTANICA KIDS MINERAL SUNSCREEN FF SPF30,"ALBA BOTANICA KIDS MINERAL SUNSCREEN FF SPF30 (ZINC OXIDE, TITANIUM DIOXIDE) CREAM [THE HAIN CELESTIAL GROUP, INC.]","THE HAIN CELESTIAL GROUP, INC.",sunscreen,cream,TRUE,TRUE,FALSE,TRUE,2,ZINC OXIDE: 14.5 g in 100 g; TITANIUM DIOXIDE: 2 g in 100 g,22,"SORBITAN SESQUIOLEATE; GLYCERIN; DIMETHICONE; PHENOXYETHANOL; SHEA BUTTER; POLYGLYCERYL-3 RICINOLEATE; .ALPHA.-TOCOPHEROL ACETATE; ALCOHOL; SILICON DIOXIDE; WATER; MEDIUM-CHAIN TRIGLYCERIDES; ETHYLHEXYL PALMITATE; GLYCERYL ISOSTEARATE; ALOE; CALENDULA OFFICINALIS FLOWER; MAGNESIUM SULFATE, UNSPECIFIED FORM; POLYHYDROXYSTEARIC ACID (2300 MW); SODIUM CHLORIDE; CHAMOMILE; SUNFLOWER OIL; GRAPE SEED OIL; BENZYL ALCOHOL",spl_xml,61995-2088-4,61995-2088-4,kids; alba botanica,"Apr 13, 2021",5,https://dailymed.nlm.nih.gov/dailymed/drugInfo.cfm?setid=639fd681-3b6e-1a55-e053-2991aa0ae7d3,
9f527715-dd39-4580-bbd2-a0397be36cd3,B0CHN98M7M,https://www.amazon.com/Badger-Sunscreen-Moisturizer-Hydrating-Unscented/dp/B0CHN98M7M/ref=sr_1_42?dib=eyJ2IjoiMSJ9.F-FFKLgP5lveUbk86xHoO0mMSbpyR_bqnNeqITvc7dPkAYNqDegu5gTtaH_kwH0-lQ2oMsCarLXrb5FfdCmoBgMJawmhD4lk4cqo2fnyW0oq2WPahsGere2SZmBdbQm6rm4z0ja4wIpcv6KPjm2sqRpl-JbTkuXpA5R208uxnHzPmzhXLaJToscCJ_ACtLkOnHhJ3sjneIhSp4n5QXlsuSKG9C4Eo0pKqcxIXjbSPaya8Yr05SIPksAKNn22Z9WNgZ8YldxFCNFwcATK7qsWIdx8-YDsisfLzYRo8kdCzyQ.ae7DA2f_cDd1vFz9t553lzcJ8ti7CZYSS3Y_Wsn_Pgc&dib_tag=se&keywords=kids+sunscreen+mineral+SPF+30+broad+spectrum+water+resistant+gentle+natural+reef+safe+lotion&nsdOptOutParam=true&qid=1778019961&sr=8-42,HIGH,brand:badger|spf:30|form:lotion_cream,Badger,NORWOOD PACKAGING,title_prefix,BADGER KIDS SPF 30 SUNSCREEN,BADGER KIDS SPF 30 SUNSCREEN (ZINC OXIDE) CREAM [NORWOOD PACKAGING LTD.],NORWOOD PACKAGING LTD.,sunscreen,cream,TRUE,FALSE,FALSE,TRUE,1,ZINC OXIDE: 18.75 g in 100 mL,7,SUNFLOWER OIL; YELLOW WAX; TOCOPHEROL; HIPPOPHAE RHAMNOIDES FRUIT; ORANGE OIL; MANDARIN OIL; VANILLA,spl_xml,55143-107-01,55143-107-01,kids,"Jan 17, 2014",1,https://dailymed.nlm.nih.gov/dailymed/drugInfo.cfm?setid=9f527715-dd39-4580-bbd2-a0397be36cd3,
b6d957f8-46f4-40ac-ab19-04718a719057,B0BM5CL6FR,https://www.amazon.com/Alba-Botanica-Sunscreen-Fragrance-Free-Biodegradable/dp/B0BM5CL6FR/ref=sr_1_52?dib=eyJ2IjoiMSJ9.spAUUJR0xZWoihoDhbqLd6opgPwy84ldt0kOTeTEE7VDQ0UlpCOnplcY3C_7lYdZPvBnFfeNOPnSbEr4tRw5GQsS4IK1FLNsbJiN7y_T5Rsno9wl5NMPdnN6c508cZ5h3JAhPKpdPRjPnoOfpaPKY7R63r2zvypuBkxt8UdEsnA-DpMjDUV3-yr0Ua6xzSlOl9Hc8ptKyecCIsHysGkrtCe_UMS8bTSHb1pxVQWW3dmFgsRRm4MNlGOnRkeIfKdPu5v8RIVF6ID90WmZM6_f9y8XRvwt6cdAbkkAHcT0_98.NCRa_fYqKjIXIC6R_MwOSvrW9x2nVJnZJfxobazisK0&dib_tag=se&keywords=kids+sunscreen+mineral+SPF+30+broad+spectrum+water+resistant+gentle+natural+reef+safe+lotion&nsdOptOutParam=true&qid=1778019968&rdc=1,HIGH,brand:alba botanica|spf:30|form:lotion_cream,The Hain Celestial,ALBA,cleaned_labeler,ALBA KIDS MINERAL SUNBLOCK SPF 30,"ALBA KIDS MINERAL SUNBLOCK SPF 30 (ZINC OXIDE, TITANIUM DIOXIDE) CREAM [THE HAIN CELESTIAL GROUP, INC.]","THE HAIN CELESTIAL GROUP, INC.",sunscreen,cream,TRUE,TRUE,FALSE,TRUE,2,Zinc Oxide: 14.5 g in 100 g; Titanium Dioxide: 2.0 g in 100 g,1,Zinc Oxide 14.5% Titanium Dioxide,spl_xml,61995-2388-4,61995-2388-4,kids,"Oct 09, 2010",1,https://dailymed.nlm.nih.gov/dailymed/drugInfo.cfm?setid=b6d957f8-46f4-40ac-ab19-04718a719057,
e6b965a9-8dab-485f-b8f1-8f7dcb453e6e,B0GQJQSBYH,https://www.amazon.com/Solbar-Sunscreen-Transparent-Spectrum-Resistant/dp/B0GQJQSBYH/ref=sr_1_6?dib=eyJ2IjoiMSJ9.RfDPVE_Z6BlgjuGoxHkHi7DdcFVDipRowKgoJuLeSuAa88u72D-K9ArNfEBqCPLi6PLDlietRA_fFYt3pYaBBEUnIWWkoBO-nIdpMJi_lQOi8X-nJoBsDo1KwZ4D3hT6nHWNwJcCYymI9chNguAtYzz8APTIaRJfl7uoF8haYv3nYfGSowczF5Mfsid55lERwQkOVWO4Vo_Hpyz36ZsZyEWc70wtGdFGOZl9iVECmFc6yvaRrDQQGBVTxVWhI15tvX617zjUMbdtw3_noZhgHCxCEa7uQ1z4V-EiCLKHwcM.VmbwYB3TPuWQSV-nvxjaGPD4xPydBl7ycMB1oN03rgA&dib_tag=se&keywords=kids+sunscreen+hybrid+SPF+30+zinc+oxide+octinoxate+broad+spectrum+water+resistant&nsdOptOutParam=true&qid=1778019972&sr=8-6,HIGH,brand:solbar|spf:40|form:lotion_cream,Fallien Cosmeceuticals,FALLIEN COSMECEUTICALS,cleaned_labeler,COTZ PEDIATRIC SPF 40 SUNSCREEN,"COTZ PEDIATRIC SPF 40 SUNSCREEN (ZINC OXIDE) LOTION [FALLIEN COSMECEUTICALS, LTD.]","FALLIEN COSMECEUTICALS, LTD.",sunscreen,lotion,TRUE,FALSE,FALSE,TRUE,1,Zinc Oxide: 200 mg in 1 g,23,Alkyl (C12-15) Benzoate; Caprylhydroxamic Acid; Caprylyl Glycol; Cetyl PEG/PPG-10/1 Dimethicone (HLB 5); Cyclomethicone 6; Cyclomethicone 5; Dimethicone 100; Dimethicone/Diene Dimethicone Crosspolymer; Edetate Disodium; Methicone (20 cst); Microcrystalline Wax; PEG-10 Dimethicone (600 cst); PEG-30 Dipolyhydroxystearate; Polyglyceryl-4 Isostearate; Polyhydroxystearic Acid (2300 MW); Polysorbate 20; Sodium Chloride; Stearyl Dimethicone (400 MPA.S AT 50C); Tetrahexyldecyl Ascorbate; .Alpha.-Tocopherol Acetate; Trolamine; Triethoxycaprylylsilane; Water,spl_xml,58892-518-01,58892-518-01,pediatric,"Dec 27, 2012",1,https://dailymed.nlm.nih.gov/dailymed/drugInfo.cfm?setid=e6b965a9-8dab-485f-b8f1-8f7dcb453e6e,
cd69df67-5231-4a75-a9fb-a8669806a892,B0BFJVZPDC,https://www.amazon.com/CeraVe-Hydrating-Sunscreen-Hyaluronic-Niacinamides/dp/B0BFJVZPDC/ref=sr_1_28?dib=eyJ2IjoiMSJ9.DEX9UfrqkibFfbocL-WB3Os_J5RLPayDMbPNifyDIaZ_OvOFJ8Ygga9A-6K-EtqPEukp3vx1U2Y7mZMcS64iu7nNp27cP5fUlKsajHWHKQQNZw5w8PtSXHXiA4wUPorhd8MXv2cbb6qV77C8HqtTSqj2YmNCVOEMR1BMlF8asqbhzvEKQvfhjlySUZAbO9OfRJa14SbkphgRgHeMlIroKBTVYMR-Z59nj6MxoVbyhMnN4rMLsWxFr-dJ4RxVqTxkZ3qhuIzivIGVJ_xLBIppQ8zVbBLZBlJYdyXWP-X6Z6w.lku0jt6P7xnY6gVjWPKiLZUgdNdHNdoTM0WJBha_GCU&dib_tag=se&keywords=baby+sunscreen+SPF+30+mineral+broad+spectrum+lotion&nsdOptOutParam=true&qid=1778020011&sr=8-28,HIGH,"brand:cerave|spf:30|form:lotion_cream|kw:face,body,hydrating",CERAVE,L'OREAL,title_prefix,CERAVE DEVELOPED WITH DERMATOLOGISTS HYDRATING SHEER SUNSCREEN BROAD SPECTRUM SPF 30 FACE AND BODY WATER RESISTANT 80 MINUTES HYBRID FORMULA,"CERAVE DEVELOPED WITH DERMATOLOGISTS HYDRATING SHEER SUNSCREEN BROAD SPECTRUM SPF 30 FACE AND BODY WATER RESISTANT 80 MINUTES HYBRID FORMULA (HOMOSALATE, OCTISALATE, OCTOCRYLENE, AND ZINC OXIDE) LOTION [L'OREAL USA PRODUCTS, INC.]","L'OREAL USA PRODUCTS, INC.",sunscreen,lotion,TRUE,FALSE,TRUE,TRUE,4,HOMOSALATE: 60 mg in 1 mL; OCTISALATE: 50 mg in 1 mL; OCTOCRYLENE: 50 mg in 1 mL; ZINC OXIDE: 70 mg in 1 mL,47,WATER; ALKYL (C12-15) BENZOATE; ISOHEXADECANE; ISONONYL ISONONANOATE; DICAPRYLYL ETHER; PEG-30 DIPOLYHYDROXYSTEARATE; TRIETHYLHEXANOIN; POLYGLYCERYL-4 ISOSTEARATE; DICAPRYLYL CARBONATE; ACRYLIC ACID/ETHYLENE COPOLYMER (600 MPA.S); TROLAMINE; SILICON DIOXIDE; STEARIC ACID; CERAMIDE NP; CERAMIDE AP; CERAMIDE 1; CARBOMER HOMOPOLYMER TYPE B (ALLYL SUCROSE CROSSLINKED); NIACINAMIDE; CETOSTEARYL ALCOHOL; TRIETHOXYCAPRYLYLSILANE; BEHENTRIMONIUM METHOSULFATE; SODIUM CHLORIDE; SALICYLIC ACID; HYALURONATE SODIUM; SODIUM LAUROYL LACTYLATE; CHOLESTEROL; ALUMINUM STEARATE; ALUMINUM OXIDE; ALUMINUM HYDROXIDE; FERRIC OXIDE RED; PHENOXYETHANOL; P-ANISIC ACID; CHLORPHENESIN; TOCOPHEROL; EDETATE DISODIUM; DISODIUM STEAROYL GLUTAMATE; PROPYLENE CARBONATE; CITRIC ACID MONOHYDRATE; CAPRYLYL GLYCOL; CAPRYLOYL SALICYLIC ACID; MEDIUM-CHAIN TRIGLYCERIDES; DIETHYLHEXYL SYRINGYLIDENEMALONATE; DISTEARDIMONIUM HECTORITE; XANTHAN GUM; PHYTOSPHINGOSINE; PHYTOSPHINGOSINE HYDROCHLORIDE; ETHYLHEXYLGLYCERIN,spl_xml,49967-832-01,49967-832-01; 49967-832-02; 49967-832-03,cerave,"Jul 10, 2025",3,https://dailymed.nlm.nih.gov/dailymed/drugInfo.cfm?setid=cd69df67-5231-4a75-a9fb-a8669806a892,
7d9e8c07-d295-4c8e-a52f-bdb509dc489b,B07KLQJ66T,https://www.amazon.com/CeraVe-Mineral-Sunscreen-Titanium-Sensitive/dp/B07KLQJ66T/ref=sr_1_21?dib=eyJ2IjoiMSJ9.RfDPVE_Z6BlgjuGoxHkHi7DdcFVDipRowKgoJuLeSuAa88u72D-K9ArNfEBqCPLi6PLDlietRA_fFYt3pYaBBEUnIWWkoBO-nIdpMJi_lQOi8X-nJoBsDo1KwZ4D3hT6nHWNwJcCYymI9chNguAtYzz8APTIaRJfl7uoF8haYv3nYfGSowczF5Mfsid55lERwQkOVWO4Vo_Hpyz36ZsZyEWc70wtGdFGOZl9iVECmFc6yvaRrDQQGBVTxVWhI15tvX617zjUMbdtw3_noZhgHCxCEa7uQ1z4V-EiCLKHwcM.VmbwYB3TPuWQSV-nvxjaGPD4xPydBl7ycMB1oN03rgA&dib_tag=se&keywords=kids+sunscreen+hybrid+SPF+30+zinc+oxide+octinoxate+broad+spectrum+water+resistant&nsdOptOutParam=true&qid=1778019972&sr=8-21,HIGH,brand:cerave|spf:30|form:lotion_cream,CERAVE,LOREAL,title_prefix,CERAVE FACIAL MOISTURIZING WITH SUNSCREEN BROAD SPECTRUM SPF 30,"CERAVE FACIAL MOISTURIZING WITH SUNSCREEN BROAD SPECTRUM SPF 30 (HOMOSALATE, OCTINOXATE, OCTISALATE, OCTOCRYLENE AND ZINC OXIDE) LOTION [L&RSQUO;OREAL USA PRODUCTS INC]",L&RSQUO;OREAL USA PRODUCTS INC,sunscreen,lotion,TRUE,FALSE,TRUE,TRUE,5,HOMOSALATE: 100 mg in 1 mL; OCTINOXATE: 50 mg in 1 mL; OCTISALATE: 50 mg in 1 mL; OCTOCRYLENE: 20 mg in 1 mL; ZINC OXIDE: 80 mg in 1 mL,28,WATER; NIACINAMIDE; CETEARYL ALCOHOL; GLYCERIN; PROPANEDIOL; DIMETHICONE; BEHENTRIMONIUM METHOSULFATE; BHT; CERAMIDE NP; CERAMIDE AP; CARBOMER; TRIETHOXYCAPRYLYLSILANE; TRIETHYL CITRATE; SODIUM LAUROYL LACTYLATE; SODIUM HYALURONATE; SODIUM PHOSPHATE; CHOLESTEROL; ALUMINUM STARCH OCTENYLSUCCINATE; PHENOXYETHANOL; DISODIUM PHOSPHATE; HYDROXYETHYLCELLULOSE; HYDROXYACETOPHENONE; CAPRYLYL GLYCOL; TRISODIUM ETHYLENEDIAMINE DISUCCINATE; PHYTOSPHINGOSINE; XANTHAN GUM; POLYSORBATE 60; BENZOIC ACID,spl_xml,49967-346-01,49967-346-01; 49967-346-02; 49967-346-03; 49967-346-04; 49967-346-05; 49967-346-06,cerave,"Mar 28, 2025",2,https://dailymed.nlm.nih.gov/dailymed/drugInfo.cfm?setid=7d9e8c07-d295-4c8e-a52f-bdb509dc489b,
a1cab79d-0151-49ee-86dc-c2739842e62e,B07YLKXV11,https://www.amazon.com/CeraVe-Sunscreen-Hydrating-Mineral-Titanium/dp/B07YLKXV11/ref=sr_1_3?dib=eyJ2IjoiMSJ9.e7bA-DwPMDbpn62IOil9x8S194P7tIis42mUtqy6Vdh6-c8vneL6p6UPBYYtYb1bShux3sVt3al_ANw_t-w_JcibDhSnuNR8tXvLJmO1OBb3PCTYyw69IoEoGkJL9plsbGBlzfadHwMCUb7_uXkHi6CQtG_pIOCbK7NJirDoUAbJaYp4WIRBUxyYhABfsmmGXbqXXOoG-XIpsfIF5AYqdMpWJY8Dyo5M0S6q6XFQoowNF-RU5m9DZX-0K6vislfEmipkRiYI3BJocyoZ-iMwhhHCyaVf7Va6VRzwC21s67w.iymyCYrnCNo31LiY7HWrLu9JNapu3ZOzi4413Tu7myk&dib_tag=se&keywords=kids+sunscreen+face+daily+moisturizer+mineral+SPF+30+tinted&nsdOptOutParam=true&qid=1778019985&sr=8-3,HIGH,"brand:cerave|spf:30|form:lotion_cream|kw:hydrating,tint,sheer",CERAVE,CERAVE HYDRATING,title_prefix,CERAVE HYDRATING MINERAL SUNSCREEN BROAD SPECTRUM SPF 30 DEEP SHEER TINT,CERAVE HYDRATING MINERAL SUNSCREEN BROAD SPECTRUM SPF 30 DEEP SHEER TINT (TITANIUM DIOXIDE AND ZINC OXIDE) LOTION [L'OREAL USA PRODUCTS INC],L'OREAL USA PRODUCTS INC,sunscreen,lotion,TRUE,TRUE,FALSE,TRUE,2,TITANIUM DIOXIDE: 55 mg in 1 mL; ZINC OXIDE: 100 mg in 1 mL,44,WATER; C12-15 ALKYL BENZOATE; ISOHEXADECANE; ISONONYL ISONONANOATE; DICAPRYLYL ETHER; PEG-30 DIPOLYHYDROXYSTEARATE; TRIETHYLHEXANOIN; POLYGLYCERYL-4 ISOSTEARATE; DICAPRYLYL CARBONATE; STEARIC ACID; CERAMIDE NP; CERAMIDE AP; CARBOMER; NIACINAMIDE; GLYCINE SOJA (SOYBEAN) OIL; CETEARYL ALCOHOL; TRIETHOXYCAPRYLYLSILANE; BEHENTRIMONIUM METHOSULFATE; TRIETHYL CITRATE; SODIUM CHLORIDE; SODIUM HYALURONATE; SODIUM LAUROYL LACTYLATE; CHOLESTEROL; ALUMINUM STEARATE; ALUMINA; ALUMINUM HYDROXIDE; PHENOXYETHANOL; IRON OXIDES; P-ANISIC ACID; CHLORPHENESIN; TOCOPHEROL; DISODIUM STEAROYL GLUTAMATE; PROPYLENE CARBONATE; CITRIC ACID; CAPRYLYL GLYCOL; CAPRYLOYL SALICYLIC ACID; CAPRYLIC/CAPRIC TRIGLYCERIDE; TRISODIUM ETHYLENEDIAMINE DISUCCINATE; DIETHYLHEXYL SYRINGYLIDENEMALONATE; DISTEARDIMONIUM HECTORITE; XANTHAN GUM; PHYTOSPHINGOSINE; POLYHYDROXYSTEARIC ACID (2300 MW); BENZOIC ACID,spl_xml,49967-903-01,49967-903-01,cerave,"Dec 25, 2024",1,https://dailymed.nlm.nih.gov/dailymed/drugInfo.cfm?setid=a1cab79d-0151-49ee-86dc-c2739842e62e,
f2e34230-7bfb-455f-8b33-6bff96fd9f0a,B07YLKXV11,https://www.amazon.com/CeraVe-Sunscreen-Hydrating-Mineral-Titanium/dp/B07YLKXV11/ref=sr_1_3?dib=eyJ2IjoiMSJ9.e7bA-DwPMDbpn62IOil9x8S194P7tIis42mUtqy6Vdh6-c8vneL6p6UPBYYtYb1bShux3sVt3al_ANw_t-w_JcibDhSnuNR8tXvLJmO1OBb3PCTYyw69IoEoGkJL9plsbGBlzfadHwMCUb7_uXkHi6CQtG_pIOCbK7NJirDoUAbJaYp4WIRBUxyYhABfsmmGXbqXXOoG-XIpsfIF5AYqdMpWJY8Dyo5M0S6q6XFQoowNF-RU5m9DZX-0K6vislfEmipkRiYI3BJocyoZ-iMwhhHCyaVf7Va6VRzwC21s67w.iymyCYrnCNo31LiY7HWrLu9JNapu3ZOzi4413Tu7myk&dib_tag=se&keywords=kids+sunscreen+face+daily+moisturizer+mineral+SPF+30+tinted&nsdOptOutParam=true&qid=1778019985&sr=8-3,HIGH,"brand:cerave|spf:30|form:lotion_cream|kw:hydrating,tint,sheer",CERAVE,L'OREAL,title_prefix,CERAVE DEVELOPED WITH DERMATOLOGISTS HYDRATING MINERAL SUNSCREEN BROAD SPECTRUM SPF 30 FACE SHEER TINT SUNSCREEN,"CERAVE DEVELOPED WITH DERMATOLOGISTS HYDRATING MINERAL SUNSCREEN BROAD SPECTRUM SPF 30 FACE SHEER TINT SUNSCREEN (TITANIUM DIOXIDE AND ZINC OXIDE) LOTION [L'OREAL USA PRODUCTS, INC.]","L'OREAL USA PRODUCTS, INC.",sunscreen,lotion,TRUE,TRUE,FALSE,TRUE,2,TITANIUM DIOXIDE: 55 mg in 1 mL; ZINC OXIDE: 100 mg in 1 mL,47,WATER; ALKYL (C12-15) BENZOATE; ISOHEXADECANE; ISONONYL ISONONANOATE; DICAPRYLYL ETHER; PEG-30 DIPOLYHYDROXYSTEARATE; TRIETHYLHEXANOIN; POLYGLYCERYL-4 ISOSTEARATE; DICAPRYLYL CARBONATE; ACRYLIC ACID/ETHYLENE COPOLYMER (600 MPA.S); STEARIC ACID; CERAMIDE NP; CERAMIDE AP; CERAMIDE 1; CARBOMER HOMOPOLYMER TYPE B (ALLYL SUCROSE CROSSLINKED); NIACINAMIDE; GLYCINE SOJA (SOYBEAN) OIL; CETOSTEARYL ALCOHOL; TRIETHOXYCAPRYLYLSILANE; BEHENTRIMONIUM METHOSULFATE; TRIETHYL CITRATE; SODIUM CHLORIDE; HYALURONATE SODIUM; SODIUM LAUROYL LACTYLATE; CHOLESTEROL; ALUMINUM STEARATE; ALUMINUM OXIDE; ALUMINUM HYDROXIDE; FERRIC OXIDE RED; PHENOXYETHANOL; P-ANISIC ACID; CHLORPHENESIN; TOCOPHEROL; EDETATE DISODIUM; DISODIUM STEAROYL GLUTAMATE; PROPYLENE CARBONATE; CITRIC ACID MONOHYDRATE; CAPRYLYL GLYCOL; CAPRYLOYL SALICYLIC ACID; MEDIUM-CHAIN TRIGLYCERIDES; TRISODIUM ETHYLENEDIAMINE DISUCCINATE; DIETHYLHEXYL SYRINGYLIDENEMALONATE; DISTEARDIMONIUM HECTORITE; XANTHAN GUM; PHYTOSPHINGOSINE; POLYHYDROXYSTEARIC ACID (2300 MW); BENZOIC ACID,spl_xml,49967-231-01,49967-231-01; 49967-231-02,cerave,"Dec 23, 2024",3,https://dailymed.nlm.nih.gov/dailymed/drugInfo.cfm?setid=f2e34230-7bfb-455f-8b33-6bff96fd9f0a,
2138f86b-3937-4c2b-9568-d40a745b637d,B07KLQJ66T,https://www.amazon.com/CeraVe-Mineral-Sunscreen-Titanium-Sensitive/dp/B07KLQJ66T/ref=sr_1_21?dib=eyJ2IjoiMSJ9.RfDPVE_Z6BlgjuGoxHkHi7DdcFVDipRowKgoJuLeSuAa88u72D-K9ArNfEBqCPLi6PLDlietRA_fFYt3pYaBBEUnIWWkoBO-nIdpMJi_lQOi8X-nJoBsDo1KwZ4D3hT6nHWNwJcCYymI9chNguAtYzz8APTIaRJfl7uoF8haYv3nYfGSowczF5Mfsid55lERwQkOVWO4Vo_Hpyz36ZsZyEWc70wtGdFGOZl9iVECmFc6yvaRrDQQGBVTxVWhI15tvX617zjUMbdtw3_noZhgHCxCEa7uQ1z4V-EiCLKHwcM.VmbwYB3TPuWQSV-nvxjaGPD4xPydBl7ycMB1oN03rgA&dib_tag=se&keywords=kids+sunscreen+hybrid+SPF+30+zinc+oxide+octinoxate+broad+spectrum+water+resistant&nsdOptOutParam=true&qid=1778019972&sr=8-21,HIGH,brand:cerave|spf:30|form:lotion_cream,CERAVE,L'OREAL,title_prefix,CERAVE AM FACIAL MOISTURIZING BROAD SPECTRUM SPF 30 SUNSCREEN,"CERAVE AM FACIAL MOISTURIZING BROAD SPECTRUM SPF 30 SUNSCREEN (HOMOSALATE, MERADIMATE, OCTINOXATE, ZINC OXIDE, AND OCTOCRYLENE) LOTION [L'OREAL USA PRODUCTS, INC.]","L'OREAL USA PRODUCTS, INC.",sunscreen,lotion,TRUE,FALSE,TRUE,TRUE,5,Homosalate: 100 mg in 1 mL; MERADIMATE: 50 mg in 1 mL; Octinoxate: 50 mg in 1 mL; Octocrylene: 20 mg in 1 mL; Zinc oxide: 63 mg in 1 mL,21,WATER; NIACINAMIDE; CETOSTEARYL ALCOHOL; GLYCERIN; DIMETHICONE; BEHENTRIMONIUM METHOSULFATE; CERAMIDE 3; CERAMIDE 6 II; CERAMIDE 1; HYALURONIC ACID; SODIUM HYDROXIDE; ALUMINUM STARCH OCTENYLSUCCINATE; HYDROXYETHYL CELLULOSE (4000 MPA.S AT 1%); METHYLPARABEN; EDETATE DISODIUM; PROPYLPARABEN; SODIUM LAUROYL LACTYLATE; PHYTOSPHINGOSINE; CHOLESTEROL; CARBOMER HOMOPOLYMER TYPE A (ALLYL PENTAERYTHRITOL CROSSLINKED); XANTHAN GUM,spl_xml,49967-015-01,49967-015-01; 49967-015-02; 49967-015-03; 49967-015-04; 49967-015-05; 49967-015-06,cerave,"Jan 01, 2024",7,https://dailymed.nlm.nih.gov/dailymed/drugInfo.cfm?setid=2138f86b-3937-4c2b-9568-d40a745b637d,
50542a3b-2ef0-452f-b463-79b41e10d1e0,B07KLQJ66T,https://www.amazon.com/CeraVe-Mineral-Sunscreen-Titanium-Sensitive/dp/B07KLQJ66T/ref=sr_1_21?dib=eyJ2IjoiMSJ9.RfDPVE_Z6BlgjuGoxHkHi7DdcFVDipRowKgoJuLeSuAa88u72D-K9ArNfEBqCPLi6PLDlietRA_fFYt3pYaBBEUnIWWkoBO-nIdpMJi_lQOi8X-nJoBsDo1KwZ4D3hT6nHWNwJcCYymI9chNguAtYzz8APTIaRJfl7uoF8haYv3nYfGSowczF5Mfsid55lERwQkOVWO4Vo_Hpyz36ZsZyEWc70wtGdFGOZl9iVECmFc6yvaRrDQQGBVTxVWhI15tvX617zjUMbdtw3_noZhgHCxCEa7uQ1z4V-EiCLKHwcM.VmbwYB3TPuWQSV-nvxjaGPD4xPydBl7ycMB1oN03rgA&dib_tag=se&keywords=kids+sunscreen+hybrid+SPF+30+zinc+oxide+octinoxate+broad+spectrum+water+resistant&nsdOptOutParam=true&qid=1778019972&sr=8-21,HIGH,brand:cerave|spf:30|form:lotion_cream,CERAVE,CERAVE,title_prefix,CERAVE DEVELOPED WITH DERMATOLOGISTS SKIN RENEWING BROAD SPECTRUM SPF 30 DAY,CERAVE DEVELOPED WITH DERMATOLOGISTS SKIN RENEWING BROAD SPECTRUM SPF 30 DAY (OCTINOXATE AND ZINC OXIDE) CREAM [L'OREAL USA PRODUCTS INC.],L'OREAL USA PRODUCTS INC.,sunscreen,cream,TRUE,FALSE,TRUE,TRUE,2,OCTINOXATE: 75 mg in 1 g; ZINC OXIDE: 105 mg in 1 g,41,"WATER; CYCLOMETHICONE; PENTYLENE GLYCOL; PHENYL TRIMETHICONE; CETOSTEARYL ALCOHOL; PEG-40 STEARATE; DIMETHICONE; GLYCERIN; STEARYL ALCOHOL; PHENOXYETHANOL; HYDROXYETHYL ACRYLATE/SODIUM ACRYLOYLDIMETHYL TAURATE COPOLYMER (100000 MPA.S AT 1.5%); CERAMIDE NP; CERAMIDE AP; CERAMIDE 1; POTASSIUM CETYL PHOSPHATE; SQUALANE; PHYTOSPHINGOSINE; CHOLESTEROL; LECITHIN, SOYBEAN; HYDROGENATED PALM GLYCERIDES; BEHENTRIMONIUM METHOSULFATE; POLYSORBATE 60; HYALURONIC ACID; RETINOL; EDETATE DISODIUM; XANTHAN GUM; IRIS GERMANICA VAR. FLORENTINA ROOT; POLYOXYL 20 CETOSTEARYL ETHER; DIMETHICONE/VINYL DIMETHICONE CROSSPOLYMER (SOFT PARTICLE); POLYSORBATE 20; CHLORPHENESIN; SODIUM LAUROYL LACTYLATE; TETRAHEXYLDECYL ASCORBATE; ALCOHOL; BUTYLENE GLYCOL; ETHYLHEXYLGLYCERIN; DIMETHICONE CROSSPOLYMER (450000 MPA.S AT 12% IN CYCLOPENTASILOXANE); SODIUM POLYACRYLATE (8000 MW); SODIUM HYDROXIDE; CARBOXYPOLYMETHYLENE; CITRIC ACID MONOHYDRATE",spl_xml,49967-900-01,49967-900-01; 49967-900-02,cerave,"Jan 01, 2024",4,https://dailymed.nlm.nih.gov/dailymed/drugInfo.cfm?setid=50542a3b-2ef0-452f-b463-79b41e10d1e0,
8e94e203-d3cf-45a1-88f9-6999f0aab22b,B07KLQJ66T,https://www.amazon.com/CeraVe-Mineral-Sunscreen-Titanium-Sensitive/dp/B07KLQJ66T/ref=sr_1_21?dib=eyJ2IjoiMSJ9.RfDPVE_Z6BlgjuGoxHkHi7DdcFVDipRowKgoJuLeSuAa88u72D-K9ArNfEBqCPLi6PLDlietRA_fFYt3pYaBBEUnIWWkoBO-nIdpMJi_lQOi8X-nJoBsDo1KwZ4D3hT6nHWNwJcCYymI9chNguAtYzz8APTIaRJfl7uoF8haYv3nYfGSowczF5Mfsid55lERwQkOVWO4Vo_Hpyz36ZsZyEWc70wtGdFGOZl9iVECmFc6yvaRrDQQGBVTxVWhI15tvX617zjUMbdtw3_noZhgHCxCEa7uQ1z4V-EiCLKHwcM.VmbwYB3TPuWQSV-nvxjaGPD4xPydBl7ycMB1oN03rgA&dib_tag=se&keywords=kids+sunscreen+hybrid+SPF+30+zinc+oxide+octinoxate+broad+spectrum+water+resistant&nsdOptOutParam=true&qid=1778019972&sr=8-21,HIGH,"brand:cerave|spf:30|form:lotion_cream|kw:hydrating,greasy,ceramides",CERAVE,CERAVE,title_prefix,"CERAVE DEVELOPED WITH DERMATOLOGISTS HYDRATING SUNSCREEN SPF 30 FACE LIGHTWEIGHT, NON-GREASY FEEL 3 ESSENTIAL CERAMIDES NIACINAMIDE MINERAL SUNSCREEN","CERAVE DEVELOPED WITH DERMATOLOGISTS HYDRATING SUNSCREEN SPF 30 FACE LIGHTWEIGHT, NON-GREASY FEEL 3 ESSENTIAL CERAMIDES NIACINAMIDE MINERAL SUNSCREEN (TITANIUM DIOXIDE AND ZINC OXIDE) LOTION [L'OREAL USA PRODUCTS INC]",L'OREAL USA PRODUCTS INC,sunscreen,lotion,TRUE,TRUE,FALSE,TRUE,2,TITANIUM DIOXIDE: 60 mg in 1 mL; ZINC OXIDE: 50 mg in 1 mL,40,WATER; GLYCERIN; ALKYL (C12-15) BENZOATE; DIMETHICONE; ISODODECANE; GLYCERYL MONOSTEARATE; BUTYLOCTYL SALICYLATE; PROPANEDIOL; STEARIC ACID; PEG-100 STEARATE; SORBITAN MONOSTEARATE; NIACINAMIDE; PEG-8 LAURATE; CERAMIDE NP; CERAMIDE AP; CERAMIDE 1; SORBITAN ISOSTEARATE; CARBOXYPOLYMETHYLENE; CETOSTEARYL ALCOHOL; POLYOXYL 20 CETOSTEARYL ETHER; TRIETHOXYCAPRYLYLSILANE; SODIUM CITRATE; SODIUM LAUROYL LACTYLATE; SODIUM DODECYLBENZENESULFONATE; MYRISTIC ACID; HYALURONATE SODIUM; CHOLESTEROL; ALUMINUM HYDROXIDE; PALMITIC ACID; PHENOXYETHANOL; CHLORPHENESIN; HYDROXYETHYL ACRYLATE/SODIUM ACRYLOYLDIMETHYL TAURATE COPOLYMER (45000 MPA.S AT 1%); CAPRYLYL GLYCOL; CITRIC ACID ACETATE; PANTHENOL; XANTHAN GUM; PHYTOSPHINGOSINE; POLYHYDROXYSTEARIC ACID STEARATE; POLYSORBATE 60; ETHYLHEXYLGLYCERIN,spl_xml,49967-150-01,49967-150-01; 49967-150-02; 49967-150-03,cerave,"Jan 01, 2024",3,https://dailymed.nlm.nih.gov/dailymed/drugInfo.cfm?setid=8e94e203-d3cf-45a1-88f9-6999f0aab22b,
f2788a1a-daf6-4b7d-8333-585a380ebe57,B0F1XSFP5Z,https://www.amazon.com/Thinkbaby-Sunscreen-Sensitive-Protection-Resistant/dp/B0F1XSFP5Z/ref=sr_1_45?dib=eyJ2IjoiMSJ9.v8W8su3z-BD3cYaDgyqrx-i5sqsY5wIEwEJEQid0zB6wd0oemCwiyJWD-yxl8N_gTvpTXwaegOy3dwTPddSgBltTRXJn0dDMuu65EmsaeGn-Y0NpMoyyg87I6mL8AXSZGUJvrGL0pDcbafSN-NX44zMU705zW2QdcyoiFLWZYrQ-QFtV53_4ineyp3TDolEZhxmno14Tpp9JBELufwqrVHpoCUBI8c4uhYQCZDFCEDsFMhVKemlvwZkKaNY4idUSsJyTZ8JjpnRk9ik0dvGPLQBulPw5WRB1S80s2Qubzns.dMwfeCvkhL7NluCmZmt263yodPaIfARf3H9NgFZHqV0&dib_tag=se&keywords=infant+sun+cream+mineral+zinc+oxide+0-6+months+pediatrician+sensitive&nsdOptOutParam=true&qid=1778019955&sr=8-45,HIGH,brand:thinkbaby|spf:50|form:lotion_cream,Thinkbaby,THINKOPERATIONS,title_prefix,THINKBABY SPF 50,"THINKBABY SPF 50 (ZINC OXIDE) LOTION [THINKOPERATIONS,LLC]","THINKOPERATIONS,LLC",sunscreen,lotion,TRUE,FALSE,FALSE,TRUE,1,ZINC OXIDE: 234 mg in 1 mL,22,WATER; MEDIUM-CHAIN TRIGLYCERIDES; POLYGLYCERYL-4 ISOSTEARATE; GLYCERIN; HYDROGENATED METHYL ABIETATE; HEXYL LAURATE; CETYL DIMETHICONE 150; HYDROGENATED CASTOR OIL; MAGNESIUM SULFATE ANHYDROUS; SUNFLOWER OIL; JOJOBA OIL; .ALPHA.-TOCOPHEROL; OLIVE OIL; RASPBERRY SEED OIL; HYALURONATE SODIUM; PAPAYA JUICE; CITRUS PARADISI FRUIT OIL; SORBITAN SESQUIOLEATE; CAPRYLHYDROXAMIC ACID; TRIETHOXYCAPRYLYLSILANE; GLYCERYL MONOCAPRYLATE; CRANBERRY SEED OIL,spl_xml,60781-4417-3,60781-4417-3; 60781-4417-6,thinkbaby,"Feb 27, 2025",3,https://dailymed.nlm.nih.gov/dailymed/drugInfo.cfm?setid=f2788a1a-daf6-4b7d-8333-585a380ebe57,
86249f33-e635-4455-a039-3a25aa3478df,B0GS73WNP1,https://www.amazon.com/Thinkbaby-Sunscreen-Sensitive-Protection-80-Minute/dp/B0GS73WNP1/ref=sr_1_3?dib=eyJ2IjoiMSJ9.S8v882f0HaFDU6L8Kg3Cqd8dTj_7VUYonCK3eNDhGgIB3oZpgOpWxWaXS021nfCNxSZrdBk3rOWC3eiaEvBWib_VFz-NBXjVNUetiHw3e2OqgN0QiIcNWQXtKs4sak_BQDSgTnR9ZT_BynS8USRML9Uakum6RUt-RSxZlqAoC5FitYPR7SNFubGIOmOaIlJWqKnAn0sQoPv55hFwSSZYPeY2S0qTxn4ixOJJEmgVvl4AX410HN45rEBxP6S6s2cco1SiNva8-FofhntO1_t4EatfcHu1Cl6agN1Uwv3aAlA.U-AV6wyKtFr_ENXl00Z05TZAbKp-Q_LDQFkULh8kFjY&dib_tag=se&keywords=kids+sunscreen+stick+SPF+30+mineral+water+resistant+broad+spectrum+face+on+the+go&nsdOptOutParam=true&qid=1778019957&sr=8-3,HIGH,brand:thinkbaby|spf:30|form:stick,Thinkbaby,THINKOPERATIONS,title_prefix,THINKBABY SUNSCREEN SPF 30,"THINKBABY SUNSCREEN SPF 30 (ZINC OXIDE) STICK [THINKOPERATIONS,LLC]","THINKOPERATIONS,LLC",sunscreen,stick,TRUE,FALSE,FALSE,TRUE,1,ZINC OXIDE: 200 mg in 1 g,10,SUNFLOWER OIL; COCONUT OIL; WHITE WAX; CANDELILLA WAX; CASTOR OIL; CARNAUBA WAX; SHEA BUTTER; COCOA BUTTER; TOCOPHEROL; ALOE VERA LEAF,spl_xml,60781-2003-1,60781-2003-1,thinkbaby,"Aug 08, 2024",3,https://dailymed.nlm.nih.gov/dailymed/drugInfo.cfm?setid=86249f33-e635-4455-a039-3a25aa3478df,
b2422785-bd35-4248-a68f-fb4b1492a4cd,B09SQD2CLF,https://www.amazon.com/Thinksport-Clear-Zinc-Active-Face/dp/B09SQD2CLF/ref=sr_1_101?dib=eyJ2IjoiMSJ9.bmCkm7UDHGcYxaCKpJ-Z_BBTb7XdeHyiq9K3cDDIXQwfP4WH4YzT2T1bGJ3HZdAEU-WAJ7MDMgWRtIxFWZZ-mDjUUZ0wujMZxHTDauvkx5-eig4CpI1qZqmQW0eq92izPQGKC4sC25yh_nxsWbED-MX8KekaP62c-345LyO1pmC1o8vXtQh-yYC9cpknN8er0Tb_CO2GdHCZbfoZY5_PNo8F4LvKMId2ZsARocQkUizA_K0e06AOlgpD8oD5Ui0Ew6DfNN8r7LXIt-frWvOgjYFNjXWtEsqo5o-_gE22_3g.yIHbXTWyzPQAmjfvJJp2EgSnlpPlzz5c0GAuOyk-NPE&dib_tag=se&keywords=kids+sport+sunscreen+sweat+resistant+SPF+50+broad+spectrum&nsdOptOutParam=true&qid=1778020000,HIGH,brand:thinksport|spf:50|form:lotion_cream|kw:face,Thinksport,THINKOPERATIONS,title_prefix,THINKSPORT DAILY FACE SPF 50,"THINKSPORT DAILY FACE SPF 50 (ZINC OXIDE) LOTION [THINKOPERATIONS,LLC]","THINKOPERATIONS,LLC",sunscreen,lotion,TRUE,FALSE,FALSE,TRUE,1,ZINC OXIDE: 234 mg in 1 mL,19,WATER; MEDIUM-CHAIN TRIGLYCERIDES; POLYGLYCERYL-4 ISOSTEARATE; GLYCERIN; GLYCERYL ABIETATE; HEXYL LAURATE; CETYL DIMETHICONE 150; ALOE VERA LEAF; HYDROGENATED CASTOR OIL; MAGNESIUM SULFATE ANHYDROUS; .ALPHA.-TOCOPHEROL; HYALURONATE SODIUM; PAPAYA; BLACK CURRANT; CITRUS PARADISI FRUIT OIL; SORBITAN SESQUIOLEATE; CAPRYLHYDROXAMIC ACID; TRIETHOXYCAPRYLYLSILANE; GLYCERYL MONOCAPRYLATE,spl_xml,60781-4421-1,60781-4421-1,thinksport,"Jul 25, 2024",1,https://dailymed.nlm.nih.gov/dailymed/drugInfo.cfm?setid=b2422785-bd35-4248-a68f-fb4b1492a4cd,
2cecda56-4860-4d35-abc2-2bb9bdf35eae,B09SQD9ZF1,https://www.amazon.com/Thinksport-SPF-Clear-Zinc-Sunscreen/dp/B09SQD9ZF1/ref=sr_1_215?dib=eyJ2IjoiMSJ9.LZaIRMU3HQeE-TBEkhzemFfx1iZ83dqRUvJwpt7qwp_X8RaK60Xj9aAci5UPcgFpwFCEvKQXpiODEgiJxY8vAwtlVZ4i5cGQUg0ClcxiuN1D5VXhOvRdWU1TMxwSRVvKe0pww3TQkISwUqV0pDP-scVDG51egMPoII7jOwqMsCAbx1n7T7Um2iIqcOeZgUEdZU-HWyLmSCTV4kTbJi5voxGwxoPVh92xFNSGIox5BBvttHQ4bo0WeMGOIPFpDD05z2OSFYIyw8iwzJgXKjF8bU1N31EQuksfLrjw-r7u4zk.65RDcmE7w2cvWH66YGKhTUi3jZDzRfF-eZ_MebAbZzs&dib_tag=se&keywords=kids+sport+sunscreen+sweat+resistant+SPF+50+broad+spectrum&nsdOptOutParam=true&qid=1778020008,HIGH,brand:thinksport|spf:30|form:lotion_cream,Thinksport,THINKOPERATIONS,title_prefix,THINKSPORT SPF 30,"THINKSPORT SPF 30 (ZINC OXIDE) LOTION [THINKOPERATIONS,LLC]","THINKOPERATIONS,LLC",sunscreen,lotion,TRUE,FALSE,FALSE,TRUE,1,ZINC OXIDE: 234 mg in 1 mL,22,WATER; MEDIUM-CHAIN TRIGLYCERIDES; POLYGLYCERYL-4 ISOSTEARATE; GLYCERIN; HYDROGENATED METHYL ABIETATE; HEXYL LAURATE; CETYL DIMETHICONE 150; HYDROGENATED CASTOR OIL; MAGNESIUM SULFATE ANHYDROUS; SUNFLOWER OIL; JOJOBA OIL; .ALPHA.-TOCOPHEROL; OLIVE OIL; RASPBERRY SEED OIL; HYALURONATE SODIUM; PAPAYA JUICE; CITRUS PARADISI FRUIT OIL; SORBITAN SESQUIOLEATE; CAPRYLHYDROXAMIC ACID; TRIETHOXYCAPRYLYLSILANE; GLYCERYL MONOCAPRYLATE; CRANBERRY SEED OIL,spl_xml,60781-2805-3,60781-2805-3,thinksport,"Jul 24, 2024",1,https://dailymed.nlm.nih.gov/dailymed/drugInfo.cfm?setid=2cecda56-4860-4d35-abc2-2bb9bdf35eae,
b5ce523f-eee8-f1a8-da19-b3dc14f8a58e,B0CS18F9D6,https://www.amazon.com/Thinksport-Mineral-Sunscreen-Resistant-Spectrum/dp/B0CS18F9D6/ref=sr_1_76?dib=eyJ2IjoiMSJ9.eo7wXX7xdi5M55SKJJIlxnL3xdWAoUlh8qAD7tou6a2Ce5Seh5FJSQRiPL5BTL8t58GZCXGfDNJZqN3XSGqhN7gwX-RZmo8PF28bvAI4-aF8tFRfq8sb3kJNWNDlUU5M0CXZ9W2jZpceYZ5RwqNxeewYwDhpEN8t0fwNlac1M2Nm-tDxE90RLif4hKsTDSzcMfdG94PdrdodGW512Irkq8zBS5XfoJ40TbWsVBD2Q5ZAbLPk0zdsFRmg2kBmd4dDJHLunIdcC43cthjngOR5ILpUYVPRx2QLZ3nPD3YhNsw.BrDj44g1_cZLJkeke1nanXodNSYoi0MsmUlwRFdOBsg&dib_tag=se&keywords=toddler+sunscreen+mineral+zinc+oxide+SPF+50+face+body+lotion+1-3+years+organic&nsdOptOutParam=true&qid=1778019958,HIGH,brand:thinksport|spf:50|form:lotion_cream|kw:clear,Thinksport,THINKOPERATIONS,title_prefix,THINKSPORT CLEAR ZINC SPF 50,"THINKSPORT CLEAR ZINC SPF 50 (ZINC OXIDE) LOTION [THINKOPERATIONS,LLC]","THINKOPERATIONS,LLC",sunscreen,lotion,TRUE,FALSE,FALSE,TRUE,1,ZINC OXIDE: 234 mg in 1 g,24,WATER; MEDIUM-CHAIN TRIGLYCERIDES; POLYGLYCERYL-4 ISOSTEARATE; GLYCERIN; HYDROGENATED METHYL ABIETATE; HEXYL LAURATE; CETYL DIMETHICONE 150; ALOE VERA LEAF; HYDROGENATED CASTOR OIL; MAGNESIUM SULFATE ANHYDROUS; SUNFLOWER OIL; JOJOBA OIL; .ALPHA.-TOCOPHEROL; OLIVE OIL; RASPBERRY SEED OIL; CRANBERRY SEED OIL; HYALURONATE SODIUM; PAPAYA JUICE; BLACK CURRANT; CITRUS PARADISI FRUIT OIL; SORBITAN SESQUIOLEATE; CAPRYLHYDROXAMIC ACID; TRIETHOXYCAPRYLYLSILANE; GLYCERYL MONOCAPRYLATE,spl_xml,60781-4280-3,60781-4280-3,thinksport,"Jul 24, 2024",2,https://dailymed.nlm.nih.gov/dailymed/drugInfo.cfm?setid=b5ce523f-eee8-f1a8-da19-b3dc14f8a58e,
2e83e382-8eb0-40f2-bdca-2db5e184661e,B0CS18F9D6,https://www.amazon.com/Thinksport-Mineral-Sunscreen-Resistant-Spectrum/dp/B0CS18F9D6/ref=sr_1_76?dib=eyJ2IjoiMSJ9.eo7wXX7xdi5M55SKJJIlxnL3xdWAoUlh8qAD7tou6a2Ce5Seh5FJSQRiPL5BTL8t58GZCXGfDNJZqN3XSGqhN7gwX-RZmo8PF28bvAI4-aF8tFRfq8sb3kJNWNDlUU5M0CXZ9W2jZpceYZ5RwqNxeewYwDhpEN8t0fwNlac1M2Nm-tDxE90RLif4hKsTDSzcMfdG94PdrdodGW512Irkq8zBS5XfoJ40TbWsVBD2Q5ZAbLPk0zdsFRmg2kBmd4dDJHLunIdcC43cthjngOR5ILpUYVPRx2QLZ3nPD3YhNsw.BrDj44g1_cZLJkeke1nanXodNSYoi0MsmUlwRFdOBsg&dib_tag=se&keywords=toddler+sunscreen+mineral+zinc+oxide+SPF+50+face+body+lotion+1-3+years+organic&nsdOptOutParam=true&qid=1778019958,HIGH,brand:thinksport|spf:50|form:lotion_cream,Thinksport,THINKOPERATIONS,title_prefix,THINKSPORT SPF 50,"THINKSPORT SPF 50 (ZINC OXIDE) LOTION [THINKOPERATIONS,LLC]","THINKOPERATIONS,LLC",sunscreen,lotion,TRUE,FALSE,FALSE,TRUE,1,ZINC OXIDE: 234 mg in 1 mL,22,WATER; MEDIUM-CHAIN TRIGLYCERIDES; POLYGLYCERYL-4 ISOSTEARATE; GLYCERIN; HYDROGENATED METHYL ABIETATE; HEXYL LAURATE; CETYL DIMETHICONE 150; HYDROGENATED CASTOR OIL; MAGNESIUM SULFATE ANHYDROUS; SUNFLOWER OIL; JOJOBA OIL; .ALPHA.-TOCOPHEROL; OLIVE OIL; RASPBERRY SEED OIL; HYALURONATE SODIUM; PAPAYA JUICE; CITRUS PARADISI FRUIT OIL; SORBITAN SESQUIOLEATE; CAPRYLHYDROXAMIC ACID; TRIETHOXYCAPRYLYLSILANE; GLYCERYL MONOCAPRYLATE; CRANBERRY SEED OIL,spl_xml,60781-2806-3,60781-2806-3,thinksport,"Jul 19, 2024",1,https://dailymed.nlm.nih.gov/dailymed/drugInfo.cfm?setid=2e83e382-8eb0-40f2-bdca-2db5e184661e,
6b9b3ea2-65e5-4a51-a6e6-c79f89e5ccea,B0CS18F9D6,https://www.amazon.com/Thinksport-Mineral-Sunscreen-Resistant-Spectrum/dp/B0CS18F9D6/ref=sr_1_76?dib=eyJ2IjoiMSJ9.eo7wXX7xdi5M55SKJJIlxnL3xdWAoUlh8qAD7tou6a2Ce5Seh5FJSQRiPL5BTL8t58GZCXGfDNJZqN3XSGqhN7gwX-RZmo8PF28bvAI4-aF8tFRfq8sb3kJNWNDlUU5M0CXZ9W2jZpceYZ5RwqNxeewYwDhpEN8t0fwNlac1M2Nm-tDxE90RLif4hKsTDSzcMfdG94PdrdodGW512Irkq8zBS5XfoJ40TbWsVBD2Q5ZAbLPk0zdsFRmg2kBmd4dDJHLunIdcC43cthjngOR5ILpUYVPRx2QLZ3nPD3YhNsw.BrDj44g1_cZLJkeke1nanXodNSYoi0MsmUlwRFdOBsg&dib_tag=se&keywords=toddler+sunscreen+mineral+zinc+oxide+SPF+50+face+body+lotion+1-3+years+organic&nsdOptOutParam=true&qid=1778019958,HIGH,brand:thinksport|spf:50|form:lotion_cream,Thinksport,THINKOPERATIONS,title_prefix,THINKSPORT SUNSCREEN SPF 50,"THINKSPORT SUNSCREEN SPF 50 (ZINC OXIDE) LOTION [THINKOPERATIONS,LLC]","THINKOPERATIONS,LLC",sunscreen,lotion,TRUE,FALSE,FALSE,TRUE,1,ZINC OXIDE: 200 mg in 1 mL,19,"HEXYL LAURATE; GRAPEFRUIT; RIBES RUBRUM WHOLE; POLYGLYCERYL-4 ISOSTEARATE; TRICAPRILIN; HYDROGENATED METHYL ABIETATE; SORBITAN SESQUIOLEATE; CAPRYLHYDROXAMIC ACID; GLYCERYL MONOCAPRYLATE; SUNFLOWER OIL; WATER; TRICAPRIN; GLYCERIN; CETYL DIMETHICONE 25; MAGNESIUM SULFATE, UNSPECIFIED FORM; JOJOBA OIL; TOCOPHEROL; OLIVE OIL; HYALURONIC ACID",spl_xml,60781-1001-3,60781-1001-3; 60781-1001-6,thinksport,"Dec 14, 2023",6,https://dailymed.nlm.nih.gov/dailymed/drugInfo.cfm?setid=6b9b3ea2-65e5-4a51-a6e6-c79f89e5ccea,
930bc7e2-5c12-45b8-98ef-287a302bf308,B09SQD9ZF1,https://www.amazon.com/Thinksport-SPF-Clear-Zinc-Sunscreen/dp/B09SQD9ZF1/ref=sr_1_215?dib=eyJ2IjoiMSJ9.LZaIRMU3HQeE-TBEkhzemFfx1iZ83dqRUvJwpt7qwp_X8RaK60Xj9aAci5UPcgFpwFCEvKQXpiODEgiJxY8vAwtlVZ4i5cGQUg0ClcxiuN1D5VXhOvRdWU1TMxwSRVvKe0pww3TQkISwUqV0pDP-scVDG51egMPoII7jOwqMsCAbx1n7T7Um2iIqcOeZgUEdZU-HWyLmSCTV4kTbJi5voxGwxoPVh92xFNSGIox5BBvttHQ4bo0WeMGOIPFpDD05z2OSFYIyw8iwzJgXKjF8bU1N31EQuksfLrjw-r7u4zk.65RDcmE7w2cvWH66YGKhTUi3jZDzRfF-eZ_MebAbZzs&dib_tag=se&keywords=kids+sport+sunscreen+sweat+resistant+SPF+50+broad+spectrum&nsdOptOutParam=true&qid=1778020008,HIGH,brand:thinksport|spf:30|form:lotion_cream,Thinksport,THINKOPERATIONS,title_prefix,THINKSPORT THINKSUN SUNSCREEN SPF 30,"THINKSPORT THINKSUN SUNSCREEN SPF 30 (ZINC OXIDE) LOTION [THINKOPERATIONS,LLC]","THINKOPERATIONS,LLC",sunscreen,lotion,TRUE,FALSE,FALSE,TRUE,1,zinc oxide: 200 mg in 1 mL,19,"WATER; ALOE VERA LEAF; TRICAPRIN; SORBITAN MONOSTEARATE; PINUS MUGO BARK; GLYCERIN; CETYL DIMETHICONE 25; HYDROGENATED CASTOR OIL; MAGNESIUM SULFATE, UNSPECIFIED FORM; SUNFLOWER OIL; JOJOBA OIL; ASCORBIC ACID; TOCOPHEROL; OLIVE OIL; RASPBERRY SEED OIL; CRANBERRY SEED OIL; HYALURONIC ACID; BLACK CURRANT JUICE; FERRIC OXIDE RED",spl_xml,60781-1010-1,60781-1010-1,thinksport,"Mar 26, 2019",2,https://dailymed.nlm.nih.gov/dailymed/drugInfo.cfm?setid=930bc7e2-5c12-45b8-98ef-287a302bf308,
08f0436b-85b6-5099-e063-6294a90a4c2e,B0GQHQM24D,https://www.amazon.com/Babo-Botanicals-Hydrating-Mineral-Sunscreen/dp/B0GQHQM24D/ref=sr_1_136?dib=eyJ2IjoiMSJ9.jSYoDy6OI9PL1Cy6jzR-6jaQ9slS9CO2upNeAqJ_BUVs2C-sI9bH3C-yVIzF2XZZyK4_-83Aub_FcraTFUHv8NgTMrEdN5PWPer82KLdPa1UlqRvpzspK22JHC9MVr5idCdvbO6i_HEtq0VLvirtmgjsbIcP4BTVUJXxtSYE6QtnX8iZ0F6c_V_Qp4rBSR06L98kQucVkv4v2OqgAdYoHZDiPoBhyZd5qcCVyK4GgSvdvkw8W8NHk9FirK8i2SE-QAKx_2CEbmJt-kiq7L1wbykD7Zs7CFfp2UwR1p8HWXk.OtfFOsCBFeqbEqhVgDtw4zowC_P40XUSO730Rc3a9nk&dib_tag=se&keywords=toddler+sunscreen+mineral+zinc+oxide+SPF+50+face+body+lotion+1-3+years+organic&nsdOptOutParam=true&qid=1778019961,HIGH,brand:babo botanicals|spf:30|form:lotion_cream,Babo Botanicals,BABO BOTANICALS,title_prefix,BABO BOTANICALS SHEER ZINC MINERAL SUNSCREEN SPF30,"BABO BOTANICALS SHEER ZINC MINERAL SUNSCREEN SPF30 (ZINC OXIDE) LOTION [BABO BOTANICALS, INC.]","BABO BOTANICALS, INC.",sunscreen,lotion,TRUE,FALSE,FALSE,TRUE,1,ZINC OXIDE: 160 mg in 1 mL,30,"WATER; COCONUT OIL; SUNFLOWER OIL; HYALURONATE SODIUM; CETOSTEARYL ALCOHOL; ARACHIDYL GLUCOSIDE; ARACHIDYL ALCOHOL; POLYHYDROXYSTEARIC ACID (2300 MW); METHYL DIHYDROABIETATE; NASTURTIUM OFFICINALE FLOWERING TOP; CALENDULA OFFICINALIS FLOWER; CHAMOMILE; CITRIC ACID MONOHYDRATE; SODIUM STEAROYL GLUTAMATE; CARBOXYMETHYLCELLULOSE SODIUM, UNSPECIFIED FORM; COCOA BUTTER; DOCOSANOL; LEVOMENOL; FILIPENDULA ULMARIA FLOWER; TOCOPHEROL; CELLULOSE, MICROCRYSTALLINE; SODIUM GLUCONATE; SHEA BUTTER; CAPRYLHYDROXAMIC ACID; CAPRYLYL GLYCOL; SAFFLOWER OIL; BUTYLOCTYL SALICYLATE; CETYL ALCOHOL; COCO GLUCOSIDE; GLYCERIN",spl_xml,79265-7708-1,79265-7708-1,babo botanicals,"Nov 17, 2025",2,https://dailymed.nlm.nih.gov/dailymed/drugInfo.cfm?setid=08f0436b-85b6-5099-e063-6294a90a4c2e,
2982ce67-f136-b93b-e063-6394a90a81ac,B07MC6TZZF,https://www.amazon.com/Babo-Botanicals-Mineral-Sunscreen-Unscented/dp/B07MC6TZZF/ref=sr_1_42?dib=eyJ2IjoiMSJ9.S8v882f0HaFDU6L8Kg3Cqd8dTj_7VUYonCK3eNDhGgIB3oZpgOpWxWaXS021nfCNxSZrdBk3rOWC3eiaEvBWib_VFz-NBXjVNUetiHw3e2OqgN0QiIcNWQXtKs4sak_BQDSgTnR9ZT_BynS8USRML9Uakum6RUt-RSxZlqAoC5FitYPR7SNFubGIOmOaIlJWqKnAn0sQoPv55hFwSSZYPeY2S0qTxn4ixOJJEmgVvl4AX410HN45rEBxP6S6s2cco1SiNva8-FofhntO1_t4EatfcHu1Cl6agN1Uwv3aAlA.U-AV6wyKtFr_ENXl00Z05TZAbKp-Q_LDQFkULh8kFjY&dib_tag=se&keywords=kids+sunscreen+stick+SPF+30+mineral+water+resistant+broad+spectrum+face+on+the+go&nsdOptOutParam=true&qid=1778019957&sr=8-42,HIGH,"brand:babo botanicals|spf:50|form:stick|kw:sheer,tinted,daily",Babo Botanicals,BABO BOTANICALS,title_prefix,BABO BOTANICALS DAILY SHEER TINTED MINERAL SUNSCREEN SPF 50,"BABO BOTANICALS DAILY SHEER TINTED MINERAL SUNSCREEN SPF 50 (ZINC OXIDE) STICK [BABO BOTANICALS, INC.]","BABO BOTANICALS, INC.",sunscreen,stick,TRUE,FALSE,FALSE,TRUE,1,ZINC OXIDE: 197 mg in 1 g,25,"FERROUS OXIDE; FILIPENDULA ULMARIA FLOWER; HIPPOPHAE RHAMNOIDES FRUIT; SUNFLOWER OIL; TRIHYDROXYSTEARIN; JOJOBA OIL, RANDOMIZED; NASTURTIUM OFFICINALE FLOWERING TOP; ROSA CANINA FRUIT; JOJOBA OIL; COCOA BUTTER; ARGANIA SPINOSA SEED; TOCOPHEROL; AVOCADO OIL; RICE BRAN OIL; CANDELILLA WAX; ARABICA COFFEE BEAN; OCTYLDODECYL OLEATE; CALENDULA OFFICINALIS FLOWER; SHEA BUTTER; CALOPHYLLUM TACAMAHACA SEED OIL; CHAMOMILE; BEESWAX; LEVOMENOL; OCTYLDODECANOL; ORYZANOL",spl_xml,79265-8608-1,79265-8608-1,babo botanicals,"Dec 20, 2024",1,https://dailymed.nlm.nih.gov/dailymed/drugInfo.cfm?setid=2982ce67-f136-b93b-e063-6394a90a81ac,
ab39d9f0-d869-6f33-e053-2995a90a08d4,B0GQHQM24D,https://www.amazon.com/Babo-Botanicals-Hydrating-Mineral-Sunscreen/dp/B0GQHQM24D/ref=sr_1_136?dib=eyJ2IjoiMSJ9.jSYoDy6OI9PL1Cy6jzR-6jaQ9slS9CO2upNeAqJ_BUVs2C-sI9bH3C-yVIzF2XZZyK4_-83Aub_FcraTFUHv8NgTMrEdN5PWPer82KLdPa1UlqRvpzspK22JHC9MVr5idCdvbO6i_HEtq0VLvirtmgjsbIcP4BTVUJXxtSYE6QtnX8iZ0F6c_V_Qp4rBSR06L98kQucVkv4v2OqgAdYoHZDiPoBhyZd5qcCVyK4GgSvdvkw8W8NHk9FirK8i2SE-QAKx_2CEbmJt-kiq7L1wbykD7Zs7CFfp2UwR1p8HWXk.OtfFOsCBFeqbEqhVgDtw4zowC_P40XUSO730Rc3a9nk&dib_tag=se&keywords=toddler+sunscreen+mineral+zinc+oxide+SPF+50+face+body+lotion+1-3+years+organic&nsdOptOutParam=true&qid=1778019961,HIGH,brand:babo botanicals|spf:30|form:lotion_cream,Babo Botanicals,BABO BOTANICALS,title_prefix,BABO BOTANICALS SPF 30 DAILY SHEER TINTED SUNSCREEN,"BABO BOTANICALS SPF 30 DAILY SHEER TINTED SUNSCREEN - NATURAL GLOW (MINERAL SUNSCREEN) LOTION [BABO BOTANICALS, INC.]","BABO BOTANICALS, INC.",sunscreen,lotion,TRUE,TRUE,FALSE,TRUE,2,TITANIUM DIOXIDE: 3000 mg in 100 mL; ZINC OXIDE: 3000 mg in 100 mL,31,"WATER; GREEN TEA LEAF; ROSEMARY; XANTHAN GUM; PROPANEDIOL; YELLOW WAX; SHEA BUTTER; ALKYL (C12-15) BENZOATE; CARYODENDRON ORINOCENSE WHOLE; MEDIUM-CHAIN TRIGLYCERIDES; GLYCERYL STEARATE CITRATE; COCONUT OIL; CUCUMBER SEED; GLYCERIN; GLYCERYL 1-UNDECYLENATE; ALOE VERA LEAF; DECYL GLUCOSIDE; FERRIC OXIDE RED; LECITHIN, SUNFLOWER; MANGO; SACCHARIDE ISOMERATE; STEARIC ACID; ALPHA-TOCOPHEROL; SODIUM POLYACRYLATE (8000 MW); GLYCERYL CAPRYLATE; ARGAN OIL; GLYCERYL MONOSTEARATE; SUNFLOWER OIL; HYALURONIC ACID; HIPPOPHAE RHAMNOIDES SEED OIL; POMEGRANATE",spl_xml,79265-8072-0,79265-8072-0; 79265-8072-1,babo botanicals,"Dec 16, 2024",7,https://dailymed.nlm.nih.gov/dailymed/drugInfo.cfm?setid=ab39d9f0-d869-6f33-e053-2995a90a08d4,
d66c88a1-7684-1043-e053-2a95a90aa2aa,B09VK6514J,https://www.amazon.com/Babo-Botanicals-Mineral-Sunscreen-Non-Nano/dp/B09VK6514J/ref=sr_1_131?dib=eyJ2IjoiMSJ9.jSYoDy6OI9PL1Cy6jzR-6jaQ9slS9CO2upNeAqJ_BUVs2C-sI9bH3C-yVIzF2XZZyK4_-83Aub_FcraTFUHv8NgTMrEdN5PWPer82KLdPa1UlqRvpzspK22JHC9MVr5idCdvbO6i_HEtq0VLvirtmgjsbIcP4BTVUJXxtSYE6QtnX8iZ0F6c_V_Qp4rBSR06L98kQucVkv4v2OqgAdYoHZDiPoBhyZd5qcCVyK4GgSvdvkw8W8NHk9FirK8i2SE-QAKx_2CEbmJt-kiq7L1wbykD7Zs7CFfp2UwR1p8HWXk.OtfFOsCBFeqbEqhVgDtw4zowC_P40XUSO730Rc3a9nk&dib_tag=se&keywords=toddler+sunscreen+mineral+zinc+oxide+SPF+50+face+body+lotion+1-3+years+organic&nsdOptOutParam=true&qid=1778019961,HIGH,"brand:babo botanicals|spf:50|form:lotion_cream|kw:sheer,daily,fluid",Babo Botanicals,BABO BOTANICALS,title_prefix,BABO BOTANICALS DAILY SHEER FLUID MINERAL SUNSCREEN SPF 50,"BABO BOTANICALS DAILY SHEER FLUID MINERAL SUNSCREEN SPF 50 (ZINC OXIDE) LOTION [BABO BOTANICALS, INC.]","BABO BOTANICALS, INC.",sunscreen,lotion,TRUE,FALSE,FALSE,TRUE,1,ZINC OXIDE: 206 mg in 1 mL,37,"CITRIC ACID MONOHYDRATE; CELLULOSE, MICROCRYSTALLINE; SUCROSE STEARATE; BUTYLOCTYL SALICYLATE; CAPRYLOYL GLYCERIN/SEBACIC ACID COPOLYMER (2000 MPA.S); OCTYLDODECYL OLEATE; FERRIC OXIDE YELLOW; ALOE VERA LEAF; DIHEPTYL SUCCINATE; CALCIUM ALUMINUM BOROSILICATE; OCTYLDODECYL NEOPENTANOATE; LAURYL LAURATE; PASSIFLORA EDULIS SEED OIL; GLYCERIN; CAPRYLHYDROXAMIC ACID; PROPANEDIOL; CARTHAMUS TINCTORIUS SEED OLEOSOMES; BENTONITE; NASTURTIUM OFFICINALE FLOWERING TOP; POLYHYDROXYSTEARIC ACID (2300 MW); LEVOMENOL; CALENDULA OFFICINALIS FLOWER; CETOSTEARYL ALCOHOL; CHAMOMILE; LUPINUS ALBUS SEED OIL; WHEAT GERM OIL UNSAPONIFIABLES; TOCOPHEROL; FILIPENDULA ULMARIA FLOWER; CAPRYLYL GLYCOL; SUNFLOWER OIL; RASPBERRY SEED OIL; SODIUM GLUCONATE; ETHYL FERULATE; WATER; XANTHAN GUM; COCO GLUCOSIDE; ERYTHRITOL",spl_xml,79265-8061-1,79265-8061-1,babo botanicals,"May 15, 2024",4,https://dailymed.nlm.nih.gov/dailymed/drugInfo.cfm?setid=d66c88a1-7684-1043-e053-2a95a90aa2aa,
d66dfcec-ad40-3a0b-e053-2995a90aa006,B09VJPNSQ8,https://www.amazon.com/Babo-Botanicals-Mineral-Sunscreen-Non-Nano/dp/B09VJPNSQ8/ref=sr_1_123?dib=eyJ2IjoiMSJ9.6A_CZHbGjmmjWYElBcv2B-Yw2nLKC4YkWA_5AviiP7QVv8PNwmkV4BGMh3HmUYDRoRZd2fVq03PJBQhwViuLX-RaAK2mTe_sQst1p8TnRf8-T9gxnk3OQ_Ri8mij3MyZDeyd_FgXXXpwrN0-CPxTXmNY7l4ueD6f5H48NTF5omOmm8jFhoaI6WbNu6UbvFfrQiW0584BkgGuWkyIkwx62CbOlLBZck5s39rUEQgQXyDM8E-iQ2L-69bNnWiPrWNae-5fR7rZr2SPqZGBYcaIb9bWKZ9VtF0B-I-LVdNlYpI.HOSs-oZGQ9NubVP9TbnfUmPr2MyShNN1ZX_BhxwSZYM&dib_tag=se&keywords=baby+sunscreen+hybrid+mineral+chemical+SPF+50+zinc+oxide+avobenzone+broad+spectrum&nsdOptOutParam=true&qid=1778019982,HIGH,"brand:babo botanicals|spf:50|form:lotion_cream|kw:sheer,tinted,daily",Babo Botanicals,BABO BOTANICALS,title_prefix,BABO BOTANICALS DAILY SHEER FLUID TINTED MINERAL SUNSCREEN SPF 50,"BABO BOTANICALS DAILY SHEER FLUID TINTED MINERAL SUNSCREEN SPF 50 (ZINC OXIDE) LOTION [BABO BOTANICALS, INC.]","BABO BOTANICALS, INC.",sunscreen,lotion,TRUE,FALSE,FALSE,TRUE,1,ZINC OXIDE: 206 mg in 1 mL,39,"SUCROSE STEARATE; BUTYLOCTYL SALICYLATE; CAPRYLOYL GLYCERIN/SEBACIC ACID COPOLYMER (2000 MPA.S); OCTYLDODECYL OLEATE; FERRIC OXIDE YELLOW; CELLULOSE, MICROCRYSTALLINE; ALOE VERA LEAF; DIHEPTYL SUCCINATE; CALCIUM ALUMINUM BOROSILICATE; OCTYLDODECYL NEOPENTANOATE; LAURYL LAURATE; PASSIFLORA EDULIS SEED OIL; GLYCERIN; CAPRYLHYDROXAMIC ACID; PROPANEDIOL; CARTHAMUS TINCTORIUS SEED OLEOSOMES; BENTONITE; NASTURTIUM OFFICINALE FLOWERING TOP; POLYHYDROXYSTEARIC ACID (2300 MW); LEVOMENOL; CALENDULA OFFICINALIS FLOWER; CETOSTEARYL ALCOHOL; CHAMOMILE; LUPINUS ALBUS SEED OIL; WHEAT GERM OIL UNSAPONIFIABLES; TOCOPHEROL; FILIPENDULA ULMARIA FLOWER; CAPRYLYL GLYCOL; SUNFLOWER OIL; RASPBERRY SEED OIL; SODIUM GLUCONATE; ETHYL FERULATE; WATER; XANTHAN GUM; COCO GLUCOSIDE; ERYTHRITOL; FERRIC OXIDE RED; FERROSOFERRIC OXIDE; CITRIC ACID MONOHYDRATE",spl_xml,79265-8063-1,79265-8063-1,babo botanicals,"May 15, 2024",4,https://dailymed.nlm.nih.gov/dailymed/drugInfo.cfm?setid=d66dfcec-ad40-3a0b-e053-2995a90aa006,
08f0f32e-4b19-7a62-e063-6394a90af1b1,B01ALT5MKW,https://www.amazon.com/Babo-Botanicals-Continuous-Fragrance-Sunscreen/dp/B01ALT5MKW/ref=sr_1_51?dib=eyJ2IjoiMSJ9.eo7wXX7xdi5M55SKJJIlxnL3xdWAoUlh8qAD7tou6a2Ce5Seh5FJSQRiPL5BTL8t58GZCXGfDNJZqN3XSGqhN7gwX-RZmo8PF28bvAI4-aF8tFRfq8sb3kJNWNDlUU5M0CXZ9W2jZpceYZ5RwqNxeewYwDhpEN8t0fwNlac1M2Nm-tDxE90RLif4hKsTDSzcMfdG94PdrdodGW512Irkq8zBS5XfoJ40TbWsVBD2Q5ZAbLPk0zdsFRmg2kBmd4dDJHLunIdcC43cthjngOR5ILpUYVPRx2QLZ3nPD3YhNsw.BrDj44g1_cZLJkeke1nanXodNSYoi0MsmUlwRFdOBsg&dib_tag=se&keywords=toddler+sunscreen+mineral+zinc+oxide+SPF+50+face+body+lotion+1-3+years+organic&nsdOptOutParam=true&qid=1778019958,HIGH,brand:babo botanicals|spf:30|form:spray|kw:sheer,Babo Botanicals,BABO BOTANICALS,title_prefix,BABO BOTANICALS SHEER ZINC MINERAL SUNSCREEN SPF30,"BABO BOTANICALS SHEER ZINC MINERAL SUNSCREEN SPF30 (ZINC OXIDE) SPRAY [BABO BOTANICALS, INC.]","BABO BOTANICALS, INC.",sunscreen,spray,TRUE,FALSE,FALSE,TRUE,1,ZINC OXIDE: 120 mg in 1 mL,18,"CALENDULA OFFICINALIS FLOWER; CETOSTEARYL ALCOHOL; CHAMOMILE; SUNFLOWER OIL; BUTYLOCTYL SALICYLATE; METHYL DIHYDROABIETATE; FILIPENDULA ULMARIA FLOWER; BENTONITE; CAPRYLHYDROXAMIC ACID; CAPRYLYL GLYCOL; WATER; SAFFLOWER OIL; HYDROGENATED JOJOBA OIL, RANDOMIZED; NASTURTIUM OFFICINALE FLOWERING TOP; COCO GLUCOSIDE; HEPTYL UNDECYLENATE; ALOE VERA LEAF; GLYCERIN",spl_xml,79265-7908-1,79265-7908-1,babo botanicals,"Oct 31, 2023",1,https://dailymed.nlm.nih.gov/dailymed/drugInfo.cfm?setid=08f0f32e-4b19-7a62-e063-6394a90af1b1,
3c4567d6-879e-f995-e063-6394a90a319f,B07TYQ5K8F,https://www.amazon.com/Tinted-Mineral-Sunscreen-Earth-Mama/dp/B07TYQ5K8F/ref=sr_1_72?dib=eyJ2IjoiMSJ9.mJVprj3xELfhC5icFT8ym-oszQopUuCVDRxmJeRy8m7-9-HmhXbwrq_IZTNc0XWp1Q_5Ks0mFA5LLVKTySh2feyqdDHb8h80rstiuepwXiLQYVwGU9yYhO-5X-ruCz8rrRK58Pcx3hM1pywfYCA2dF9TI6P9E107UWp-0mzSnqu-wyNe91vFA__TfiNBtsboKMpzkAtmiHzQKQLi64LmcGKWp7AXQxgOty71VXlMPlbgFJf3goBXbazGewvd-OHb6nYu3jjaXneV-HO3JEf9m7Tv0k5lMpuvg_WNXGxLXcw.6hRqtTzYpwlCKo0VcIePMwsxOPMcEu8jcVVU1hl5TFk&dib_tag=se&keywords=baby+sunscreen+tinted+mineral+SPF+30+zinc+oxide+face+daily+moisturizer+light+coverage&nsdOptOutParam=true&qid=1778019985,HIGH,"brand:earth mama|spf:40|form:stick|kw:tinted,lady,face",Earth Mama,ELEEO,title_prefix,EARTH MAMA LADY FACE TINTED MINERAL SUNSCREEN STICK SPF 40,EARTH MAMA LADY FACE TINTED MINERAL SUNSCREEN STICK SPF 40 (ZINC OXIDE) STICK [ELEEO BRANDS LLC],ELEEO BRANDS LLC,sunscreen,stick,TRUE,FALSE,FALSE,TRUE,1,ZINC OXIDE: 22 g in 100 g,12,COCONUT OIL; SUNFLOWER OIL; YELLOW WAX; CANDELILLA WAX; CARNAUBA WAX; SHEA BUTTER; TOCOPHEROL; COCOA BUTTER; ALOE VERA LEAF; CALENDULA OFFICINALIS FLOWER; TITANIUM DIOXIDE; FERRIC OXIDE RED,spl_xml,79747-149-01,79747-149-01,earth mama,"Aug 15, 2025",1,https://dailymed.nlm.nih.gov/dailymed/drugInfo.cfm?setid=3c4567d6-879e-f995-e063-6394a90a319f,
908c41fd-0496-4237-813b-1135e10ae0c5,B07TYQ5K8F,https://www.amazon.com/Tinted-Mineral-Sunscreen-Earth-Mama/dp/B07TYQ5K8F/ref=sr_1_72?dib=eyJ2IjoiMSJ9.mJVprj3xELfhC5icFT8ym-oszQopUuCVDRxmJeRy8m7-9-HmhXbwrq_IZTNc0XWp1Q_5Ks0mFA5LLVKTySh2feyqdDHb8h80rstiuepwXiLQYVwGU9yYhO-5X-ruCz8rrRK58Pcx3hM1pywfYCA2dF9TI6P9E107UWp-0mzSnqu-wyNe91vFA__TfiNBtsboKMpzkAtmiHzQKQLi64LmcGKWp7AXQxgOty71VXlMPlbgFJf3goBXbazGewvd-OHb6nYu3jjaXneV-HO3JEf9m7Tv0k5lMpuvg_WNXGxLXcw.6hRqtTzYpwlCKo0VcIePMwsxOPMcEu8jcVVU1hl5TFk&dib_tag=se&keywords=baby+sunscreen+tinted+mineral+SPF+30+zinc+oxide+face+daily+moisturizer+light+coverage&nsdOptOutParam=true&qid=1778019985,HIGH,"brand:earth mama|spf:40|form:stick|kw:face,lady,tint",Earth Mama,EARTH MAMA ANGEL BABY,title_prefix,EARTH MAMA LADY FACE MINERAL SUNSCREEN - MEDIUM/DARK TINT BROAD SPECTRUM SPF 40,EARTH MAMA LADY FACE MINERAL SUNSCREEN - MEDIUM/DARK TINT BROAD SPECTRUM SPF 40 (ZINC OXIDE) STICK [EARTH MAMA ANGEL BABY LLC],EARTH MAMA ANGEL BABY LLC,sunscreen,stick,TRUE,FALSE,FALSE,TRUE,1,ZINC OXIDE: 22 g in 100 g,12,COCONUT OIL; SUNFLOWER OIL; YELLOW WAX; CANDELILLA WAX; FERRIC OXIDE RED; TITANIUM DIOXIDE; CARNAUBA WAX; SHEA BUTTER; TOCOPHEROL; COCOA BUTTER; ALOE VERA LEAF; CALENDULA OFFICINALIS FLOWER,spl_xml,72812-150-01,72812-150-01,earth mama,"Aug 14, 2025",6,https://dailymed.nlm.nih.gov/dailymed/drugInfo.cfm?setid=908c41fd-0496-4237-813b-1135e10ae0c5,
bd71a814-c0b4-428b-987e-72f7f55f998f,B07TYQ5K8F,https://www.amazon.com/Tinted-Mineral-Sunscreen-Earth-Mama/dp/B07TYQ5K8F/ref=sr_1_72?dib=eyJ2IjoiMSJ9.mJVprj3xELfhC5icFT8ym-oszQopUuCVDRxmJeRy8m7-9-HmhXbwrq_IZTNc0XWp1Q_5Ks0mFA5LLVKTySh2feyqdDHb8h80rstiuepwXiLQYVwGU9yYhO-5X-ruCz8rrRK58Pcx3hM1pywfYCA2dF9TI6P9E107UWp-0mzSnqu-wyNe91vFA__TfiNBtsboKMpzkAtmiHzQKQLi64LmcGKWp7AXQxgOty71VXlMPlbgFJf3goBXbazGewvd-OHb6nYu3jjaXneV-HO3JEf9m7Tv0k5lMpuvg_WNXGxLXcw.6hRqtTzYpwlCKo0VcIePMwsxOPMcEu8jcVVU1hl5TFk&dib_tag=se&keywords=baby+sunscreen+tinted+mineral+SPF+30+zinc+oxide+face+daily+moisturizer+light+coverage&nsdOptOutParam=true&qid=1778019985,HIGH,"brand:earth mama|spf:40|form:stick|kw:face,light,lady",Earth Mama,EARTH MAMA ANGEL BABY,title_prefix,EARTH MAMA LADY FACE MINERAL SUNSCREEN - LIGHT/MEDIUM TINT BROAD SPECTRUM SPF 40,EARTH MAMA LADY FACE MINERAL SUNSCREEN - LIGHT/MEDIUM TINT BROAD SPECTRUM SPF 40 (ZINC OXIDE) STICK [EARTH MAMA ANGEL BABY LLC],EARTH MAMA ANGEL BABY LLC,sunscreen,stick,TRUE,FALSE,FALSE,TRUE,1,ZINC OXIDE: 22 g in 100 g,12,COCONUT OIL; SUNFLOWER OIL; YELLOW WAX; CANDELILLA WAX; CARNAUBA WAX; SHEA BUTTER; TOCOPHEROL; COCOA BUTTER; ALOE VERA LEAF; CALENDULA OFFICINALIS FLOWER; TITANIUM DIOXIDE; FERRIC OXIDE RED,spl_xml,72812-149-01,72812-149-01,earth mama,"Aug 14, 2025",6,https://dailymed.nlm.nih.gov/dailymed/drugInfo.cfm?setid=bd71a814-c0b4-428b-987e-72f7f55f998f,
e9a88a57-5733-489d-a459-dd74c04daff2,B07J5G19FM,https://www.amazon.com/Uber-Sensitive-Sunscreen-Earth-Mama-Colloidal/dp/B07J5G19FM/ref=sr_1_3?dib=eyJ2IjoiMSJ9.FNxsEAYLbsb6VXz7OWFNdz4lcZy0tTwZgBm7qF8EBA2iru0Vik28Rz0bUYVpjLWc96SYylx6sdGrLoyTU6FEM8F6PDSid-lV5PrIPfBfRvAwOp4heOLmc4u4BAQCQdS7cbcTRTSolksne3kWP5xQHuIEZubBsx55xgXm4PoDUzFw039IUSn1xcyW01i6U8KhWt7hr9Dj1GsAdfLp6ke5gTx4-SybBY9r9InxNNLKWWmyMqYDqvVbeOaalEN-T7sLeTjOHN5O167Xcc3_5vD1ec22EoPOjRxUnNYrtgF606o.g6qi4OJqadlf5VnQOgI0PTtixWGzHqZKkaRngcvFB0E&dib_tag=se&keywords=baby+sunscreen+sensitive+eczema+mineral+SPF+gentle+hypoallergenic&nsdOptOutParam=true&qid=1778020003&sr=8-3,HIGH,brand:earth mama|spf:40|form:lotion_cream|kw:uber,Earth Mama,EARTH MAMA ANGEL BABY,title_prefix,EARTH MAMA UBER-SENSITIVE MINERAL SUNSCREEN SPF 40,"EARTH MAMA UBER-SENSITIVE MINERAL SUNSCREEN SPF 40 (ZINC OXIDE) LOTION [EARTH MAMA ANGEL BABY, LLC]","EARTH MAMA ANGEL BABY, LLC",sunscreen,lotion,TRUE,FALSE,FALSE,TRUE,1,ZINC OXIDE: 250 mg in 1 g,12,COCONUT OIL; MEDIUM-CHAIN TRIGLYCERIDES; YELLOW WAX; OLIVE OIL; RASPBERRY SEED OIL; JOJOBA OIL; SHEA BUTTER; RICE BRAN OIL; TOCOPHEROL; OATMEAL; ALOE VERA LEAF; CALENDULA OFFICINALIS FLOWER,spl_xml,72812-154-01,72812-154-01,earth mama,"Aug 14, 2025",4,https://dailymed.nlm.nih.gov/dailymed/drugInfo.cfm?setid=e9a88a57-5733-489d-a459-dd74c04daff2,
a93cd61a-ae83-4c45-8fca-f904b5cf706d,B09XWT823G,https://www.amazon.com/Pipette-Mineral-Sunscreen-Non-Toxic-Protection/dp/B09XWT823G/ref=sr_1_94?dib=eyJ2IjoiMSJ9.eo7wXX7xdi5M55SKJJIlxnL3xdWAoUlh8qAD7tou6a2Ce5Seh5FJSQRiPL5BTL8t58GZCXGfDNJZqN3XSGqhN7gwX-RZmo8PF28bvAI4-aF8tFRfq8sb3kJNWNDlUU5M0CXZ9W2jZpceYZ5RwqNxeewYwDhpEN8t0fwNlac1M2Nm-tDxE90RLif4hKsTDSzcMfdG94PdrdodGW512Irkq8zBS5XfoJ40TbWsVBD2Q5ZAbLPk0zdsFRmg2kBmd4dDJHLunIdcC43cthjngOR5ILpUYVPRx2QLZ3nPD3YhNsw.BrDj44g1_cZLJkeke1nanXodNSYoi0MsmUlwRFdOBsg&dib_tag=se&keywords=toddler+sunscreen+mineral+zinc+oxide+SPF+50+face+body+lotion+1-3+years+organic&nsdOptOutParam=true&qid=1778019958,HIGH,brand:pipette|spf:50|form:lotion_cream,Pipette,AMYRIS,title_prefix,PIPETTE MINERAL SUNSCREEN BROAD SPECTRUM SPF50,"PIPETTE MINERAL SUNSCREEN BROAD SPECTRUM SPF50 (ZINC OXIDE) LOTION [AMYRIS, INC]","AMYRIS, INC",sunscreen,lotion,TRUE,FALSE,FALSE,TRUE,1,ZINC OXIDE: 20 g in 100 mL,23,"WATER; MEDIUM-CHAIN TRIGLYCERIDES; GLYCERIN; SQUALANE; CETOSTEARYL ALCOHOL; METHYL DIHYDROABIETATE; SORBITAN OLIVATE; CETYL PALMITATE; COCO GLUCOSIDE; ETHYL FERULATE; ISOSTEARIC ACID; LECITHIN, SOYBEAN; POLYGLYCERYL-3 RICINOLEATE; POLYHYDROXYSTEARIC ACID (2300 MW); CAPRYLYL/CAPRYL OLIGOGLUCOSIDE; ACACIA SENEGAL WHOLE; XANTHAN GUM; SODIUM GLUCONATE; BISABOLOL OXIDE A; HYDROXYACETOPHENONE; HEXANEDIOL; CAPRYLYL GLYCOL; PHYSALIS ANGULATA",spl_xml,73517-382-01,73517-382-01; 73517-382-02; 73517-382-03,pipette,"Nov 04, 2022",5,https://dailymed.nlm.nih.gov/dailymed/drugInfo.cfm?setid=a93cd61a-ae83-4c45-8fca-f904b5cf706d,
b08f641b-49a2-5a90-e053-2a95a90aa860,B09XWT823G,https://www.amazon.com/Pipette-Mineral-Sunscreen-Non-Toxic-Protection/dp/B09XWT823G/ref=sr_1_94?dib=eyJ2IjoiMSJ9.eo7wXX7xdi5M55SKJJIlxnL3xdWAoUlh8qAD7tou6a2Ce5Seh5FJSQRiPL5BTL8t58GZCXGfDNJZqN3XSGqhN7gwX-RZmo8PF28bvAI4-aF8tFRfq8sb3kJNWNDlUU5M0CXZ9W2jZpceYZ5RwqNxeewYwDhpEN8t0fwNlac1M2Nm-tDxE90RLif4hKsTDSzcMfdG94PdrdodGW512Irkq8zBS5XfoJ40TbWsVBD2Q5ZAbLPk0zdsFRmg2kBmd4dDJHLunIdcC43cthjngOR5ILpUYVPRx2QLZ3nPD3YhNsw.BrDj44g1_cZLJkeke1nanXodNSYoi0MsmUlwRFdOBsg&dib_tag=se&keywords=toddler+sunscreen+mineral+zinc+oxide+SPF+50+face+body+lotion+1-3+years+organic&nsdOptOutParam=true&qid=1778019958,HIGH,brand:pipette|spf:50|form:lotion_cream,Pipette,AMYRIS,title_prefix,PIPETTE MINERAL SUNSCREEN BROAD SPECTRUM SPF 50,"PIPETTE MINERAL SUNSCREEN BROAD SPECTRUM SPF 50 (ZINC OXIDE) LOTION [AMYRIS, INC]","AMYRIS, INC",sunscreen,lotion,TRUE,FALSE,FALSE,TRUE,1,ZINC OXIDE: 200 mg in 1 mL,23,"SODIUM GLUCONATE; POLYHYDROXYSTEARIC ACID (2300 MW); CETYL PALMITATE; .ALPHA.-BISABOLOL, (+/-)-; PHYSALIS ANGULATA; ACACIA; CAPRYLYL GLYCOL; METHYL DIHYDROABIETATE; ETHYL FERULATE; MEDIUM-CHAIN TRIGLYCERIDES; CETOSTEARYL ALCOHOL; COCO GLUCOSIDE; CAPRYLYL/CAPRYL OLIGOGLUCOSIDE; LECITHIN, SOYBEAN; POLYGLYCERYL-3 PENTARICINOLEATE; SORBITAN OLIVATE; XANTHAN GUM; ISOSTEARIC ACID; 1,2-HEXANEDIOL; HYDROXYACETOPHENONE; GLYCERIN; SQUALANE; WATER",spl_xml,73517-128-01,73517-128-01,pipette,"Jan 10, 2022",2,https://dailymed.nlm.nih.gov/dailymed/drugInfo.cfm?setid=b08f641b-49a2-5a90-e053-2a95a90aa860,
74b8eac3-4bc6-430b-b4b9-eabe3280d7af,B07QXWRV14,https://www.amazon.com/Raw-Elements-Sunscreen-Cruelty-Free-Moisturizing/dp/B07QXWRV14/ref=sr_1_115?dib=eyJ2IjoiMSJ9.jSYoDy6OI9PL1Cy6jzR-6jaQ9slS9CO2upNeAqJ_BUVs2C-sI9bH3C-yVIzF2XZZyK4_-83Aub_FcraTFUHv8NgTMrEdN5PWPer82KLdPa1UlqRvpzspK22JHC9MVr5idCdvbO6i_HEtq0VLvirtmgjsbIcP4BTVUJXxtSYE6QtnX8iZ0F6c_V_Qp4rBSR06L98kQucVkv4v2OqgAdYoHZDiPoBhyZd5qcCVyK4GgSvdvkw8W8NHk9FirK8i2SE-QAKx_2CEbmJt-kiq7L1wbykD7Zs7CFfp2UwR1p8HWXk.OtfFOsCBFeqbEqhVgDtw4zowC_P40XUSO730Rc3a9nk&dib_tag=se&keywords=toddler+sunscreen+mineral+zinc+oxide+SPF+50+face+body+lotion+1-3+years+organic&nsdOptOutParam=true&qid=1778019961,HIGH,brand:raw elements|spf:30|form:lotion_cream,Raw Elements,RAW ELEMENTS,title_prefix,RAW ELEMENTS LIP RESCUE 30 BROAD SPECTRUM SPF 30,RAW ELEMENTS LIP RESCUE 30 BROAD SPECTRUM SPF 30 (ZINC OXIDE) CREAM [RAW ELEMENTS LLC],RAW ELEMENTS LLC,sunscreen,cream,TRUE,FALSE,FALSE,TRUE,1,ZINC OXIDE: 227.5 mg in 1 g,8,GREEN TEA LEAF; CANNABIS SATIVA SEED OIL; WHITE WAX; SUNFLOWER OIL; FERRIC OXIDE RED; MANGIFERA INDICA SEED BUTTER; ROSEMARY OIL; TOCOPHEROL,spl_xml,70680-301-01,70680-301-01,raw elements,"Nov 10, 2023",4,https://dailymed.nlm.nih.gov/dailymed/drugInfo.cfm?setid=74b8eac3-4bc6-430b-b4b9-eabe3280d7af,
8aff5517-8b3d-490e-b821-973baea2d079,B07QXWRV14,https://www.amazon.com/Raw-Elements-Sunscreen-Cruelty-Free-Moisturizing/dp/B07QXWRV14/ref=sr_1_115?dib=eyJ2IjoiMSJ9.jSYoDy6OI9PL1Cy6jzR-6jaQ9slS9CO2upNeAqJ_BUVs2C-sI9bH3C-yVIzF2XZZyK4_-83Aub_FcraTFUHv8NgTMrEdN5PWPer82KLdPa1UlqRvpzspK22JHC9MVr5idCdvbO6i_HEtq0VLvirtmgjsbIcP4BTVUJXxtSYE6QtnX8iZ0F6c_V_Qp4rBSR06L98kQucVkv4v2OqgAdYoHZDiPoBhyZd5qcCVyK4GgSvdvkw8W8NHk9FirK8i2SE-QAKx_2CEbmJt-kiq7L1wbykD7Zs7CFfp2UwR1p8HWXk.OtfFOsCBFeqbEqhVgDtw4zowC_P40XUSO730Rc3a9nk&dib_tag=se&keywords=toddler+sunscreen+mineral+zinc+oxide+SPF+50+face+body+lotion+1-3+years+organic&nsdOptOutParam=true&qid=1778019961,HIGH,brand:raw elements|spf:30|form:lotion_cream,Raw Elements,RAW ELEMENTS,title_prefix,RAW ELEMENTS FACIAL MOISTURIZER TINT FORMULA 30 SPF 30 BROAD SPECTRUM,RAW ELEMENTS FACIAL MOISTURIZER TINT FORMULA 30 SPF 30 BROAD SPECTRUM (ZINC OXIDE) CREAM [RAW ELEMENTS LLC],RAW ELEMENTS LLC,sunscreen,cream,TRUE,FALSE,FALSE,TRUE,1,ZINC OXIDE: 230 mg in 1 mL,8,GREEN TEA LEAF; CANNABIS SATIVA SEED OIL; WHITE WAX; SUNFLOWER OIL; FERRIC OXIDE RED; MANGIFERA INDICA SEED BUTTER; ROSEMARY OIL; TOCOPHEROL,spl_xml,70680-304-01,70680-304-01,raw elements,"Nov 10, 2023",4,https://dailymed.nlm.nih.gov/dailymed/drugInfo.cfm?setid=8aff5517-8b3d-490e-b821-973baea2d079,
44867882-d9c1-7389-e063-6294a90a7f77,B0BM5CL6FR,https://www.amazon.com/Alba-Botanica-Sunscreen-Fragrance-Free-Biodegradable/dp/B0BM5CL6FR/ref=sr_1_52?dib=eyJ2IjoiMSJ9.spAUUJR0xZWoihoDhbqLd6opgPwy84ldt0kOTeTEE7VDQ0UlpCOnplcY3C_7lYdZPvBnFfeNOPnSbEr4tRw5GQsS4IK1FLNsbJiN7y_T5Rsno9wl5NMPdnN6c508cZ5h3JAhPKpdPRjPnoOfpaPKY7R63r2zvypuBkxt8UdEsnA-DpMjDUV3-yr0Ua6xzSlOl9Hc8ptKyecCIsHysGkrtCe_UMS8bTSHb1pxVQWW3dmFgsRRm4MNlGOnRkeIfKdPu5v8RIVF6ID90WmZM6_f9y8XRvwt6cdAbkkAHcT0_98.NCRa_fYqKjIXIC6R_MwOSvrW9x2nVJnZJfxobazisK0&dib_tag=se&keywords=kids+sunscreen+mineral+SPF+30+broad+spectrum+water+resistant+gentle+natural+reef+safe+lotion&nsdOptOutParam=true&qid=1778019968&rdc=1,HIGH,brand:alba botanica|spf:30|form:lotion_cream,Alba Botanica,ALBA BOTANICA,title_prefix,ALBA BOTANICA SENSITIVE MINERAL SPF 30,"ALBA BOTANICA SENSITIVE MINERAL SPF 30 (ZINC OXIDE) LOTION [THE HAIN CELESTIAL GROUP, INC.]","THE HAIN CELESTIAL GROUP, INC.",sunscreen,lotion,TRUE,FALSE,FALSE,TRUE,1,ZINC OXIDE: 24.1 g in 100 g,19,BUTYLOCTYL SALICYLATE; VINYLPYRROLIDONE/HEXADECENE COPOLYMER; GLYCERYL STEARATE; ISOAMYL LAURATE; NIACINAMIDE; POLYHYDROXYSTEARIC ACID (2300 MW); SQUALANE; ETHYLHEXYLGLYCERIN; POTASSIUM CETYL PHOSPHATE; WATER; PHENOXYETHANOL; GLYCERIN; .ALPHA.-TOCOPHEROL ACETATE; XANTHAN GUM; ETHYLHEXYL OLIVATE; ALCOHOL; CAPRYLIC/CAPRIC TRIGLYCERIDE; SODIUM PHYTATE; TRIETHOXYCAPRYLYLSILANE,spl_xml,61995-2034-1,61995-2034-1; 61995-2034-2; 61995-2034-3,alba botanica,"Nov 28, 2025",1,https://dailymed.nlm.nih.gov/dailymed/drugInfo.cfm?setid=44867882-d9c1-7389-e063-6294a90a7f77,
f4a02196-288e-1958-e053-2a95a90a5305,B002LMJO5M,https://www.amazon.com/Alba-Botanica-Tropical-Fruit-Sunscreen/dp/B002LMJO5M/ref=sr_1_134?dib=eyJ2IjoiMSJ9.jSYoDy6OI9PL1Cy6jzR-6jaQ9slS9CO2upNeAqJ_BUVs2C-sI9bH3C-yVIzF2XZZyK4_-83Aub_FcraTFUHv8NgTMrEdN5PWPer82KLdPa1UlqRvpzspK22JHC9MVr5idCdvbO6i_HEtq0VLvirtmgjsbIcP4BTVUJXxtSYE6QtnX8iZ0F6c_V_Qp4rBSR06L98kQucVkv4v2OqgAdYoHZDiPoBhyZd5qcCVyK4GgSvdvkw8W8NHk9FirK8i2SE-QAKx_2CEbmJt-kiq7L1wbykD7Zs7CFfp2UwR1p8HWXk.OtfFOsCBFeqbEqhVgDtw4zowC_P40XUSO730Rc3a9nk&dib_tag=se&keywords=toddler+sunscreen+mineral+zinc+oxide+SPF+50+face+body+lotion+1-3+years+organic&nsdOptOutParam=true&qid=1778019961,HIGH,brand:alba botanica|spf:50|form:lotion_cream,Alba Botanica,ALBA BOTANICA SHEER,title_prefix,ALBA BOTANICA SHEER MINERAL SPF50,"ALBA BOTANICA SHEER MINERAL SPF50 (ZINC OXIDE) LOTION [THE HAIN CELESTIAL GROUP, INC.]","THE HAIN CELESTIAL GROUP, INC.",sunscreen,lotion,TRUE,FALSE,FALSE,TRUE,1,ZINC OXIDE: 25 g in 100 g,18,ETHYLHEXYLGLYCERIN; POTASSIUM CETYL PHOSPHATE; WATER; PHENOXYETHANOL; HEXASODIUM PHYTATE; GLYCERIN; .ALPHA.-TOCOPHEROL ACETATE; XANTHAN GUM; ALCOHOL; ETHYLHEXYL OLEATE; BUTYLOCTYL SALICYLATE; VINYLPYRROLIDONE/HEXADECENE COPOLYMER; CAPRYLIC/CAPRIC ACID; GLYCERYL STEARATE SE; ISOAMYL LAURATE; NIACINAMIDE; POLYHYDROXYSTEARIC ACID (2300 MW); SQUALANE,spl_xml,61995-3030-1,61995-3030-1; 61995-3030-2; 61995-3030-3,alba botanica,"Aug 02, 2024",3,https://dailymed.nlm.nih.gov/dailymed/drugInfo.cfm?setid=f4a02196-288e-1958-e053-2a95a90a5305,
f542298a-e9de-7ed0-e053-2995a90a0391,B0BM5CL6FR,https://www.amazon.com/Alba-Botanica-Sunscreen-Fragrance-Free-Biodegradable/dp/B0BM5CL6FR/ref=sr_1_52?dib=eyJ2IjoiMSJ9.spAUUJR0xZWoihoDhbqLd6opgPwy84ldt0kOTeTEE7VDQ0UlpCOnplcY3C_7lYdZPvBnFfeNOPnSbEr4tRw5GQsS4IK1FLNsbJiN7y_T5Rsno9wl5NMPdnN6c508cZ5h3JAhPKpdPRjPnoOfpaPKY7R63r2zvypuBkxt8UdEsnA-DpMjDUV3-yr0Ua6xzSlOl9Hc8ptKyecCIsHysGkrtCe_UMS8bTSHb1pxVQWW3dmFgsRRm4MNlGOnRkeIfKdPu5v8RIVF6ID90WmZM6_f9y8XRvwt6cdAbkkAHcT0_98.NCRa_fYqKjIXIC6R_MwOSvrW9x2nVJnZJfxobazisK0&dib_tag=se&keywords=kids+sunscreen+mineral+SPF+30+broad+spectrum+water+resistant+gentle+natural+reef+safe+lotion&nsdOptOutParam=true&qid=1778019968&rdc=1,HIGH,brand:alba botanica|spf:30|form:lotion_cream|kw:sheer,Alba Botanica,ALBA BOTANICA SHEER,title_prefix,ALBA BOTANICA SHEER MINERAL SPF30,"ALBA BOTANICA SHEER MINERAL SPF30 (ZINC OXIDE) LOTION [THE HAIN CELESTIAL GROUP, INC.]","THE HAIN CELESTIAL GROUP, INC.",sunscreen,lotion,TRUE,FALSE,FALSE,TRUE,1,ZINC OXIDE: 25 g in 100 g,18,ETHYLHEXYLGLYCERIN; POTASSIUM CETYL PHOSPHATE; WATER; PHENOXYETHANOL; HEXASODIUM PHYTATE; GLYCERIN; .ALPHA.-TOCOPHEROL ACETATE; XANTHAN GUM; ALCOHOL; ETHYLHEXYL OLEATE; BUTYLOCTYL SALICYLATE; VINYLPYRROLIDONE/HEXADECENE COPOLYMER; CAPRYLIC/CAPRIC ACID; GLYCERYL STEARATE SE; ISOAMYL LAURATE; NIACINAMIDE; POLYHYDROXYSTEARIC ACID (2300 MW); SQUALANE,spl_xml,61995-3031-1,61995-3031-1; 61995-3031-2; 61995-3031-3,alba botanica,"Feb 23, 2023",1,https://dailymed.nlm.nih.gov/dailymed/drugInfo.cfm?setid=f542298a-e9de-7ed0-e053-2995a90a0391,
638e119f-51c6-59a6-e053-2991aa0aeffa,B0BM5CL6FR,https://www.amazon.com/Alba-Botanica-Sunscreen-Fragrance-Free-Biodegradable/dp/B0BM5CL6FR/ref=sr_1_52?dib=eyJ2IjoiMSJ9.spAUUJR0xZWoihoDhbqLd6opgPwy84ldt0kOTeTEE7VDQ0UlpCOnplcY3C_7lYdZPvBnFfeNOPnSbEr4tRw5GQsS4IK1FLNsbJiN7y_T5Rsno9wl5NMPdnN6c508cZ5h3JAhPKpdPRjPnoOfpaPKY7R63r2zvypuBkxt8UdEsnA-DpMjDUV3-yr0Ua6xzSlOl9Hc8ptKyecCIsHysGkrtCe_UMS8bTSHb1pxVQWW3dmFgsRRm4MNlGOnRkeIfKdPu5v8RIVF6ID90WmZM6_f9y8XRvwt6cdAbkkAHcT0_98.NCRa_fYqKjIXIC6R_MwOSvrW9x2nVJnZJfxobazisK0&dib_tag=se&keywords=kids+sunscreen+mineral+SPF+30+broad+spectrum+water+resistant+gentle+natural+reef+safe+lotion&nsdOptOutParam=true&qid=1778019968&rdc=1,HIGH,brand:alba botanica|spf:30|form:lotion_cream,Alba Botanica,ALBA BOTANICA,title_prefix,ALBA BOTANICA MINERAL SUNSCREEN FF SPF30,"ALBA BOTANICA MINERAL SUNSCREEN FF SPF30 (ZINC OXIDE, TITANIUM DIOXIDE) CREAM [THE HAIN CELESTIAL GROUP, INC.]","THE HAIN CELESTIAL GROUP, INC.",sunscreen,cream,TRUE,TRUE,FALSE,TRUE,2,ZINC OXIDE: 14.5 g in 100 g; TITANIUM DIOXIDE: 2 g in 100 g,22,"SORBITAN SESQUIOLEATE; GLYCERIN; DIMETHICONE; PHENOXYETHANOL; SHEA BUTTER; POLYGLYCERYL-3 RICINOLEATE; .ALPHA.-TOCOPHEROL ACETATE; ALCOHOL; SILICON DIOXIDE; WATER; MEDIUM-CHAIN TRIGLYCERIDES; ETHYLHEXYL PALMITATE; GLYCERYL ISOSTEARATE; ALOE; CALENDULA OFFICINALIS FLOWER; MAGNESIUM SULFATE, UNSPECIFIED FORM; POLYHYDROXYSTEARIC ACID (2300 MW); SODIUM CHLORIDE; CHAMOMILE; SUNFLOWER OIL; GRAPE SEED OIL; BENZYL ALCOHOL",spl_xml,61995-2089-6,61995-2089-6,alba botanica,"Feb 08, 2021",3,https://dailymed.nlm.nih.gov/dailymed/drugInfo.cfm?setid=638e119f-51c6-59a6-e053-2991aa0aeffa,
e991aa10-d210-3ba4-e053-2a95a90af7cc,B0G5V93FW5,https://www.amazon.com/Aveeno-Baby-Moisturizer-Broad-Spectrum-Fragrance-Free/dp/B0G5V93FW5/ref=sr_1_25?dib=eyJ2IjoiMSJ9.v8W8su3z-BD3cYaDgyqrx-i5sqsY5wIEwEJEQid0zB6wd0oemCwiyJWD-yxl8N_gTvpTXwaegOy3dwTPddSgBltTRXJn0dDMuu65EmsaeGn-Y0NpMoyyg87I6mL8AXSZGUJvrGL0pDcbafSN-NX44zMU705zW2QdcyoiFLWZYrQ-QFtV53_4ineyp3TDolEZhxmno14Tpp9JBELufwqrVHpoCUBI8c4uhYQCZDFCEDsFMhVKemlvwZkKaNY4idUSsJyTZ8JjpnRk9ik0dvGPLQBulPw5WRB1S80s2Qubzns.dMwfeCvkhL7NluCmZmt263yodPaIfARf3H9NgFZHqV0&dib_tag=se&keywords=infant+sun+cream+mineral+zinc+oxide+0-6+months+pediatrician+sensitive&nsdOptOutParam=true&qid=1778019955&sr=8-25,HIGH,"brand:aveeno|spf:30|form:lotion_cream|kw:face,protect",Aveeno,AVEENO PROTECT PLUS SOOTHE,title_prefix,AVEENO PROTECT PLUS SOOTHE FACE MINERAL SUNSCREEN SPF 30,"AVEENO PROTECT PLUS SOOTHE FACE MINERAL SUNSCREEN SPF 30 (TITANIUM DIOXIDE, ZINC OXIDE) LOTION [KENVUE BRANDS LLC]",KENVUE BRANDS LLC,sunscreen,lotion,TRUE,TRUE,FALSE,TRUE,2,TITANIUM DIOXIDE: 66 mg in 1 mL; ZINC OXIDE: 180 mg in 1 mL,28,STEARIC ACID; SILICON DIOXIDE; ETHYLHEXYL METHOXYCRYLENE; DIMETHICONE; TRISILOXANE; NEOPENTYL GLYCOL DIHEPTANOATE; WATER; ISOHEXADECANE; PEG-100 STEARATE; DOCOSANOL; CALCIUM SODIUM BOROSILICATE; ALUMINUM HYDROXIDE; OAT; EDETATE DISODIUM ANHYDROUS; BUTYL METHACRYLATE/METHYL METHACRYLATE/METHACRYLIC ACID/STYRENE CROSSPOLYMER; POLYESTER-7; PHENOXYETHANOL; GLYCERIN; .ALPHA.-TOCOPHEROL ACETATE; ALKYL (C12-15) BENZOATE; CAPRYLYL TRISILOXANE; GLYCERYL MONOSTEARATE; XANTHAN GUM; CAPRYLYL GLYCOL; ETHYLHEXYLGLYCERIN; BUTYLOCTYL SALICYLATE; VINYLPYRROLIDONE/HEXADECENE COPOLYMER; TRIETHOXYCAPRYLYLSILANE,spl_xml,69968-0786-2,69968-0786-2,aveeno,"Jun 09, 2025",5,https://dailymed.nlm.nih.gov/dailymed/drugInfo.cfm?setid=e991aa10-d210-3ba4-e053-2a95a90af7cc,
4ee39bbf-b7d7-8f87-e063-6294a90a2539,B0BG1RDVP3,https://www.amazon.com/Neutrogena-Water-Resistant-Broad-Spectrum-Lightweight-Oxybenzone-Free/dp/B0BG1RDVP3/ref=sr_1_39?dib=eyJ2IjoiMSJ9.F-FFKLgP5lveUbk86xHoO0mMSbpyR_bqnNeqITvc7dPkAYNqDegu5gTtaH_kwH0-lQ2oMsCarLXrb5FfdCmoBgMJawmhD4lk4cqo2fnyW0oq2WPahsGere2SZmBdbQm6rm4z0ja4wIpcv6KPjm2sqRpl-JbTkuXpA5R208uxnHzPmzhXLaJToscCJ_ACtLkOnHhJ3sjneIhSp4n5QXlsuSKG9C4Eo0pKqcxIXjbSPaya8Yr05SIPksAKNn22Z9WNgZ8YldxFCNFwcATK7qsWIdx8-YDsisfLzYRo8kdCzyQ.ae7DA2f_cDd1vFz9t553lzcJ8ti7CZYSS3Y_Wsn_Pgc&dib_tag=se&keywords=kids+sunscreen+mineral+SPF+30+broad+spectrum+water+resistant+gentle+natural+reef+safe+lotion&nsdOptOutParam=true&qid=1778019961&sr=8-39,HIGH,brand:neutrogena|spf:30|form:lotion_cream|kw:face,Neutrogena,ACUPAC PACKAGING,title_prefix,NEUTROGENA MINERAL UV TINT FACE MEDIUM DEEP SPF 30,"NEUTROGENA MINERAL UV TINT FACE MEDIUM DEEP SPF 30 (TITANIUM DIOXIDE, ZINC OXIDE) LOTION [ACUPAC PACKAGING, INC]","ACUPAC PACKAGING, INC",sunscreen,lotion,TRUE,TRUE,FALSE,TRUE,2,ZINC OXIDE: 216 mg in 1 mL; TITANIUM DIOXIDE: 32 mg in 1 mL,19,WATER; ISOHEXADECANE; DIMETHICONE; ISOPROPYL PALMITATE; CETYL PEG/PPG-10/1 DIMETHICONE (HLB 5); ALKYL (C12-15) BENZOATE; SODIUM CHLORIDE; PHENOXYETHANOL; ETHYLHEXYLGLYCERIN; ALUMINUM HYDROXIDE; XANTHAN GUM; FERRIC OXIDE RED; STEARIC ACID; TRIETHOXYCAPRYLYLSILANE; .ALPHA.-TOCOPHEROL ACETATE; DICAPRYLYL CARBONATE; ISONONYL ISONONANOATE; SORBITAN SESQUIOLEATE; DIMETHICONE CROSSPOLYMER (450000 MPA.S AT 12% IN CYCLOPENTASILOXANE),spl_xml,52328-304-02,52328-304-02,neutrogena,"Apr 27, 2026",1,https://dailymed.nlm.nih.gov/dailymed/drugInfo.cfm?setid=4ee39bbf-b7d7-8f87-e063-6294a90a2539,
4ef4a822-a7ab-b374-e063-6394a90a8508,B0BG1RDVP3,https://www.amazon.com/Neutrogena-Water-Resistant-Broad-Spectrum-Lightweight-Oxybenzone-Free/dp/B0BG1RDVP3/ref=sr_1_39?dib=eyJ2IjoiMSJ9.F-FFKLgP5lveUbk86xHoO0mMSbpyR_bqnNeqITvc7dPkAYNqDegu5gTtaH_kwH0-lQ2oMsCarLXrb5FfdCmoBgMJawmhD4lk4cqo2fnyW0oq2WPahsGere2SZmBdbQm6rm4z0ja4wIpcv6KPjm2sqRpl-JbTkuXpA5R208uxnHzPmzhXLaJToscCJ_ACtLkOnHhJ3sjneIhSp4n5QXlsuSKG9C4Eo0pKqcxIXjbSPaya8Yr05SIPksAKNn22Z9WNgZ8YldxFCNFwcATK7qsWIdx8-YDsisfLzYRo8kdCzyQ.ae7DA2f_cDd1vFz9t553lzcJ8ti7CZYSS3Y_Wsn_Pgc&dib_tag=se&keywords=kids+sunscreen+mineral+SPF+30+broad+spectrum+water+resistant+gentle+natural+reef+safe+lotion&nsdOptOutParam=true&qid=1778019961&sr=8-39,HIGH,brand:neutrogena|spf:30|form:lotion_cream|kw:face,Neutrogena,ACUPAC PACKAGING,title_prefix,NEUTROGENA MINERAL UV TINT FACE LIGHT SPF 30,"NEUTROGENA MINERAL UV TINT FACE LIGHT SPF 30 (TITANIUM DIOXIDE, ZINC OXIDE) LOTION [ACUPAC PACKAGING, INC.]","ACUPAC PACKAGING, INC.",sunscreen,lotion,TRUE,TRUE,FALSE,TRUE,2,TITANIUM DIOXIDE: 32 mg in 1 mL; ZINC OXIDE: 216 mg in 1 mL,19,WATER; ISOHEXADECANE; DIMETHICONE; ISOPROPYL PALMITATE; CETYL PEG/PPG-10/1 DIMETHICONE (HLB 5); ALKYL (C12-15) BENZOATE; SODIUM CHLORIDE; PHENOXYETHANOL; ETHYLHEXYLGLYCERIN; ALUMINUM HYDROXIDE; XANTHAN GUM; FERRIC OXIDE RED; STEARIC ACID; TRIETHOXYCAPRYLYLSILANE; .ALPHA.-TOCOPHEROL ACETATE; DICAPRYLYL CARBONATE; ISONONYL ISONONANOATE; SORBITAN SESQUIOLEATE; DIMETHICONE CROSSPOLYMER (450000 MPA.S AT 12% IN CYCLOPENTASILOXANE),spl_xml,52328-305-02,52328-305-02,neutrogena,"Apr 27, 2026",1,https://dailymed.nlm.nih.gov/dailymed/drugInfo.cfm?setid=4ef4a822-a7ab-b374-e063-6394a90a8508,
4ef430e8-cdc8-2897-e063-6394a90a3ac7,B0BG1RDVP3,https://www.amazon.com/Neutrogena-Water-Resistant-Broad-Spectrum-Lightweight-Oxybenzone-Free/dp/B0BG1RDVP3/ref=sr_1_39?dib=eyJ2IjoiMSJ9.F-FFKLgP5lveUbk86xHoO0mMSbpyR_bqnNeqITvc7dPkAYNqDegu5gTtaH_kwH0-lQ2oMsCarLXrb5FfdCmoBgMJawmhD4lk4cqo2fnyW0oq2WPahsGere2SZmBdbQm6rm4z0ja4wIpcv6KPjm2sqRpl-JbTkuXpA5R208uxnHzPmzhXLaJToscCJ_ACtLkOnHhJ3sjneIhSp4n5QXlsuSKG9C4Eo0pKqcxIXjbSPaya8Yr05SIPksAKNn22Z9WNgZ8YldxFCNFwcATK7qsWIdx8-YDsisfLzYRo8kdCzyQ.ae7DA2f_cDd1vFz9t553lzcJ8ti7CZYSS3Y_Wsn_Pgc&dib_tag=se&keywords=kids+sunscreen+mineral+SPF+30+broad+spectrum+water+resistant+gentle+natural+reef+safe+lotion&nsdOptOutParam=true&qid=1778019961&sr=8-39,HIGH,brand:neutrogena|spf:30|form:lotion_cream|kw:face,Neutrogena,ACUPAC PACKAGING,title_prefix,NEUTROGENA MINERAL UV TINT FACE DEEP SPF 30,"NEUTROGENA MINERAL UV TINT FACE DEEP SPF 30 (TITANIUM DIOXIDE, ZINC OXIDE) LOTION [ACUPAC PACKAGING, INC.]","ACUPAC PACKAGING, INC.",sunscreen,lotion,TRUE,TRUE,FALSE,TRUE,2,ZINC OXIDE: 216 mg in 1 mL; TITANIUM DIOXIDE: 32 mg in 1 mL,19,WATER; ISOHEXADECANE; DIMETHICONE; ISOPROPYL PALMITATE; CETYL PEG/PPG-10/1 DIMETHICONE (HLB 5); ALKYL (C12-15) BENZOATE; SODIUM CHLORIDE; PHENOXYETHANOL; ETHYLHEXYLGLYCERIN; ALUMINUM HYDROXIDE; XANTHAN GUM; FERRIC OXIDE RED; STEARIC ACID; TRIETHOXYCAPRYLYLSILANE; .ALPHA.-TOCOPHEROL ACETATE; DICAPRYLYL CARBONATE; ISONONYL ISONONANOATE; SORBITAN SESQUIOLEATE; DIMETHICONE CROSSPOLYMER (450000 MPA.S AT 12% IN CYCLOPENTASILOXANE),spl_xml,52328-302-02,52328-302-02,neutrogena,"Apr 27, 2026",1,https://dailymed.nlm.nih.gov/dailymed/drugInfo.cfm?setid=4ef430e8-cdc8-2897-e063-6394a90a3ac7,
4ef4d44e-3421-535f-e063-6294a90a2fea,B0BG1RDVP3,https://www.amazon.com/Neutrogena-Water-Resistant-Broad-Spectrum-Lightweight-Oxybenzone-Free/dp/B0BG1RDVP3/ref=sr_1_39?dib=eyJ2IjoiMSJ9.F-FFKLgP5lveUbk86xHoO0mMSbpyR_bqnNeqITvc7dPkAYNqDegu5gTtaH_kwH0-lQ2oMsCarLXrb5FfdCmoBgMJawmhD4lk4cqo2fnyW0oq2WPahsGere2SZmBdbQm6rm4z0ja4wIpcv6KPjm2sqRpl-JbTkuXpA5R208uxnHzPmzhXLaJToscCJ_ACtLkOnHhJ3sjneIhSp4n5QXlsuSKG9C4Eo0pKqcxIXjbSPaya8Yr05SIPksAKNn22Z9WNgZ8YldxFCNFwcATK7qsWIdx8-YDsisfLzYRo8kdCzyQ.ae7DA2f_cDd1vFz9t553lzcJ8ti7CZYSS3Y_Wsn_Pgc&dib_tag=se&keywords=kids+sunscreen+mineral+SPF+30+broad+spectrum+water+resistant+gentle+natural+reef+safe+lotion&nsdOptOutParam=true&qid=1778019961&sr=8-39,HIGH,brand:neutrogena|spf:30|form:lotion_cream|kw:face,Neutrogena,ACUPAC PACKAGING,title_prefix,NEUTROGENA MINERAL UV TINT FACE MEDIUM SPF 30,"NEUTROGENA MINERAL UV TINT FACE MEDIUM SPF 30 (TITANIUM DIOXIDE, ZINC OXIDE) LOTION [ACUPAC PACKAGING, INC.]","ACUPAC PACKAGING, INC.",sunscreen,lotion,TRUE,TRUE,FALSE,TRUE,2,ZINC OXIDE: 216 mg in 1 mL; TITANIUM DIOXIDE: 32 mg in 1 mL,19,WATER; ISOHEXADECANE; DIMETHICONE; ISOPROPYL PALMITATE; CETYL PEG/PPG-10/1 DIMETHICONE (HLB 5); ALKYL (C12-15) BENZOATE; SODIUM CHLORIDE; PHENOXYETHANOL; ETHYLHEXYLGLYCERIN; ALUMINUM HYDROXIDE; XANTHAN GUM; FERRIC OXIDE RED; STEARIC ACID; TRIETHOXYCAPRYLYLSILANE; .ALPHA.-TOCOPHEROL ACETATE; DICAPRYLYL CARBONATE; ISONONYL ISONONANOATE; SORBITAN SESQUIOLEATE; DIMETHICONE CROSSPOLYMER (450000 MPA.S AT 12% IN CYCLOPENTASILOXANE),spl_xml,52328-303-02,52328-303-02,neutrogena,"Apr 27, 2026",1,https://dailymed.nlm.nih.gov/dailymed/drugInfo.cfm?setid=4ef4d44e-3421-535f-e063-6294a90a2fea,
4ef6b5fb-5495-001c-e063-6394a90ab7b3,B0BG1RDVP3,https://www.amazon.com/Neutrogena-Water-Resistant-Broad-Spectrum-Lightweight-Oxybenzone-Free/dp/B0BG1RDVP3/ref=sr_1_39?dib=eyJ2IjoiMSJ9.F-FFKLgP5lveUbk86xHoO0mMSbpyR_bqnNeqITvc7dPkAYNqDegu5gTtaH_kwH0-lQ2oMsCarLXrb5FfdCmoBgMJawmhD4lk4cqo2fnyW0oq2WPahsGere2SZmBdbQm6rm4z0ja4wIpcv6KPjm2sqRpl-JbTkuXpA5R208uxnHzPmzhXLaJToscCJ_ACtLkOnHhJ3sjneIhSp4n5QXlsuSKG9C4Eo0pKqcxIXjbSPaya8Yr05SIPksAKNn22Z9WNgZ8YldxFCNFwcATK7qsWIdx8-YDsisfLzYRo8kdCzyQ.ae7DA2f_cDd1vFz9t553lzcJ8ti7CZYSS3Y_Wsn_Pgc&dib_tag=se&keywords=kids+sunscreen+mineral+SPF+30+broad+spectrum+water+resistant+gentle+natural+reef+safe+lotion&nsdOptOutParam=true&qid=1778019961&sr=8-39,HIGH,brand:neutrogena|spf:30|form:lotion_cream|kw:face,Neutrogena,ACUPAC PACKAGING,title_prefix,NEUTROGENA MINERAL INVISIBLE DAILY DEFENSE FACE SUNSCREEN BROAD SPECTRUM SPF 30,"NEUTROGENA MINERAL INVISIBLE DAILY DEFENSE FACE SUNSCREEN BROAD SPECTRUM SPF 30 (TITANIUM DIOXIDE, ZINC OXIDE) LOTION [ACUPAC PACKAGING, INC.]","ACUPAC PACKAGING, INC.",sunscreen,lotion,TRUE,TRUE,FALSE,TRUE,2,TITANIUM DIOXIDE: 49 mg in 1 mL; ZINC OXIDE: 216 mg in 1 mL,20,SORBITAN SESQUIOLEATE; ALKYL (C12-15) BENZOATE; POLYGLYCERYL-2 DIPOLYHYDROXYSTEARATE; PROPYLENE GLYCOL; GINGER; .ALPHA.-TOCOPHEROL ACETATE; TRIETHOXYCAPRYLYLSILANE; SODIUM CHLORIDE; ALUMINUM HYDROXIDE; PHENOXYETHANOL; TRIACONTANYL PVP (WP-660); ETHYLHEXYLGLYCERIN; STEARIC ACID; FERROUS OXIDE; FEVERFEW; ISONONYL ISONONANOATE; DICAPRYLYL ETHER; DIMETHICONE; WATER; CALCIUM SODIUM BOROSILICATE,spl_xml,52328-301-01,52328-301-01; 52328-301-02,neutrogena,"Apr 27, 2026",1,https://dailymed.nlm.nih.gov/dailymed/drugInfo.cfm?setid=4ef6b5fb-5495-001c-e063-6394a90ab7b3,
eae8edd8-38d3-9e02-e053-2995a90a81a8,B0BLRT33H2,https://www.amazon.com/Neutrogena-Purescreen-Sunscreen-Resistant-Protection/dp/B0BLRT33H2/ref=sr_1_58?dib=eyJ2IjoiMSJ9.WId94J1hO1kQRDebJ6V12HKDZFa_6nnGTX84x5nJM2N_Omn8f7c4Reo_pEqKCb2GPP7_zauOoeWR3CTjVprfg-43lIR-44JOGKyB4TIadXqdhQ6QQtiTamRPi3kdOgaUMggX2xkjNsou23VaFNnQNBydlmXxTWLzZAlc91hhVP2R2OuH86ucBNUDqbw7RNcI2gNSgRX_KrnlHm7wvsbq2OFIwE9dP2F4tjgqd1U8Jdn5XPndq7AhHGaWhGl47EyQWjasiOII3DY-gYduOZAeXpuvhaigXotbLrDkXVmlXok.kAAkz18EIJqoNLyqtLDCtsZYGM-ogYdjUkduZ7v4bOY&dib_tag=se&keywords=kids+sunscreen+stick+SPF+30+mineral+water+resistant+broad+spectrum+face+on+the+go&nsdOptOutParam=true&qid=1778019959,HIGH,"brand:neutrogena|spf:50|form:stick|kw:beach,body,defense",Neutrogena,NEUTROGENA,title_prefix,NEUTROGENA MINERAL BEACH DEFENSE ON-THE-GO BODY SPF 50,NEUTROGENA MINERAL BEACH DEFENSE ON-THE-GO BODY SPF 50 (ZINC OXIDE) STICK [KENVUE BRANDS LLC],KENVUE BRANDS LLC,sunscreen,stick,TRUE,FALSE,FALSE,TRUE,1,ZINC OXIDE: 216 mg in 1 g,12,ADIPIC ACID/DIGLYCOL CROSSPOLYMER (20000 MPA.S); TRIETHOXYCAPRYLYLSILANE; NEOPENTYL GLYCOL DIISOSTEARATE; CAPRYLYL GLYCOL; ALPHA-TOCOPHEROL ACETATE; ALKYL (C12-15) BENZOATE; PARAFFIN; SILICON DIOXIDE; NEOPENTYL GLYCOL DIETHYLHEXANOATE; CERESIN; ISOPROPYL MYRISTATE; OCTYLDODECYL NEOPENTANOATE,spl_xml,69968-0775-2,69968-0775-2,neutrogena,"Jan 12, 2026",6,https://dailymed.nlm.nih.gov/dailymed/drugInfo.cfm?setid=eae8edd8-38d3-9e02-e053-2995a90a81a8,
003123d2-9675-fdd2-e063-6294a90a0130,B0BG1RDVP3,https://www.amazon.com/Neutrogena-Water-Resistant-Broad-Spectrum-Lightweight-Oxybenzone-Free/dp/B0BG1RDVP3/ref=sr_1_39?dib=eyJ2IjoiMSJ9.F-FFKLgP5lveUbk86xHoO0mMSbpyR_bqnNeqITvc7dPkAYNqDegu5gTtaH_kwH0-lQ2oMsCarLXrb5FfdCmoBgMJawmhD4lk4cqo2fnyW0oq2WPahsGere2SZmBdbQm6rm4z0ja4wIpcv6KPjm2sqRpl-JbTkuXpA5R208uxnHzPmzhXLaJToscCJ_ACtLkOnHhJ3sjneIhSp4n5QXlsuSKG9C4Eo0pKqcxIXjbSPaya8Yr05SIPksAKNn22Z9WNgZ8YldxFCNFwcATK7qsWIdx8-YDsisfLzYRo8kdCzyQ.ae7DA2f_cDd1vFz9t553lzcJ8ti7CZYSS3Y_Wsn_Pgc&dib_tag=se&keywords=kids+sunscreen+mineral+SPF+30+broad+spectrum+water+resistant+gentle+natural+reef+safe+lotion&nsdOptOutParam=true&qid=1778019961&sr=8-39,HIGH,brand:neutrogena|spf:30|form:lotion_cream|kw:face,Neutrogena,NEUTROGENA,title_prefix,NEUTROGENA MINERAL INVISIBLE DAILY DEFENSE FACE SUNSCREEN BROAD SPECTRUM SPF 30,"NEUTROGENA MINERAL INVISIBLE DAILY DEFENSE FACE SUNSCREEN BROAD SPECTRUM SPF 30 (TITANIUM DIOXIDE, ZINC OXIDE) LOTION [KENVUE BRANDS LLC]",KENVUE BRANDS LLC,sunscreen,lotion,TRUE,TRUE,FALSE,TRUE,2,TITANIUM DIOXIDE: 49 mg in 1 mL; ZINC OXIDE: 216 mg in 1 mL,20,SORBITAN SESQUIOLEATE; ALKYL (C12-15) BENZOATE; POLYGLYCERYL-2 DIPOLYHYDROXYSTEARATE; PROPYLENE GLYCOL; GINGER; .ALPHA.-TOCOPHEROL ACETATE; TRIETHOXYCAPRYLYLSILANE; SODIUM CHLORIDE; ALUMINUM HYDROXIDE; PHENOXYETHANOL; TRIACONTANYL PVP (WP-660); ETHYLHEXYLGLYCERIN; STEARIC ACID; FERROUS OXIDE; FEVERFEW; ISONONYL ISONONANOATE; DICAPRYLYL ETHER; DIMETHICONE; WATER; CALCIUM SODIUM BOROSILICATE,spl_xml,69968-0815-1,69968-0815-1; 69968-0815-2,neutrogena,"Aug 04, 2025",4,https://dailymed.nlm.nih.gov/dailymed/drugInfo.cfm?setid=003123d2-9675-fdd2-e063-6294a90a0130,
20e0badf-fe25-1d27-e063-6294a90a7cfe,B0DG2QN9XF,https://www.amazon.com/Neutrogena-Sunscreen-Lightweight-Non-Greasy-Oxybenzone-Free/dp/B0DG2QN9XF/ref=sr_1_237?dib=eyJ2IjoiMSJ9.Mz-mligGCeyUJlkXYOnGwXryyzatGi1NZT0H_J4khp-YYjGgDu_sVfpQ_ThNQps5a_6-Xgl6W6mbsveGGBqBRKyWObB8JoRZ52EpxZSEjS8pYZFf_6FAuDvHT7fjVzWE8Bo7XGduy4wz7X7fe-sTVS390ohKzen8a1vAuyaVXeLb9OYay7avEqvYD44j2pFPWJ9L02I8IF-5fIgcuRZ-b_I-xDIGpS93-DCrht_BgB_KzeSZJd09gxLunZjWLra8lkfGcejwXbT2TZa6FX4BT2C5VM7Vq4I5mCjRue1rIG4.7ay3zyRyrAKyyZhEg7X21zcljzswmZTmrI9IgIpKgD0&dib_tag=se&keywords=baby+sunscreen+mineral+zinc+oxide+SPF+50+newborn+infant+fragrance+free+sensitive+skin+lotion&nsdOptOutParam=true&qid=1778019968,HIGH,"brand:neutrogena|spf:70|form:lotion_cream|kw:ultra,face,sheer",Neutrogena,NEUTROGENA,title_prefix,NEUTROGENA MINERAL ULTRA SHEER FACE SPF 70,"NEUTROGENA MINERAL ULTRA SHEER FACE SPF 70 (TITANIUM DIOXIDE, ZINC OXIDE) LOTION [KENVUE BRANDS LLC]",KENVUE BRANDS LLC,sunscreen,lotion,TRUE,TRUE,FALSE,TRUE,2,ZINC OXIDE: 144 mg in 1 mL; TITANIUM DIOXIDE: 66 mg in 1 mL,24,XANTHAN GUM; POLYHYDROXYSTEARIC ACID (2300 MW); CAPRYLYL GLYCOL; PHENOXYETHANOL; GLYCERIN; ETHYLHEXYL METHOXYCRYLENE; VINYLPYRROLIDONE/HEXADECENE COPOLYMER; DIMETHICONE; TRIETHOXYCAPRYLYLSILANE; CETEARYL OLIVATE; CHLORPHENESIN; STEARIC ACID; SODIUM CHLORIDE; ETHYLHEXYLGLYCERIN; ALUMINUM HYDROXIDE; BUTYLOCTYL SALICYLATE; TRICONTANYL POVIDONE; CALCIUM SODIUM BOROSILICATE; SORBITAN OLIVATE; MEDIUM-CHAIN TRIGLYCERIDES; .ALPHA.-TOCOPHEROL ACETATE; EDETATE DISODIUM; STEARETH-21; WATER,spl_xml,69968-0895-1,69968-0895-1; 69968-0895-2,neutrogena,"Aug 04, 2025",4,https://dailymed.nlm.nih.gov/dailymed/drugInfo.cfm?setid=20e0badf-fe25-1d27-e063-6294a90a7cfe,
3169bf3b-a5a8-4c3e-a182-9f24f8ade3ac,B08QKQXHYC,https://www.amazon.com/Neutrogena-Protection-Water-Resistant-Hypoallergenic-Paraben-Free/dp/B08QKQXHYC/ref=sr_1_179?dib=eyJ2IjoiMSJ9.D_f3LLEuxwKlStvXp_sThrO4A15W13JUpz-VT8-M4r5jXYyVq1KJ_w47v04hMVpqHiHkm0QZwkk0HgzXvfLL8qaaq9B0FcWE18EHkRTwkofnfqaG8PQ-3_1XHfd6t03B8sLeOgp0n_m8h0emlYa1C6uPkK5RgiGAKgvoYJ1d8utThniIPODlbnACOoGkWSu5e1ofqWHX_z23AyY9GwilA01-RW_d5r1tX8x40BlAinDHt4r7PNKK_Dpa9531mNMC07C28yujRFrKlh7wSSZ9aSKW-7TCzLK4cYgSlRajCO8.5-2b5M6WS6K3ZKJUCZdT2e8y35yYy3Kdh8sdr34gFZA&dib_tag=se&keywords=baby+sunscreen+mineral+zinc+oxide+SPF+50+newborn+infant+fragrance+free+sensitive+skin+lotion&nsdOptOutParam=true&qid=1778019964,HIGH,brand:neutrogena|spf:50|form:lotion_cream|kw:sheer,Neutrogena,NEUTROGENA SHEER ZINC,title_prefix,NEUTROGENA SHEER ZINC FACE MINERAL SUNSCREEN BROAD SPECTRUM SPF 50,NEUTROGENA SHEER ZINC FACE MINERAL SUNSCREEN BROAD SPECTRUM SPF 50 (ZINC OXIDE) LOTION [KENVUE BRANDS LLC],KENVUE BRANDS LLC,sunscreen,lotion,TRUE,FALSE,FALSE,TRUE,1,ZINC OXIDE: 216 mg in 1 mL,23,CETYL PEG/PPG-10/1 DIMETHICONE (HLB 5); DIMETHICONE; GLYCERIN; POLYHYDROXYSTEARIC ACID (2300 MW); ETHYL METHICONE (8 MPA.S); SILICON DIOXIDE; CETYL DIMETHICONE 25; TRIETHOXYCAPRYLYLSILANE; PHENOXYETHANOL; GLYCERYL DIBEHENATE; SODIUM CHLORIDE; CHLORPHENESIN; PHENYLETHYL ALCOHOL; OATMEAL; CAPRYLYL GLYCOL; CETYL DIMETHICONE/BIS-VINYLDIMETHICONE CROSSPOLYMER; .ALPHA.-TOCOPHEROL ACETATE; FEVERFEW; WATER; ALKYL (C12-15) BENZOATE; BUTYL METHACRYLATE/METHYL METHACRYLATE/METHACRYLIC ACID/STYRENE CROSSPOLYMER; OCTYLDODECYL CITRATE CROSSPOLYMER; PHENYL TRIMETHICONE,spl_xml,69968-0623-2,69968-0623-2,neutrogena,"Jun 09, 2025",10,https://dailymed.nlm.nih.gov/dailymed/drugInfo.cfm?setid=3169bf3b-a5a8-4c3e-a182-9f24f8ade3ac,
525f7bae-44b8-44e4-93ea-32995eca2566,B08QKQXHYC,https://www.amazon.com/Neutrogena-Protection-Water-Resistant-Hypoallergenic-Paraben-Free/dp/B08QKQXHYC/ref=sr_1_179?dib=eyJ2IjoiMSJ9.D_f3LLEuxwKlStvXp_sThrO4A15W13JUpz-VT8-M4r5jXYyVq1KJ_w47v04hMVpqHiHkm0QZwkk0HgzXvfLL8qaaq9B0FcWE18EHkRTwkofnfqaG8PQ-3_1XHfd6t03B8sLeOgp0n_m8h0emlYa1C6uPkK5RgiGAKgvoYJ1d8utThniIPODlbnACOoGkWSu5e1ofqWHX_z23AyY9GwilA01-RW_d5r1tX8x40BlAinDHt4r7PNKK_Dpa9531mNMC07C28yujRFrKlh7wSSZ9aSKW-7TCzLK4cYgSlRajCO8.5-2b5M6WS6K3ZKJUCZdT2e8y35yYy3Kdh8sdr34gFZA&dib_tag=se&keywords=baby+sunscreen+mineral+zinc+oxide+SPF+50+newborn+infant+fragrance+free+sensitive+skin+lotion&nsdOptOutParam=true&qid=1778019964,HIGH,brand:neutrogena|spf:50|form:lotion_cream|kw:sheer,Neutrogena,NEUTROGENA SHEER ZINC,title_prefix,NEUTROGENA SHEER ZINC MINERAL SUNSCREEN BROAD SPECTRUM SPF 50,NEUTROGENA SHEER ZINC MINERAL SUNSCREEN BROAD SPECTRUM SPF 50 (ZINC OXIDE) LOTION [KENVUE BRANDS LLC],KENVUE BRANDS LLC,sunscreen,lotion,TRUE,FALSE,FALSE,TRUE,1,ZINC OXIDE: 216 mg in 1 mL,21,CETYL DIMETHICONE 25; TRIETHOXYCAPRYLYLSILANE; PHENOXYETHANOL; GLYCERYL DIBEHENATE; SODIUM CHLORIDE; CHLORPHENESIN; PHENYLETHYL ALCOHOL; CAPRYLYL GLYCOL; CETYL DIMETHICONE/BIS-VINYLDIMETHICONE CROSSPOLYMER; FEVERFEW; WATER; ALKYL (C12-15) BENZOATE; BUTYL METHACRYLATE/METHYL METHACRYLATE/METHACRYLIC ACID/STYRENE CROSSPOLYMER; OCTYLDODECYL CITRATE CROSSPOLYMER; PHENYL TRIMETHICONE; CETYL PEG/PPG-10/1 DIMETHICONE (HLB 5); DIMETHICONE; GLYCERIN; POLYHYDROXYSTEARIC ACID (2300 MW); ETHYL METHICONE (8 MPA.S); SILICON DIOXIDE,spl_xml,69968-0613-2,69968-0613-2; 69968-0613-3; 69968-0613-5,neutrogena,"Feb 17, 2025",11,https://dailymed.nlm.nih.gov/dailymed/drugInfo.cfm?setid=525f7bae-44b8-44e4-93ea-32995eca2566,
e99311c2-ed8b-6e60-e053-2a95a90a9bc2,B0BG1RDVP3,https://www.amazon.com/Neutrogena-Water-Resistant-Broad-Spectrum-Lightweight-Oxybenzone-Free/dp/B0BG1RDVP3/ref=sr_1_39?dib=eyJ2IjoiMSJ9.F-FFKLgP5lveUbk86xHoO0mMSbpyR_bqnNeqITvc7dPkAYNqDegu5gTtaH_kwH0-lQ2oMsCarLXrb5FfdCmoBgMJawmhD4lk4cqo2fnyW0oq2WPahsGere2SZmBdbQm6rm4z0ja4wIpcv6KPjm2sqRpl-JbTkuXpA5R208uxnHzPmzhXLaJToscCJ_ACtLkOnHhJ3sjneIhSp4n5QXlsuSKG9C4Eo0pKqcxIXjbSPaya8Yr05SIPksAKNn22Z9WNgZ8YldxFCNFwcATK7qsWIdx8-YDsisfLzYRo8kdCzyQ.ae7DA2f_cDd1vFz9t553lzcJ8ti7CZYSS3Y_Wsn_Pgc&dib_tag=se&keywords=kids+sunscreen+mineral+SPF+30+broad+spectrum+water+resistant+gentle+natural+reef+safe+lotion&nsdOptOutParam=true&qid=1778019961&sr=8-39,HIGH,"brand:neutrogena|spf:30|form:lotion_cream|kw:ultra,sheer,touch",Neutrogena,NEUTROGENA,title_prefix,NEUTROGENA MINERAL ULTRA SHEER DRY TOUCH SPF 30,"NEUTROGENA MINERAL ULTRA SHEER DRY TOUCH SPF 30 (TITANIUM DIOXIDE, ZINC OXIDE) LOTION [KENVUE BRANDS LLC]",KENVUE BRANDS LLC,sunscreen,lotion,TRUE,TRUE,FALSE,TRUE,2,ZINC OXIDE: 180 mg in 1 mL; TITANIUM DIOXIDE: 66 mg in 1 mL,26,ISOHEXADECANE; ALKYL (C12-15) BENZOATE; CAPRYLYL TRISILOXANE; GLYCERYL MONOSTEARATE; CAPRYLYL GLYCOL; NEOPENTYL GLYCOL DIHEPTANOATE; ETHYLHEXYL METHOXYCRYLENE; VINYLPYRROLIDONE/HEXADECENE COPOLYMER; BUTYL METHACRYLATE/METHYL METHACRYLATE/METHACRYLIC ACID/STYRENE CROSSPOLYMER; ALUMINUM HYDROXIDE; XANTHAN GUM; PHENOXYETHANOL; ETHYLHEXYLGLYCERIN; DOCOSANOL; ALPHA-TOCOPHEROL ACETATE; EDETATE DISODIUM ANHYDROUS; SILICON DIOXIDE; WATER; BUTYLOCTYL SALICYLATE; DIMETHICONE; TRISILOXANE; CALCIUM SODIUM BOROSILICATE; PEG-100 STEARATE; TRIETHOXYCAPRYLYLSILANE; STEARIC ACID; POLYESTER-7,spl_xml,69968-0776-1,69968-0776-1; 69968-0776-2; 69968-0776-3,neutrogena,"Feb 17, 2025",5,https://dailymed.nlm.nih.gov/dailymed/drugInfo.cfm?setid=e99311c2-ed8b-6e60-e053-2a95a90a9bc2,
18e40353-5c95-4d64-e063-6394a90a017c,B0BG1RDVP3,https://www.amazon.com/Neutrogena-Water-Resistant-Broad-Spectrum-Lightweight-Oxybenzone-Free/dp/B0BG1RDVP3/ref=sr_1_39?dib=eyJ2IjoiMSJ9.F-FFKLgP5lveUbk86xHoO0mMSbpyR_bqnNeqITvc7dPkAYNqDegu5gTtaH_kwH0-lQ2oMsCarLXrb5FfdCmoBgMJawmhD4lk4cqo2fnyW0oq2WPahsGere2SZmBdbQm6rm4z0ja4wIpcv6KPjm2sqRpl-JbTkuXpA5R208uxnHzPmzhXLaJToscCJ_ACtLkOnHhJ3sjneIhSp4n5QXlsuSKG9C4Eo0pKqcxIXjbSPaya8Yr05SIPksAKNn22Z9WNgZ8YldxFCNFwcATK7qsWIdx8-YDsisfLzYRo8kdCzyQ.ae7DA2f_cDd1vFz9t553lzcJ8ti7CZYSS3Y_Wsn_Pgc&dib_tag=se&keywords=kids+sunscreen+mineral+SPF+30+broad+spectrum+water+resistant+gentle+natural+reef+safe+lotion&nsdOptOutParam=true&qid=1778019961&sr=8-39,HIGH,"brand:neutrogena|spf:30|form:lotion_cream|kw:ultra,sheer,touch",Neutrogena,NEUTROGENA ULTRA SHEER DRY-TOUCH,title_prefix,NEUTROGENA ULTRA SHEER DRY-TOUCH SUNSCREEN BROAD SPECTRUM SPF 30,"NEUTROGENA ULTRA SHEER DRY-TOUCH SUNSCREEN BROAD SPECTRUM SPF 30 (TITANIUM DIOXIDE, ZINC OXIDE) LOTION [KENVUE BRANDS LLC]",KENVUE BRANDS LLC,sunscreen,lotion,TRUE,TRUE,FALSE,TRUE,2,ZINC OXIDE: 180 mg in 1 mL; TITANIUM DIOXIDE: 66 mg in 1 mL,26,ISOHEXADECANE; ALKYL (C12-15) BENZOATE; CAPRYLYL TRISILOXANE; GLYCERYL MONOSTEARATE; CAPRYLYL GLYCOL; NEOPENTYL GLYCOL DIHEPTANOATE; ETHYLHEXYL METHOXYCRYLENE; VINYLPYRROLIDONE/HEXADECENE COPOLYMER; BUTYL METHACRYLATE/METHYL METHACRYLATE/METHACRYLIC ACID/STYRENE CROSSPOLYMER; ALUMINUM HYDROXIDE; XANTHAN GUM; PHENOXYETHANOL; ETHYLHEXYLGLYCERIN; DOCOSANOL; ALPHA-TOCOPHEROL ACETATE; EDETATE DISODIUM; SILICON DIOXIDE; WATER; BUTYLOCTYL SALICYLATE; DIMETHICONE; TRISILOXANE; PEG-100 STEARATE; TRIETHOXYCAPRYLYLSILANE; STEARIC ACID; POLYESTER-7; POLYHYDROXYSTEARIC ACID (2300 MW),spl_xml,69968-0892-1,69968-0892-1; 69968-0892-3,neutrogena,"Nov 15, 2024",2,https://dailymed.nlm.nih.gov/dailymed/drugInfo.cfm?setid=18e40353-5c95-4d64-e063-6394a90a017c,
54a3b677-4510-4191-8386-ccdd10ccfcaa,B08QKQXHYC,https://www.amazon.com/Neutrogena-Protection-Water-Resistant-Hypoallergenic-Paraben-Free/dp/B08QKQXHYC/ref=sr_1_179?dib=eyJ2IjoiMSJ9.D_f3LLEuxwKlStvXp_sThrO4A15W13JUpz-VT8-M4r5jXYyVq1KJ_w47v04hMVpqHiHkm0QZwkk0HgzXvfLL8qaaq9B0FcWE18EHkRTwkofnfqaG8PQ-3_1XHfd6t03B8sLeOgp0n_m8h0emlYa1C6uPkK5RgiGAKgvoYJ1d8utThniIPODlbnACOoGkWSu5e1ofqWHX_z23AyY9GwilA01-RW_d5r1tX8x40BlAinDHt4r7PNKK_Dpa9531mNMC07C28yujRFrKlh7wSSZ9aSKW-7TCzLK4cYgSlRajCO8.5-2b5M6WS6K3ZKJUCZdT2e8y35yYy3Kdh8sdr34gFZA&dib_tag=se&keywords=baby+sunscreen+mineral+zinc+oxide+SPF+50+newborn+infant+fragrance+free+sensitive+skin+lotion&nsdOptOutParam=true&qid=1778019964,HIGH,"brand:neutrogena|spf:50|form:lotion_cream|kw:sheer,touch",Neutrogena,NEUTROGENA SHEER ZINC DRY-TOUCH,title_prefix,NEUTROGENA SHEER ZINC DRY-TOUCH SUNSCREEN BROAD SPECTRUM SPF50,NEUTROGENA SHEER ZINC DRY-TOUCH SUNSCREEN BROAD SPECTRUM SPF50 (ZINC OXIDE) LOTION [KENVUE BRANDS LLC],KENVUE BRANDS LLC,sunscreen,lotion,TRUE,FALSE,FALSE,TRUE,1,ZINC OXIDE: 216 mg in 1 mL,21,CAPRYLYL GLYCOL; ETHYL METHICONE (8 MPA.S); SODIUM CHLORIDE; PHENOXYETHANOL; CETYL DIMETHICONE/BIS-VINYLDIMETHICONE CROSSPOLYMER; CHLORPHENESIN; PHENYLETHYL ALCOHOL; WATER; ALKYL (C12-15) BENZOATE; BUTYL METHACRYLATE/METHYL METHACRYLATE/METHACRYLIC ACID/STYRENE CROSSPOLYMER; OCTYLDODECYL CITRATE CROSSPOLYMER; CETYL PEG/PPG-10/1 DIMETHICONE (HLB 5); DIMETHICONE; PHENYL TRIMETHICONE; POLYHYDROXYSTEARIC ACID (2300 MW); GLYCERIN; SILICON DIOXIDE; CETYL DIMETHICONE 25; TRIETHOXYCAPRYLYLSILANE; FEVERFEW; GLYCERYL DIBEHENATE,spl_xml,69968-0476-1,69968-0476-1; 69968-0476-2; 69968-0476-5,neutrogena,"Nov 15, 2024",7,https://dailymed.nlm.nih.gov/dailymed/drugInfo.cfm?setid=54a3b677-4510-4191-8386-ccdd10ccfcaa,
e7af4f58-90c8-2987-e053-2995a90a416b,B0BG1RDVP3,https://www.amazon.com/Neutrogena-Water-Resistant-Broad-Spectrum-Lightweight-Oxybenzone-Free/dp/B0BG1RDVP3/ref=sr_1_39?dib=eyJ2IjoiMSJ9.F-FFKLgP5lveUbk86xHoO0mMSbpyR_bqnNeqITvc7dPkAYNqDegu5gTtaH_kwH0-lQ2oMsCarLXrb5FfdCmoBgMJawmhD4lk4cqo2fnyW0oq2WPahsGere2SZmBdbQm6rm4z0ja4wIpcv6KPjm2sqRpl-JbTkuXpA5R208uxnHzPmzhXLaJToscCJ_ACtLkOnHhJ3sjneIhSp4n5QXlsuSKG9C4Eo0pKqcxIXjbSPaya8Yr05SIPksAKNn22Z9WNgZ8YldxFCNFwcATK7qsWIdx8-YDsisfLzYRo8kdCzyQ.ae7DA2f_cDd1vFz9t553lzcJ8ti7CZYSS3Y_Wsn_Pgc&dib_tag=se&keywords=kids+sunscreen+mineral+SPF+30+broad+spectrum+water+resistant+gentle+natural+reef+safe+lotion&nsdOptOutParam=true&qid=1778019961&sr=8-39,HIGH,brand:neutrogena|spf:30|form:lotion_cream|kw:face,Neutrogena,NEUTROGENA,title_prefix,"NEUTROGENA MINERAL UV TINT FACE MEDIUM DEEP SPF 30 (TITANIUM DIOXIDE, ZINC OXIDE) LOTION NEUTROGENA MINERAL UV TINT FACE DEEP SPF 30 (TITANIUM DIOXIDE, ZINC OXIDE) LOTION NEUTROGENA MINERAL UV TINT FACE LIGHT SPF 30 (TITANIUM DIOXIDE, ZINC OXIDE) LOTION NEUTROGENA MINERAL UV TINT FACE MEDIUM SPF 30","NEUTROGENA MINERAL UV TINT FACE MEDIUM DEEP SPF 30 (TITANIUM DIOXIDE, ZINC OXIDE) LOTION NEUTROGENA MINERAL UV TINT FACE DEEP SPF 30 (TITANIUM DIOXIDE, ZINC OXIDE) LOTION NEUTROGENA MINERAL UV TINT FACE LIGHT SPF 30 (TITANIUM DIOXIDE, ZINC OXIDE) LOTION NEUTROGENA MINERAL UV TINT FACE MEDIUM SPF 30 (TITANIUM DIOXIDE, ZINC OXIDE) LOTION [KENVUE BRANDS LLC]",KENVUE BRANDS LLC,sunscreen,lotion,TRUE,TRUE,FALSE,TRUE,2,TITANIUM DIOXIDE: 32 mg in 1 mL; ZINC OXIDE: 216 mg in 1 mL,19,WATER; ISOHEXADECANE; DIMETHICONE; ISOPROPYL PALMITATE; CETYL PEG/PPG-10/1 DIMETHICONE (HLB 5); ALKYL (C12-15) BENZOATE; SODIUM CHLORIDE; PHENOXYETHANOL; ETHYLHEXYLGLYCERIN; ALUMINUM HYDROXIDE; XANTHAN GUM; FERRIC OXIDE RED; STEARIC ACID; TRIETHOXYCAPRYLYLSILANE; .ALPHA.-TOCOPHEROL ACETATE; DICAPRYLYL CARBONATE; ISONONYL ISONONANOATE; SORBITAN SESQUIOLEATE; DIMETHICONE CROSSPOLYMER (450000 MPA.S AT 12% IN CYCLOPENTASILOXANE),spl_xml,69968-0781-1,69968-0781-1; 69968-0781-2; 69968-0782-1; 69968-0782-2; 69968-0783-1; 69968-0783-2; 69968-0784-1; 69968-0784-2,neutrogena,"Nov 15, 2024",5,https://dailymed.nlm.nih.gov/dailymed/drugInfo.cfm?setid=e7af4f58-90c8-2987-e053-2995a90a416b,
4955fa1c-789d-4f42-af75-70223310644a,B0DPGRPTR3,https://www.amazon.com/Mineral-Athletes-Sunscreen-Fragrance-Free-Paraben-Free/dp/B0DPGRPTR3/ref=sr_1_115?dib=eyJ2IjoiMSJ9.gjj9HdtopHH1UmKMogGRI367_REjMlxaZ_hd5_iegnVA60vKZsn2sbhUSPIwu5sVZj-2lW_s3TW44y0_j425jkiCLEpTcYB9a9RSt8SRQYkGnOzAhN5SKm27Fhza5yi0gcXFeODpsiJrVzrXQRF0Zh3LDSDvtaL6w-4hMvhvYmpLTBb8yRFS9kXeDLaLE7y20f5H9OtT4icRseTvxreELDFddzfw26hCtHzxtRPrW4239DFvyS1wxLGwu6jctyd-OLVBJ7pp2IAxUP_5xaxQ7C8XRvwt6cdAbkkAHcT0_98.DUmeywjDCtleAuoyTeNvXptTZa-OzkH9qZ8FBbkmUus&dib_tag=se&keywords=baby+sunscreen+stick+mineral+zinc+oxide+SPF+50+face+fragrance+free+sensitive+easy+apply&nsdOptOutParam=true&qid=1778019973&rdc=1,HIGH,brand:blue lizard|spf:50|form:lotion_cream|kw:sport,Blue Lizard,BLUE LIZARD SPORT,title_prefix,BLUE LIZARD SPORT SPF 50 SUNSCREEN,BLUE LIZARD SPORT SPF 50 SUNSCREEN (OCTISALATE AND TITANIUM DIOXIDE AND ZINC OXIDE) LOTION [CROWN LABORATORIES],CROWN LABORATORIES,sunscreen,lotion,TRUE,TRUE,TRUE,TRUE,3,OCTISALATE: 55.5 mg in 1 mL; TITANIUM DIOXIDE: 59.5 mg in 1 mL; ZINC OXIDE: 111 mg in 1 mL,34,ALUMINUM OXIDE; ALUMINUM STEARATE; TRIETHOXYCAPRYLYLSILANE; YELLOW WAX; MEDIUM-CHAIN TRIGLYCERIDES; ARGININE; METHYLPROPANEDIOL; CETYL PEG/PPG-10/1 DIMETHICONE (HLB 5); ALKYL (C12-15) BENZOATE; EDETATE DISODIUM; CAPRYLYL GLYCOL; HEXYL LAURATE; HYDROGENATED CASTOR OIL; METHYL GLUCOSE DIOLEATE; OCTYLDODECYL NEOPENTANOATE; PEG-7 HYDROGENATED CASTOR OIL; POLYGLYCERYL-4 ISOSTEARATE; PHENOXYETHANOL; PROPANEDIOL; WATER; SORBITAN MONOOLEATE; STEARIC ACID; .ALPHA.-TOCOPHEROL ACETATE; DIMETHICONE; TRIMETHYLSILOXYSILICATE (M/Q 0.8-1.0); HEXADECYL POVIDONE (4 HEXADECYL BRANCHES/REPEAT); POLYHYDROXYSTEARIC ACID (2300 MW); CETYL DIMETHICONE 25; ETHYLHEXYLGLYCERIN; PHENYLPROPANOL; DIISOPROPYL SEBACATE; POLYURETHANE-35 (NOT MORE THAN 500 MPA.S AT 40%); BUTYLOCTYL SALICYLATE; ISOSTEARYL ISOSTEARATE,spl_xml,0316-2075-30,0316-2075-30; 0316-2075-40; 0316-2075-45; 0316-2075-50,blue lizard,"May 04, 2026",8,https://dailymed.nlm.nih.gov/dailymed/drugInfo.cfm?setid=4955fa1c-789d-4f42-af75-70223310644a,
2f3844d8-0367-aad9-e063-6294a90a1fce,B0DPGRPTR3,https://www.amazon.com/Mineral-Athletes-Sunscreen-Fragrance-Free-Paraben-Free/dp/B0DPGRPTR3/ref=sr_1_115?dib=eyJ2IjoiMSJ9.gjj9HdtopHH1UmKMogGRI367_REjMlxaZ_hd5_iegnVA60vKZsn2sbhUSPIwu5sVZj-2lW_s3TW44y0_j425jkiCLEpTcYB9a9RSt8SRQYkGnOzAhN5SKm27Fhza5yi0gcXFeODpsiJrVzrXQRF0Zh3LDSDvtaL6w-4hMvhvYmpLTBb8yRFS9kXeDLaLE7y20f5H9OtT4icRseTvxreELDFddzfw26hCtHzxtRPrW4239DFvyS1wxLGwu6jctyd-OLVBJ7pp2IAxUP_5xaxQ7C8XRvwt6cdAbkkAHcT0_98.DUmeywjDCtleAuoyTeNvXptTZa-OzkH9qZ8FBbkmUus&dib_tag=se&keywords=baby+sunscreen+stick+mineral+zinc+oxide+SPF+50+face+fragrance+free+sensitive+easy+apply&nsdOptOutParam=true&qid=1778019973&rdc=1,HIGH,brand:blue lizard|spf:50|form:lotion_cream|kw:sport,Blue Lizard,BLUE LIZARD SPORT,title_prefix,BLUE LIZARD SPORT SPF 50 SUNSCREEN,BLUE LIZARD SPORT SPF 50 SUNSCREEN (TITANIUM DIOXIDE AND ZINC OXIDE) LOTION [CROWN LABORATORIES],CROWN LABORATORIES,sunscreen,lotion,TRUE,TRUE,FALSE,TRUE,2,TITANIUM DIOXIDE: 89.6 mg in 1 mL; ZINC OXIDE: 112 mg in 1 mL,31,"HYDROXYACETOPHENONE; BUTYLOCTYL SALICYLATE; 1,2-HEXANEDIOL; ZINC GLUCONATE; ALKYL (C12-15) BENZOATE; TOCOPHEROL; MAGNESIUM ASPARTATE; PENTYLENE GLYCOL; ALUMINUM OXIDE; ALUMINUM STEARATE; TRIETHOXYCAPRYLYLSILANE; CETYL PEG/PPG-10/1 DIMETHICONE (HLB 5); EDETATE DISODIUM; ETHYLHEXYL PALMITATE; ETHYLHEXYL STEARATE; CAPRYLYL GLYCOL; HEXYL LAURATE; METHYL GLUCOSE DIOLEATE; OCTYLDODECYL NEOPENTANOATE; PEG-7 HYDROGENATED CASTOR OIL; POLYGLYCERYL-4 ISOSTEARATE; PROPANEDIOL; WATER; .ALPHA.-TOCOPHEROL ACETATE; DIMETHICONE; TRIMETHYLSILOXYSILICATE (M/Q 0.8-1.0); HEXADECYL POVIDONE (4 HEXADECYL BRANCHES/REPEAT); POLYHYDROXYSTEARIC ACID (2300 MW); CETYL DIMETHICONE 25; COPPER GLUCONATE; EUPHORBIA CERIFERA (CANDELILLA) WAX",spl_xml,0316-2078-30,0316-2078-30; 0316-2078-35,blue lizard,"Jan 14, 2026",2,https://dailymed.nlm.nih.gov/dailymed/drugInfo.cfm?setid=2f3844d8-0367-aad9-e063-6294a90a1fce,
30cd79da-2f25-a42a-e063-6394a90a8332,B0935NNYK1,https://www.amazon.com/Blue-Lizard-Sunscreen-Paraben-Free-Fragrance-Free/dp/B0935NNYK1/ref=sr_1_189?dib=eyJ2IjoiMSJ9.JCpVPP0eqdeUp1aWiMfdKMock5HNZIEiWQ5uQBxf5enLPuyyDkZnK6kg1g9B3PiYhdLFHmgMBmaup9rxLf-7aDFOF75UEdvruMNa8lzYSdYAjiV25hjzBI5WLAcqfeWHQUfbBkNQ5FzO8NSQJ3pHKe1m55GxqLZaYV5En0lzR3JnpyOqUYmTSLzPXiubre6CGBmEHjrccXrkLUpn5t_Bp0U0sq5P_GGNbxc1ApWBPj0N46c_GwVTCg3NBDwQodaeNxyU95jv38ktklizaFNrfjLgR6aXH3usrdyNrNYLtKs.BdBKImltM_i_Y_FCmqeRCoA_dyuTYgaZk7rP3G4zpnk&dib_tag=se&keywords=baby+sunscreen+face+only+mineral+SPF+gentle+non+greasy&nsdOptOutParam=true&qid=1778020006,HIGH,"brand:blue lizard|spf:50|form:lotion_cream|kw:face,sheer",Blue Lizard,BLUE LIZARD SHEER,title_prefix,BLUE LIZARD SHEER FACE SPF 50 SUNSCREEN,BLUE LIZARD SHEER FACE SPF 50 SUNSCREEN (TITANIUM DIOXIDE AND ZINC OXIDE) LOTION [CROWN LABORATORIES],CROWN LABORATORIES,sunscreen,lotion,TRUE,TRUE,FALSE,TRUE,2,TITANIUM DIOXIDE: 91.2 mg in 1 mL; ZINC OXIDE: 114 mg in 1 mL,47,"BUTYROSPERMUM PARKII (SHEA) BUTTER; ISOSTEARYL ALCOHOL; RICE GERM; POLYGLYCERYL-3 DIISOSTEARATE; ISOLEUCINE; PONGAMIA PINNATA SEED; SCLEROCARYA BIRREA SEED OIL; SODIUM LACTATE; VALINE; TASMANNIA LANCEOLATA LEAF; ALANINE; ARGININE; SOYBEAN OIL; HYALURONATE SODIUM; HISTIDINE; HYDROXYACETOPHENONE; PCA; ASPARTIC ACID; CAPRYLYL GLYCOL; DIISOPROPYL SEBACATE; ROSA CANINA FRUIT OIL; SQUALANE; SYZYGIUM ANISATUM LEAF; HIBISCUS SABDARIFFA FLOWER; 1,2-HEXANEDIOL; SODIUM CHLORIDE; ALOE BARBADENSIS LEAF JUICE; SORBITAN ISOSTEARATE; POLYGLYCERYL-3 PENTARICINOLEATE; PROLINE; ISOSTEARYL ISOSTEARATE; PHENYLALANINE; ALUMINUM STEARATE; ALUMINUM OXIDE; TRIETHOXYCAPRYLYLSILANE; ALKYL (C12-15) BENZOATE; WATER; .ALPHA.-TOCOPHEROL ACETATE; HEXADECYL POVIDONE (4 HEXADECYL BRANCHES/REPEAT); POLYHYDROXYSTEARIC ACID (2300 MW); THREONINE; XANTHAN GUM; SERINE; GLYCINE; CAPRYLIC/CAPRIC TRIGLYCERIDE; GLYCERIN; SODIUM PCA",spl_xml,0316-2077-17,0316-2077-17,blue lizard,"Jan 14, 2026",2,https://dailymed.nlm.nih.gov/dailymed/drugInfo.cfm?setid=30cd79da-2f25-a42a-e063-6394a90a8332,
3368f1cb-c341-e886-e063-6394a90a9b7c,B0DPGRKT86,https://www.amazon.com/Sunscreen-Nourishes-Australian-Paraben-Fragrance-Free/dp/B0DPGRKT86/ref=sr_1_84?dib=eyJ2IjoiMSJ9.eo7wXX7xdi5M55SKJJIlxnL3xdWAoUlh8qAD7tou6a2Ce5Seh5FJSQRiPL5BTL8t58GZCXGfDNJZqN3XSGqhN7gwX-RZmo8PF28bvAI4-aF8tFRfq8sb3kJNWNDlUU5M0CXZ9W2jZpceYZ5RwqNxeewYwDhpEN8t0fwNlac1M2Nm-tDxE90RLif4hKsTDSzcMfdG94PdrdodGW512Irkq8zBS5XfoJ40TbWsVBD2Q5ZAbLPk0zdsFRmg2kBmd4dDJHLunIdcC43cthjngOR5ILpUYVPRx2QLZ3nPD3YhNsw.BrDj44g1_cZLJkeke1nanXodNSYoi0MsmUlwRFdOBsg&dib_tag=se&keywords=toddler+sunscreen+mineral+zinc+oxide+SPF+50+face+body+lotion+1-3+years+organic&nsdOptOutParam=true&qid=1778019958,HIGH,brand:blue lizard|spf:50|form:lotion_cream|kw:sheer,Blue Lizard,BLUE LIZARD SHEER,title_prefix,BLUE LIZARD SHEER SPF 50 SUNSCREEN,BLUE LIZARD SHEER SPF 50 SUNSCREEN (ZINC OXIDE) LOTION [CROWN LABORATORIES],CROWN LABORATORIES,sunscreen,lotion,TRUE,FALSE,FALSE,TRUE,1,ZINC OXIDE: 303.8 mg in 1 mL,26,"CAPRYLIC/CAPRIC TRIGLYCERIDE; LECITHIN, SUNFLOWER; POLYGLYCERYL-3 PENTARICINOLEATE; POLYGLYCERYL-4 DIISOSTEARATE/POLYHYDROXYSTEARATE/SEBACATE; TOCOPHEROL; QUATERNIUM-90 BENTONITE; ISOSTEARIC ACID; C13-15 ALKANE; ETHYL MACADAMIATE; HYDROXYACETOPHENONE; PROPANEDIOL; SODIUM CHLORIDE; ACACIA VICTORIAE FRUIT; GLYCERIN; ETHYLHEXYLGLYCERIN; WATER; TRIETHYL CITRATE; XANTHAN GUM; .ALPHA.-TOCOPHEROL ACETATE; POLYHYDROXYSTEARIC ACID (2300 MW); CITRUS GLAUCA FRUIT; TRISODIUM ETHYLENEDIAMINE DISUCCINATE; BENZYL ALCOHOL; BUTYLOCTYL SALICYLATE; MALIC ACID; SANTALUM ACUMINATUM FRUIT",spl_xml,0316-2059-30,0316-2059-30,blue lizard,"Jan 14, 2026",2,https://dailymed.nlm.nih.gov/dailymed/drugInfo.cfm?setid=3368f1cb-c341-e886-e063-6394a90a9b7c,
99839894-9695-2cd1-e053-2995a90acba6,B0C4C765ZL,https://www.amazon.com/Bundle-Lizard-Mineral-Sunscreen-Oxide/dp/B0C4C765ZL/ref=sr_1_158?dib=eyJ2IjoiMSJ9.A8UCFXYhA7uC-QUSIUeKWkB6e2wFZoYeXDCsBdBUYBN2KfSiEiQ3SUwTqSALSAdR1igo_wh06-4SESjQMWq0PG_P0ilBIc5a2I3Wn6Q2cHDHS8qymYAQ9NyIQM2w_xuQQ3CSCbRL9RTxmXIFYz7m5Bk6QCqSy3Z69WVTKCOW6OTYYAOuiLCxjoIh25b6XmE7MXHWg0BSErPuInDwIvViZupjF-vvVrpoqLn9oVuHgf6HVGMfl66R0TmBTBlekCmrt6KXVlx8Gqfvnpt-s52e6TpY26_8Pu0Me6KmAZ00JSw.UGhDxfmjCU8_HkH1SPPEGHOfx4Tp319U6g7irhV4jBg&dib_tag=se&keywords=toddler+sunscreen+mineral+zinc+oxide+SPF+50+face+body+lotion+1-3+years+organic&nsdOptOutParam=true&qid=1778019964,HIGH,brand:blue lizard|spf:50|form:stick,Blue Lizard,BLUE LIZARD,title_prefix,BLUE LIZARD SENSITIVE SPF 50,BLUE LIZARD SENSITIVE SPF 50 (ZINC OXIDE) STICK [CROWN LABORATORIES],CROWN LABORATORIES,sunscreen,stick,TRUE,FALSE,FALSE,TRUE,1,ZINC OXIDE: 20 mg in 1 g,15,"SOYBEAN OIL; BEHENYL BEHENATE; COCONUT OIL; POLYHYDROXYSTEARIC ACID STEARATE; CASTOR OIL; .ALPHA.-TOCOPHEROL, D-; JOJOBA OIL; ALOE VERA LEAF; MEDIUM-CHAIN TRIGLYCERIDES; SUNFLOWER OIL; COCOA BUTTER; HELIANTHUS ANNUUS SEED WAX; CANDELILLA WAX; SQUALANE; SHEA BUTTER",spl_xml,0316-2013-05,0316-2013-05,blue lizard,"Jan 14, 2026",8,https://dailymed.nlm.nih.gov/dailymed/drugInfo.cfm?setid=99839894-9695-2cd1-e053-2995a90acba6,
baed8202-21fd-3a43-e053-2a95a90ada32,B0935NNYK1,https://www.amazon.com/Blue-Lizard-Sunscreen-Paraben-Free-Fragrance-Free/dp/B0935NNYK1/ref=sr_1_189?dib=eyJ2IjoiMSJ9.JCpVPP0eqdeUp1aWiMfdKMock5HNZIEiWQ5uQBxf5enLPuyyDkZnK6kg1g9B3PiYhdLFHmgMBmaup9rxLf-7aDFOF75UEdvruMNa8lzYSdYAjiV25hjzBI5WLAcqfeWHQUfbBkNQ5FzO8NSQJ3pHKe1m55GxqLZaYV5En0lzR3JnpyOqUYmTSLzPXiubre6CGBmEHjrccXrkLUpn5t_Bp0U0sq5P_GGNbxc1ApWBPj0N46c_GwVTCg3NBDwQodaeNxyU95jv38ktklizaFNrfjLgR6aXH3usrdyNrNYLtKs.BdBKImltM_i_Y_FCmqeRCoA_dyuTYgaZk7rP3G4zpnk&dib_tag=se&keywords=baby+sunscreen+face+only+mineral+SPF+gentle+non+greasy&nsdOptOutParam=true&qid=1778020006,HIGH,"brand:blue lizard|spf:50|form:lotion_cream|kw:face,sheer",Blue Lizard,BLUE LIZARD SHEER,title_prefix,BLUE LIZARD SHEER FACE SPF 50 SUNSCREEN,BLUE LIZARD SHEER FACE SPF 50 SUNSCREEN (TITANIUM DIOXIDE AND ZINC OXIDE) LOTION [CROWN LABORATORIES],CROWN LABORATORIES,sunscreen,lotion,TRUE,TRUE,FALSE,TRUE,2,ZINC OXIDE: 66.6 mg in 1 mL; TITANIUM DIOXIDE: 99.9 mg in 1 mL,53,SODIUM LACTATE; SODIUM PYRROLIDONE CARBOXYLATE; THREONINE; VALINE; XANTHAN GUM; SORBITAN ISOSTEARATE; .ALPHA.-TOCOPHEROL ACETATE; HYALURONATE SODIUM; WATER; SERINE; SODIUM BENZOATE; ALUMINUM STEARATE; ALUMINUM OXIDE; ISOSTEARYL ISOSTEARATE; FUCUS VESICULOSUS; GINKGO; GLYCERIN; GLYCINE; HISTIDINE; POLYGLYCERYL-3 PENTARICINOLEATE; HYDROGENATED RAPESEED OIL; SOYBEAN OIL; RICE GERM; PIDOLIC ACID; POLYGLYCERYL-3 DIISOSTEARATE; ASPARTIC ACID; ETHYLHEXYLGLYCERIN; SHEA BUTTER; PAPAYA; CRITHMUM MARITIMUM; ALOE VERA LEAF; CUCUMBER; PHENOXYETHANOL; PHENYLALANINE; ISOLEUCINE; ISOSTEARYL ALCOHOL; SQUALANE; SCLEROCARYA BIRREA SEED OIL; ROSA CANINA FRUIT OIL; PROLINE; SODIUM CHLORIDE; ALKYL (C12-15) BENZOATE; CITRIC ACID MONOHYDRATE; DIISOPROPYL SEBACATE; HAMAMELIS VIRGINIANA LEAF; TRIETHOXYCAPRYLYLSILANE; POTASSIUM SORBATE; DIMETHOXYDIPHENYLSILANE; POLYHYDROXYSTEARIC ACID (2300 MW); HYDROGENATED PALM OIL; ALANINE; ARGININE; MEDIUM-CHAIN TRIGLYCERIDES,spl_xml,0316-2057-17,0316-2057-17,blue lizard,"Jan 14, 2026",7,https://dailymed.nlm.nih.gov/dailymed/drugInfo.cfm?setid=baed8202-21fd-3a43-e053-2a95a90ada32,
9d20b230-2cce-4d90-e053-2995a90a4c03,B084ZP1H7B,https://www.amazon.com/BLUE-LIZARD-Baby-Mineral-Sunscreen/dp/B084ZP1H7B/ref=sr_1_5?dib=eyJ2IjoiMSJ9.v8W8su3z-BD3cYaDgyqrx-i5sqsY5wIEwEJEQid0zB6wd0oemCwiyJWD-yxl8N_gTvpTXwaegOy3dwTPddSgBltTRXJn0dDMuu65EmsaeGn-Y0NpMoyyg87I6mL8AXSZGUJvrGL0pDcbafSN-NX44zMU705zW2QdcyoiFLWZYrQ-QFtV53_4ineyp3TDolEZhxmno14Tpp9JBELufwqrVHpoCUBI8c4uhYQCZDFCEDsFMhVKemlvwZkKaNY4idUSsJyTZ8JjpnRk9ik0dvGPLQBulPw5WRB1S80s2Qubzns.dMwfeCvkhL7NluCmZmt263yodPaIfARf3H9NgFZHqV0&dib_tag=se&keywords=infant+sun+cream+mineral+zinc+oxide+0-6+months+pediatrician+sensitive&nsdOptOutParam=true&qid=1778019955&rdc=1&sr=8-5,HIGH,brand:blue lizard|spf:50|form:lotion_cream,Blue Lizard,BLUE LIZARD,title_prefix,BLUE LIZARD SENSITIVE SPF 50 SUNSCREEN,BLUE LIZARD SENSITIVE SPF 50 SUNSCREEN (TITANIUM DIOXIDE AND ZINC OXIDE) LOTION [CROWN LABORATORIES],CROWN LABORATORIES,sunscreen,lotion,TRUE,TRUE,FALSE,TRUE,2,TITANIUM DIOXIDE: 89.6 mg in 1 mL; ZINC OXIDE: 112 mg in 1 mL,28,POLYGLYCERYL-4 ISOSTEARATE; PEG-7 HYDROGENATED CASTOR OIL; PHENOXYETHANOL; STEARIC ACID; PROPANEDIOL; WATER; SORBITAN MONOOLEATE; .ALPHA.-TOCOPHEROL ACETATE; HEXADECYL POVIDONE (4 HEXADECYL BRANCHES/REPEAT); DIMETHICONE; TRIMETHYLSILOXYSILICATE (M/Q 0.8-1.0); POLYHYDROXYSTEARIC ACID (2300 MW); CETYL DIMETHICONE 25; ALUMINUM STEARATE; TRIETHOXYCAPRYLYLSILANE; ETHYLHEXYL PALMITATE; ALUMINUM OXIDE; YELLOW WAX; ALKYL (C12-15) BENZOATE; CETYL PEG/PPG-10/1 DIMETHICONE (HLB 5); EDETATE DISODIUM; ETHYLHEXYL STEARATE; CAPRYLYL GLYCOL; HEXYL LAURATE; HYDROGENATED CASTOR OIL; METHYL GLUCOSE DIOLEATE; CHLORPHENESIN; OCTYLDODECYL NEOPENTANOATE,spl_xml,0316-2046-10,0316-2046-10; 0316-2046-30; 0316-2046-40; 0316-2046-45; 0316-2046-50,blue lizard,"Jan 14, 2026",6,https://dailymed.nlm.nih.gov/dailymed/drugInfo.cfm?setid=9d20b230-2cce-4d90-e053-2995a90a4c03,
bb101039-dd3c-46da-e053-2a95a90aff8b,B0CC3HP7TC,https://www.amazon.com/Blue-Lizard-Mineral-Sunscreen-Spray/dp/B0CC3HP7TC/ref=sr_1_202?dib=eyJ2IjoiMSJ9.G00M0-PENLZPM99QgJvsW7KFJ3EmS2R0LRClvqK1lSm0SE6D_haHY39Ec_5WF4sDCdS26h5P73YCcXK5JgYCHefUutTNJyTSpuBvL1RSf_of7tRStFoJYDDm1Dd6b7nVkY1THTBHFsY1odDmVAy0Tw.S3xJqlwDZsyDSHqxyzGJ2OXNVU0iRPUjelVnRA2CCkk&dib_tag=se&keywords=toddler+sunscreen+mineral+zinc+oxide+SPF+50+face+body+lotion+1-3+years+organic&nsdOptOutParam=true&qid=1778019967,HIGH,brand:blue lizard|spf:50|form:spray,Blue Lizard,BLUE LIZARD,title_prefix,BLUE LIZARD SENSITIVE SPF 50,BLUE LIZARD SENSITIVE SPF 50 (ZINC OXIDE) SPRAY [CROWN LABORATORIES],CROWN LABORATORIES,sunscreen,spray,TRUE,FALSE,FALSE,TRUE,1,ZINC OXIDE: 24 mg in 1 g,21,"ALOE VERA LEAF; DIMETHICONE; PROPANEDIOL; SYNTHETIC BEESWAX; ETHYLHEXYLGLYCERIN; POLYHYDROXYSTEARIC ACID (2300 MW); ALKYL (C12-15) BENZOATE; CETYL DIGLYCERYL TRIS(TRIMETHYLSILOXY)SILYLETHYL DIMETHICONE (3500 MM2/S); HYDROGEN DIMETHICONE (20 CST); GLYCERIN; HYDROGENATED POLY(C6-14 OLEFIN; 4 CST); SILICON DIOXIDE; SODIUM CHLORIDE; WATER; CAPRYLYL GLYCOL; BUTYLOCTYL SALICYLATE; 1,3,3,3-TETRAFLUOROPROPENE, (1E)-; ISOPROPYL MYRISTATE; PENTYLENE GLYCOL; PHYTATE SODIUM; SORBITAN OLIVATE",spl_xml,0316-2083-05,0316-2083-05; 0316-2083-45,blue lizard,"Jan 14, 2026",9,https://dailymed.nlm.nih.gov/dailymed/drugInfo.cfm?setid=bb101039-dd3c-46da-e053-2a95a90aff8b,
bfefb252-7e37-4675-e053-2995a90acb93,B08Y8JM716,https://www.amazon.com/Sunscreen-Dermatologist-Recommended-Broad-Spectrum-Protection-Water-Resistant/dp/B08Y8JM716/ref=sr_1_22?dib=eyJ2IjoiMSJ9.makwHfHVpqaLfhlYsr0IzZQtxUJOYjmCGIhOCvkye7CRJ_-ytFPOdRWdqyQIJnebmpWT1hnWVIwI8-Tfdd9GFcnN2glTIPk3GdvemE-iI4_69O_H7xrdvGTGVviELMVnIFAlJn0mOu3Y98nfKa3Isx1qBSwFaDCXRM7Izxc9dXeFn7_4W65uy8QMedq5iQeWoDRganH0We39Sc2CPDCByKJtgQMw9Mr6jIvlhT19xumXQWi3LJTVBgxCfL2bY9W4Nei0DmwQkmkbPUWz6-4yo55LrXw3mf3bC0V7uDQnvsU.3bs_gcY_cIf_3_sgLMDS7vKEwjErH_7RBC30WWknZ8A&dib_tag=se&keywords=kids+sunscreen+spray+mineral+broad+spectrum+SPF+30+zinc+oxide+aerosol+fast+application&nsdOptOutParam=true&qid=1778019975&rdc=1&sr=8-22,HIGH,brand:blue lizard|spf:50|form:spray|kw:sport,Blue Lizard,BLUE LIZARD SPORT,title_prefix,BLUE LIZARD SPORT SPF 50,BLUE LIZARD SPORT SPF 50 (ZINC OXIDE) SPRAY [CROWN LABORATORIES],CROWN LABORATORIES,sunscreen,spray,TRUE,FALSE,FALSE,TRUE,1,ZINC OXIDE: 24 mg in 1 g,24,"ETHYLHEXYLGLYCERIN; DIMETHICONE; HYDROGENATED POLY(C6-14 OLEFIN; 4 CST); PHYTATE SODIUM; CETYL DIGLYCERYL TRIS(TRIMETHYLSILOXY)SILYLETHYL DIMETHICONE (3500 MM2/S); ALKYL (C12-15) BENZOATE; ISOPROPYL MYRISTATE; MAGNESIUM ASPARTATE; SODIUM CHLORIDE; WATER; COPPER GLUCONATE; HYDROGEN DIMETHICONE (20 CST); SYNTHETIC BEESWAX; SORBITAN OLIVATE; ZINC GLUCONATE; PHENOXYETHANOL; CAPRYLYL GLYCOL; BUTYLOCTYL SALICYLATE; POLYHYDROXYSTEARIC ACID (2300 MW); 1,3,3,3-TETRAFLUOROPROPENE, (1E)-; GLYCERIN; PENTYLENE GLYCOL; SILICON DIOXIDE; PROPANEDIOL",spl_xml,0316-2080-05,0316-2080-05; 0316-2080-45,blue lizard,"Jan 14, 2026",9,https://dailymed.nlm.nih.gov/dailymed/drugInfo.cfm?setid=bfefb252-7e37-4675-e053-2995a90acb93,
c20fce25-8120-fe5d-e053-2a95a90a53a0,B0DPGRKT86,https://www.amazon.com/Sunscreen-Nourishes-Australian-Paraben-Fragrance-Free/dp/B0DPGRKT86/ref=sr_1_84?dib=eyJ2IjoiMSJ9.eo7wXX7xdi5M55SKJJIlxnL3xdWAoUlh8qAD7tou6a2Ce5Seh5FJSQRiPL5BTL8t58GZCXGfDNJZqN3XSGqhN7gwX-RZmo8PF28bvAI4-aF8tFRfq8sb3kJNWNDlUU5M0CXZ9W2jZpceYZ5RwqNxeewYwDhpEN8t0fwNlac1M2Nm-tDxE90RLif4hKsTDSzcMfdG94PdrdodGW512Irkq8zBS5XfoJ40TbWsVBD2Q5ZAbLPk0zdsFRmg2kBmd4dDJHLunIdcC43cthjngOR5ILpUYVPRx2QLZ3nPD3YhNsw.BrDj44g1_cZLJkeke1nanXodNSYoi0MsmUlwRFdOBsg&dib_tag=se&keywords=toddler+sunscreen+mineral+zinc+oxide+SPF+50+face+body+lotion+1-3+years+organic&nsdOptOutParam=true&qid=1778019958,HIGH,brand:blue lizard|spf:50|form:lotion_cream|kw:sheer,Blue Lizard,BLUE LIZARD SHEER,title_prefix,BLUE LIZARD SHEER SPF 50 SUNSCREEN,"BLUE LIZARD SHEER SPF 50 SUNSCREEN (TITANIUM DIOXIDE, ZINC OXIDE) LOTION [CROWN LABORATORIES]",CROWN LABORATORIES,sunscreen,lotion,TRUE,TRUE,FALSE,TRUE,2,ZINC OXIDE: 66.6 mg in 1 mL; TITANIUM DIOXIDE: 99.9 mg in 1 mL,39,HAMAMELIS VIRGINIANA LEAF; GINKGO; GLYCERIN; ALOE VERA LEAF; ALUMINUM OXIDE; ALUMINUM STEARATE; SHEA BUTTER; ALKYL (C12-15) BENZOATE; MEDIUM-CHAIN TRIGLYCERIDES; PAPAYA; CITRIC ACID MONOHYDRATE; ORANGE PEEL; CRITHMUM MARITIMUM WHOLE; CUCUMBER; DIISOPROPYL SEBACATE; DIMETHOXYDIPHENYLSILANE; TRIETHOXYCAPRYLYLSILANE; ETHYLHEXYLGLYCERIN; FUCUS VESICULOSUS; .GAMMA.-NONALACTONE; HYDROGENATED PALM OIL; HYDROGENATED RAPESEED OIL; ISOSTEARYL ISOSTEARATE; POTASSIUM SORBATE; WATER; CASTOR OIL; SCLEROCARYA BIRREA SEED OIL; SODIUM CHLORIDE; SORBITAN ISOSTEARATE; TRIETHYL CITRATE; XANTHAN GUM; SQUALANE; POLYGLYCERYL-3 PENTARICINOLEATE; .ALPHA.-TOCOPHEROL ACETATE; ISOSTEARYL ALCOHOL; PHENOXYETHANOL; POLYHYDROXYSTEARIC ACID (2300 MW); ROSA CANINA FRUIT OIL; SODIUM BENZOATE,spl_xml,0316-2064-30,0316-2064-30,blue lizard,"Jan 14, 2026",7,https://dailymed.nlm.nih.gov/dailymed/drugInfo.cfm?setid=c20fce25-8120-fe5d-e053-2a95a90a53a0,
0806bdb9-961f-3146-e063-6294a90a4625,B09P48K9GY,https://www.amazon.com/Coppertone-Simple-Sunscreen-Multi-Mineral/dp/B09P48K9GY/ref=sr_1_81?dib=eyJ2IjoiMSJ9.ZywXOXo31S2E4zHCMz8uJ9pbf8ujSMMpwhtTpmTbMNE2TpBr-4QbbfQJNb3Stq7BTV3gytVF5cA-2q9a3nW3O-P5NHShNqIsya34La3z5JFEKZqJBgXWQumvhrJZJMKYY6vXdfIbZZrCmbnTWI0LAq76_wZgGIdK_HjoJalpEJJ6VRM99iFWtrWxK3kI7hQ3GZiyBtqYgelRUYTckIZxOmwZkibaHHcFn-YsIsL92DMTM4TX_YmqZUWM2aL4lNBSUbdxKS9WoNNBbu7JB9eRYHXOaEJjNY99Y-2faN8DENg.ZeUSZMy9tyM2rKr1kYQjO3h5mtqwyCZ0PmtpMP_i-kM&dib_tag=se&keywords=infant+sun+cream+mineral+zinc+oxide+0-6+months+pediatrician+sensitive&nsdOptOutParam=true&qid=1778019957,HIGH,"brand:coppertone|spf:50|form:spray|kw:simple,pure",Coppertone,COPPERTONE WATERBABIES,title_prefix,COPPERTONE WATERBABIES PURE AND SIMPLE SUNSCREEN SPF 50,COPPERTONE WATERBABIES PURE AND SIMPLE SUNSCREEN SPF 50 (ZINC OXIDE 24.08%) SPRAY [BEIERSDORF INC],BEIERSDORF INC,sunscreen,spray,TRUE,FALSE,FALSE,TRUE,1,ZINC OXIDE: 24.08 g in 100 g,24,"1,2-HEXANEDIOL; DIMETHICONE; CAPRYLYL TRIMETHICONE; ETHYLHEXYL ISONONANOATE; SYNTHETIC BEESWAX; CAPRYLYL GLYCOL; ALKYL (C12-15) BENZOATE; ISOBUTANE; WATER; SODIUM CHLORIDE; ISOPROPYL PALMITATE; DIPROPYLENE GLYCOL; BIS-OCTYLDODECYL DIMER DILINOLEATE/PROPANEDIOL COPOLYMER; POLYESTER-7; ETHYLHEXYL METHOXYCRYLENE; BUTYLOCTYL SALICYLATE; CETYL PEG/PPG-10/1 DIMETHICONE (HLB 2); CYCLOMETHICONE 5; ETHYLHEXYL PELARGONATE; CETYL DIMETHICONE 150; HYDROXYACETOPHENONE; PEG-12 DIMETHICONE; TOCOPHEROL; TRIETHOXYCAPRYLYLSILANE",spl_xml,66800-2880-5,66800-2880-5,coppertone,"Jan 02, 2026",3,https://dailymed.nlm.nih.gov/dailymed/drugInfo.cfm?setid=0806bdb9-961f-3146-e063-6294a90a4625,
b5bb6eb6-3356-e2a5-e053-2995a90aa684,B08PCCWLZS,https://www.amazon.com/Coppertone-Mineral-Sunscreen-Lotion-Protection/dp/B08PCCWLZS/ref=sr_1_56?dib=eyJ2IjoiMSJ9.eo7wXX7xdi5M55SKJJIlxnL3xdWAoUlh8qAD7tou6a2Ce5Seh5FJSQRiPL5BTL8t58GZCXGfDNJZqN3XSGqhN7gwX-RZmo8PF28bvAI4-aF8tFRfq8sb3kJNWNDlUU5M0CXZ9W2jZpceYZ5RwqNxeewYwDhpEN8t0fwNlac1M2Nm-tDxE90RLif4hKsTDSzcMfdG94PdrdodGW512Irkq8zBS5XfoJ40TbWsVBD2Q5ZAbLPk0zdsFRmg2kBmd4dDJHLunIdcC43cthjngOR5ILpUYVPRx2QLZ3nPD3YhNsw.BrDj44g1_cZLJkeke1nanXodNSYoi0MsmUlwRFdOBsg&dib_tag=se&keywords=toddler+sunscreen+mineral+zinc+oxide+SPF+50+face+body+lotion+1-3+years+organic&nsdOptOutParam=true&qid=1778019958,HIGH,brand:coppertone|spf:50|form:lotion_cream|kw:sport,Coppertone,COPPERTONE SPORT,title_prefix,COPPERTONE SPORT MINERAL SUNSCREEN SPF 50,COPPERTONE SPORT MINERAL SUNSCREEN SPF 50 (ZINC OXIDE) LOTION [BEIERSDORF INC],BEIERSDORF INC,sunscreen,lotion,TRUE,FALSE,FALSE,TRUE,1,ZINC OXIDE: 240.8 mg in 1 mL,19,"POLYESTER-7; ISOPROPYL PALMITATE; ETHYLHEXYL METHOXYCRYLENE; BUTYLOCTYL SALICYLATE; WATER; ETHYLHEXYL ISONONANOATE; CETYL PEG/PPG-10/1 DIMETHICONE (HLB 2); CAPRYLYL GLYCOL; TRIETHOXYCAPRYLYLSILANE; SYNTHETIC BEESWAX; CYCLOMETHICONE 5; HYDROXYACETOPHENONE; SODIUM CHLORIDE; PEG-12 DIMETHICONE; 1,2-HEXANEDIOL; PROPYLENE GLYCOL; ALKYL (C12-15) BENZOATE; BIS-OCTYLDODECYL DIMER DILINOLEATE/PROPANEDIOL COPOLYMER; DIMETHICONE",spl_xml,66800-0002-5,66800-0002-5,coppertone,"Jan 02, 2026",20,https://dailymed.nlm.nih.gov/dailymed/drugInfo.cfm?setid=b5bb6eb6-3356-e2a5-e053-2995a90aa684,
b6492438-5dd2-030e-e053-2a95a90a2f9f,B09P48K9GY,https://www.amazon.com/Coppertone-Simple-Sunscreen-Multi-Mineral/dp/B09P48K9GY/ref=sr_1_81?dib=eyJ2IjoiMSJ9.ZywXOXo31S2E4zHCMz8uJ9pbf8ujSMMpwhtTpmTbMNE2TpBr-4QbbfQJNb3Stq7BTV3gytVF5cA-2q9a3nW3O-P5NHShNqIsya34La3z5JFEKZqJBgXWQumvhrJZJMKYY6vXdfIbZZrCmbnTWI0LAq76_wZgGIdK_HjoJalpEJJ6VRM99iFWtrWxK3kI7hQ3GZiyBtqYgelRUYTckIZxOmwZkibaHHcFn-YsIsL92DMTM4TX_YmqZUWM2aL4lNBSUbdxKS9WoNNBbu7JB9eRYHXOaEJjNY99Y-2faN8DENg.ZeUSZMy9tyM2rKr1kYQjO3h5mtqwyCZ0PmtpMP_i-kM&dib_tag=se&keywords=infant+sun+cream+mineral+zinc+oxide+0-6+months+pediatrician+sensitive&nsdOptOutParam=true&qid=1778019957,HIGH,"brand:coppertone|spf:50|form:spray|kw:simple,pure",Coppertone Pure,COPPERTONE,title_prefix,COPPERTONE PURE AND SIMPLE SUNSCREEN SPF 50 (ZINC OXIDE 24.08%) AEROSOL,"COPPERTONE PURE AND SIMPLE SUNSCREEN SPF 50 (ZINC OXIDE 24.08%) AEROSOL, SPRAY [BEIERSDORF INC]",BEIERSDORF INC,sunscreen,spray,TRUE,FALSE,FALSE,TRUE,1,ZINC OXIDE: 240.8 mg in 1 g,26,"PROPYLENE GLYCOL; CYCLOMETHICONE 5; DIMETHICONE; ETHYLHEXYL METHOXYCRYLENE; POLYESTER-7; ISOBUTANE; WATER; ALKYL (C12-15) BENZOATE; BUTYLOCTYL SALICYLATE; ETHYLHEXYL ISONONANOATE; ISOPROPYL PALMITATE; CETYL PEG/PPG-10/1 DIMETHICONE (HLB 2); BIS-OCTYLDODECYL DIMER DILINOLEATE/PROPANEDIOL COPOLYMER; GREEN TEA LEAF; MACROCYSTIS PYRIFERA; SYNTHETIC BEESWAX; CAPRYLYL TRISILOXANE; SODIUM CHLORIDE; TOCOPHEROL; 1,2-HEXANEDIOL; NELUMBO NUCIFERA LEAF; TRIETHOXYCAPRYLYLSILANE; HYDROXYACETOPHENONE; PEG-12 DIMETHICONE (300 CST); CAPRYLYL GLYCOL; CETYL DIMETHICONE 150",spl_xml,66800-4744-5,66800-4744-5; 66800-4744-6; 66800-4744-7,coppertone,"Jan 02, 2026",5,https://dailymed.nlm.nih.gov/dailymed/drugInfo.cfm?setid=b6492438-5dd2-030e-e053-2a95a90a2f9f,
d8d80a15-8282-a18e-e053-2a95a90a2c6c,B07D987M8Z,https://www.amazon.com/Coppertone-WaterBabies-Simple-Mineral-6-Fluid/dp/B07D987M8Z/ref=sr_1_69?dib=eyJ2IjoiMSJ9.ZywXOXo31S2E4zHCMz8uJ9pbf8ujSMMpwhtTpmTbMNE2TpBr-4QbbfQJNb3Stq7BTV3gytVF5cA-2q9a3nW3O-P5NHShNqIsya34La3z5JFEKZqJBgXWQumvhrJZJMKYY6vXdfIbZZrCmbnTWI0LAq76_wZgGIdK_HjoJalpEJJ6VRM99iFWtrWxK3kI7hQ3GZiyBtqYgelRUYTckIZxOmwZkibaHHcFn-YsIsL92DMTM4TX_YmqZUWM2aL4lNBSUbdxKS9WoNNBbu7JB9eRYHXOaEJjNY99Y-2faN8DENg.ZeUSZMy9tyM2rKr1kYQjO3h5mtqwyCZ0PmtpMP_i-kM&dib_tag=se&keywords=infant+sun+cream+mineral+zinc+oxide+0-6+months+pediatrician+sensitive&nsdOptOutParam=true&qid=1778019957,HIGH,"brand:coppertone|spf:50|form:lotion_cream|kw:simple,pure",Coppertone Pure,COPPERTONE,title_prefix,COPPERTONE PURE AND SIMPLE SUNSCREEN SPF 50,COPPERTONE PURE AND SIMPLE SUNSCREEN SPF 50 (ZINC OXIDE 24.08%) LOTION [BEIERSDORF INC],BEIERSDORF INC,sunscreen,lotion,TRUE,FALSE,FALSE,TRUE,1,ZINC OXIDE: 24.08 g in 100 g,22,"ALKYL (C12-15) BENZOATE; ISOPROPYL PALMITATE; BUTYLOCTYL SALICYLATE; CETYL PEG/PPG-10/1 DIMETHICONE (HLB 2); WATER; ETHYLHEXYL ISONONANOATE; TEA LEAF; DIMETHICONE; POLYESTER-7; CYCLOMETHICONE 5; BIS-OCTYLDODECYL DIMER DILINOLEATE/PROPANEDIOL COPOLYMER; ETHYLHEXYL METHOXYCRYLENE; MACROCYSTIS PYRIFERA; NELUMBO NUCIFERA LEAF; SYNTHETIC BEESWAX; HYDROXYACETOPHENONE; PEG-12 DIMETHICONE; CAPRYLYL GLYCOL; 1,2-HEXANEDIOL; PROPYLENE GLYCOL; SODIUM CHLORIDE; TRIETHOXYCAPRYLYLSILANE",spl_xml,66800-3993-1,66800-3993-1; 66800-3993-2; 66800-3993-5; 66800-3993-6; 66800-3993-7,coppertone,"Jan 02, 2026",8,https://dailymed.nlm.nih.gov/dailymed/drugInfo.cfm?setid=d8d80a15-8282-a18e-e053-2a95a90a2c6c,
bbf15e58-c160-d599-e053-2a95a90a0696,B0BSG9ZVWC,https://www.amazon.com/Organic-Sunscreen-Sunblock-Dermatologist-Protection/dp/B0BSG9ZVWC/ref=sr_1_129?dib=eyJ2IjoiMSJ9._HHEZ5IUy2-hOUtoi5T22obrwSsICnt5Dms228-vRM5Hv4x0jGm97ilgzUX4YRH9bmVB7_Wwyf4vEnPWmhpcjEQYOD9Et4CaY4dQUA5wOQ9tid1KOzyXD6ph6fxokpMMto3TlJVDsy9IVOfJ6yHl5Dnr5cbKAOE6TM3xPB301pPY5w8m9qGm5M6Sl0slYBYjWOA2e0zNPOwGZXyCMYoUDdN4vB7Yz6TqvGlgiOMZzY524P5DBfe7sFCpKajiDg-2m-n5rLsZBSlG-GFGVW1jmPBK3Q72NNfCZt11kQXU0Fk.N_6XBrjfWPtCf9uagMCFAGxgji59SsMeRLlHmfU_-dQ&dib_tag=se&keywords=kids+sunscreen+stick+SPF+30+mineral+water+resistant+broad+spectrum+face+on+the+go&nsdOptOutParam=true&qid=1778019962,HIGH,brand:coola|spf:50|form:lotion_cream,Coola,COOLA,cleaned_labeler,COOLA BARE REPUBLIC MINERAL SPORT SPF50,"COOLA BARE REPUBLIC MINERAL SPORT SPF50 (TITANIUM DIOXIDE, ZINC OXIDE) LOTION [COOLA, LLC]","COOLA, LLC",sunscreen,lotion,TRUE,TRUE,FALSE,TRUE,2,ZINC OXIDE: 78 mg in 1 mL; TITANIUM DIOXIDE: 29 mg in 1 mL,33,GLYCERIN; KUKUI NUT OIL; ALLYL HEPTANOATE; ISOHEXADECANE; SILICON DIOXIDE; LAURYL PEG/PPG-18/18 METHICONE; BUTYLOCTYL SALICYLATE; CETYL PEG/PPG-10/1 DIMETHICONE (HLB 5); COCONUT OIL; DIMETHICONE; SODIUM CHLORIDE; TRIETHOXYCAPRYLYLSILANE; SYNTHETIC BEESWAX; MEDIUM-CHAIN TRIGLYCERIDES; CAPRYLYL GLYCOL; ETHYLHEXYLGLYCERIN; .GAMMA.-DECALACTONE; .GAMMA.-NONALACTONE; PIPERONAL; OCTYLDODECYL CITRATE CROSSPOLYMER; 3-PHENYL-1-PROPANOL; ALCOHOL; SODIUM CITRATE; .GAMMA.-OCTALACTONE; TRIETHYL CITRATE; PHYMATOLITHON CALCAREUM; ALOE VERA LEAF; ETHYLHEXYL METHOXYCRYLENE; POLYETHYLENE GLYCOL 4000; 4-(P-HYDROXYPHENYL)-2-BUTANONE; .ALPHA.-TOCOPHEROL ACETATE; VANILLIN; WATER,spl_xml,79753-029-71,79753-029-71; 79753-029-72,bare republic,"Dec 15, 2025",3,https://dailymed.nlm.nih.gov/dailymed/drugInfo.cfm?setid=bbf15e58-c160-d599-e053-2a95a90a0696,
ad1614d4-5421-473d-a1e8-0ff18491df77,B01F98BLIC,https://www.amazon.com/COOLA-Mineral-Liplux-Summer-Crush/dp/B01F98BLIC/ref=sr_1_102?dib=eyJ2IjoiMSJ9.eMVBoEG5TyD_qKlEpaKoMirBvgn1_JTlNU2bXJvwpmT0Ns3gxBAiEr5a_GjJIVQ2wslWRbPNgh_JzWQ3qjU-E4__Qi0lpEB2L5bYPjJPF2GnNkn4MlIxYOhFsYhDfLKB3cm0pGNySxEI2R75Jsr93qPtwbZWXI0LOfL4RSzsK4vkNWIgi5IWw2qBXJnVw0N4ebyy33jan_2_4_qXvdOwDuNCnUeSNBgOtsQoAFsRifJJJoJyHVhlCoyR28SY9P4Xd_s7PqNMke7xENFoQ2cOOK-UI4K_p4TnclGFvuc-iCs.ixoDkyQ1-YitfaAl7VuhAwmc8rpTl3qYjzJB45GEam8&dib_tag=se&keywords=baby+sunscreen+tinted+mineral+SPF+30+zinc+oxide+face+daily+moisturizer+light+coverage&nsdOptOutParam=true&qid=1778019989,HIGH,brand:coola|spf:30|form:lotion_cream,Coola,COOLA,cleaned_labeler,COOLA BARE REPUBLIC MINERAL FACE GEL-LOTION SPF 30,COOLA BARE REPUBLIC MINERAL FACE GEL-LOTION SPF 30 (ZINC OXIDE 18.2%) LOTION [COOLA LLC],COOLA LLC,sunscreen,lotion,TRUE,FALSE,FALSE,TRUE,1,ZINC OXIDE: 18.2 g in 100 mL,47,"WATER; MEDIUM-CHAIN TRIGLYCERIDES; DIMETHICONE; PROPYLHEPTYL CAPRYLATE; UNDECANE; METHYL DIHYDROABIETATE; POLYHYDROXYSTEARIC ACID (2300 MW); POLYMETHYLSILSESQUIOXANE (4.5 MICRONS); TRIDECANE; CUCUMBER; ALOE VERA FLOWER; ALOE VERA LEAF; SHEA BUTTER; OLIVE OIL POLYGLYCERYL-6 ESTERS; AZADIRACHTA INDICA LEAF; AZADIRACHTA INDICA FLOWER; COCCINIA GRANDIS FRUIT; EGGPLANT; TURMERIC; OCIMUM BASILICUM FLOWERING TOP; HOLY BASIL LEAF; JUNIPERUS VIRGINIANA OIL; SORBITAN MONOSTEARATE; GLYCERYL STEARATE SE; AMMONIUM ACRYLOYLDIMETHYLTAURATE, DIMETHYLACRYLAMIDE, LAURYL METHACRYLATE AND LAURETH-4 METHACRYLATE COPOLYMER, TRIMETHYLOLPROPANE TRIACRYLATE CROSSLINKED (45000 MPA.S); XANTHAN GUM; BUTYL ACRYLATE/METHYL METHACRYLATE/METHACRYLIC ACID COPOLYMER (18000 MW); CITRIC ACID MONOHYDRATE; METHYLPROPANEDIOL; DIMETHICONE/VINYL DIMETHICONE CROSSPOLYMER (SOFT PARTICLE); CAPRYLYL GLYCOL; GLYCERIN; SORBITYL LAURATE; CORALLINA OFFICINALIS; ETHYL FERULATE; TRIETHOXYCAPRYLYLSILANE; LAURYL GLUCOSIDE; DIDECYLDIMONIUM CHLORIDE; TRIETHYL CITRATE; HEXYL ACETATE; .GAMMA.-NONALACTONE; .GAMMA.-OCTALACTONE; .GAMMA.-UNDECALACTONE; .ALPHA.-IONONE; 3-HEXEN-1-OL, (3Z)-; 2,6-DIMETHYL-5-HEPTENAL; DECANAL",spl_xml,79753-043-01,79753-043-01,bare republic,"Dec 21, 2023",2,https://dailymed.nlm.nih.gov/dailymed/drugInfo.cfm?setid=ad1614d4-5421-473d-a1e8-0ff18491df77,
d745d12e-8741-4bf2-89ec-c6f72a8d548b,B01F98BLIC,https://www.amazon.com/COOLA-Mineral-Liplux-Summer-Crush/dp/B01F98BLIC/ref=sr_1_102?dib=eyJ2IjoiMSJ9.eMVBoEG5TyD_qKlEpaKoMirBvgn1_JTlNU2bXJvwpmT0Ns3gxBAiEr5a_GjJIVQ2wslWRbPNgh_JzWQ3qjU-E4__Qi0lpEB2L5bYPjJPF2GnNkn4MlIxYOhFsYhDfLKB3cm0pGNySxEI2R75Jsr93qPtwbZWXI0LOfL4RSzsK4vkNWIgi5IWw2qBXJnVw0N4ebyy33jan_2_4_qXvdOwDuNCnUeSNBgOtsQoAFsRifJJJoJyHVhlCoyR28SY9P4Xd_s7PqNMke7xENFoQ2cOOK-UI4K_p4TnclGFvuc-iCs.ixoDkyQ1-YitfaAl7VuhAwmc8rpTl3qYjzJB45GEam8&dib_tag=se&keywords=baby+sunscreen+tinted+mineral+SPF+30+zinc+oxide+face+daily+moisturizer+light+coverage&nsdOptOutParam=true&qid=1778019989,HIGH,brand:coola|spf:30|form:lotion_cream,Coola,COOLA,cleaned_labeler,COOLA BARE REPUBLIC MINERAL BODY GEL-LOTION SPF 30,COOLA BARE REPUBLIC MINERAL BODY GEL-LOTION SPF 30 (ZINC OXIDE 18.2%) LOTION [COOLA LLC],COOLA LLC,sunscreen,lotion,TRUE,FALSE,FALSE,TRUE,1,ZINC OXIDE: 18.2 g in 100 mL,51,"BUTYL ACRYLATE/METHYL METHACRYLATE/METHACRYLIC ACID COPOLYMER (18000 MW); ALOE VERA FLOWER; ALOE VERA LEAF; .ALPHA.-IONONE; SHEA BUTTER; CALENDULA OFFICINALIS FLOWER; MEDIUM-CHAIN TRIGLYCERIDES; CAPRYLYL GLYCOL; CITRIC ACID MONOHYDRATE; COCCINIA GRANDIS FRUIT; CORALLINA OFFICINALIS; TURMERIC; CARROT SEED OIL; DECANAL; .DELTA.-DODECALACTONE; DIDECYLDIMONIUM CHLORIDE; DIMETHICONE; 2,6-DIMETHYL-5-HEPTENAL; ETHYL FERULATE; .GAMMA.-NONALACTONE; .GAMMA.-OCTALACTONE; .GAMMA.-UNDECALACTONE; GLYCERYL STEARATE SE; SUNFLOWER OIL; 3-HEXEN-1-OL, (3Z)-; HEXYL ACETATE; JUNIPERUS VIRGINIANA OIL; LAURYL GLUCOSIDE; AZADIRACHTA INDICA FLOWER; AZADIRACHTA INDICA LEAF; METHYL DIHYDROABIETATE; METHYLPROPANEDIOL; OCIMUM BASILICUM FLOWERING TOP; HOLY BASIL LEAF; OLIVE OIL POLYGLYCERYL-6 ESTERS; AMMONIUM ACRYLOYLDIMETHYLTAURATE, DIMETHYLACRYLAMIDE, LAURYL METHACRYLATE AND LAURETH-4 METHACRYLATE COPOLYMER, TRIMETHYLOLPROPANE TRIACRYLATE CROSSLINKED (45000 MPA.S); POLYHYDROXYSTEARIC ACID (2300 MW); POLYMETHYLSILSESQUIOXANE (4.5 MICRONS); DIMETHICONE/VINYL DIMETHICONE CROSSPOLYMER (SOFT PARTICLE); PROPYLHEPTYL CAPRYLATE; RASPBERRY SEED OIL; EGGPLANT; SORBITAN MONOSTEARATE; SORBITYL LAURATE; TRIDECANE; TRIETHOXYCAPRYLYLSILANE; TRIETHYL CITRATE; UNDECANE; GRAPE SEED OIL; WATER; XANTHAN GUM",spl_xml,79753-042-01,79753-042-01,bare republic,"Dec 21, 2023",2,https://dailymed.nlm.nih.gov/dailymed/drugInfo.cfm?setid=d745d12e-8741-4bf2-89ec-c6f72a8d548b,
1a603f62-86ec-4e66-a73f-718c5d012676,B08SR6KGGJ,https://us.amazon.com/2021-Formula-Republic-Sunscreen-Preserves/dp/B08SR6KGGJ,Manually checked and fixed,brand:coola|spf:50|form!:stickvslotion_cream,Coola,COOLA,cleaned_labeler,BABY BARE REPUBLIC MINERAL SUNSCREEN SOFTSTICK SPF 50,BABY BARE REPUBLIC MINERAL SUNSCREEN SOFTSTICK SPF 50 (ZINC OXIDE) STICK [COOLA LLC],COOLA LLC,sunscreen,stick,TRUE,FALSE,FALSE,TRUE,1,ZINC OXIDE: 17.9 g in 100 g,16,SHEA BUTTER; MEDIUM-CHAIN TRIGLYCERIDES; SAFFLOWER SEED OIL POLYGLYCERYL-6 ESTERS; CHAMOMILE; DIMETHICONE; ETHYL FERULATE; COTTONSEED OIL; HELIANTHUS ANNUUS SEED WAX; HYDROGENATED RAPESEED OIL; ISODODECANE; NEOPENTYL GLYCOL DIHEPTANOATE; POLYHYDROXYSTEARIC ACID (2300 MW); POLYMETHYLSILSESQUIOXANE (4.5 MICRONS); STEARYL ALCOHOL; TOCOPHEROL; TRIETHOXYCAPRYLYLSILANE,spl_xml,79753-009-01,79753-009-01,baby; bare republic,"Dec 20, 2023",2,https://dailymed.nlm.nih.gov/dailymed/drugInfo.cfm?setid=1a603f62-86ec-4e66-a73f-718c5d012676,
25c59820-a08d-4abe-87ae-a787ac8b2ac2,B09SQD92DB,https://www.amazon.com/Thinksport-Sheer-Mineral-Sunscreen-Spray/dp/B09SQD92DB/ref=sr_1_8?crid=2J2QOXQ5U0ZNV&dib=eyJ2IjoiMSJ9.dYkFR1ZkTbGHl017MJy_ImOty8wjdG7muOxrQErekgdTB53kiBIaanlL-U8F34OaVdX7hFcyQi8EXSaI-Zd8eS0UAcFafctBwA5V8UJgxjlrExNjOcd4_Jub12BK39t4ZRr9N_zPuxFKDmEVZt6wDNcfEw3k3TDqI6dAmDzVcnnGlpxjA3XDJQ7iqgu7QQ3HcldZ9h4aBxICJhDqjhj8HU-ESM4XhapjX1fayEg7EtXOgTw7xUX9XaBA87Jew4kg_XyCu5EEqTBuVZP0J43Ver5IXq4F6Fg9l5-dLqOCnjo.pC6DetxebuSb5odLmMAkPaT43H6GYcAiUDYsVVRKXwk&dib_tag=se&keywords=thinkbaby+spray&qid=1778529470&s=hpc&sprefix=thinkbaby+spra%2Caps%2C157&sr=1-8,Manually checked and fixed,brand:thinkbaby|spf:50|form!:sprayvslotion_cream,Thinkbaby,THINKOPERATIONS,labeler_map,THINK KIDS MINERAL SPF 50 (ZINC OXIDE AND TITANIUM DIOXIDE) AEROSOL,"THINK KIDS MINERAL SPF 50 (ZINC OXIDE AND TITANIUM DIOXIDE) AEROSOL, SPRAY [THINKOPERATIONS,LLC]","THINKOPERATIONS,LLC",sunscreen,spray,TRUE,TRUE,FALSE,TRUE,2,ZINC OXIDE: 157 mg in 1 mL; TITANIUM DIOXIDE: 34 mg in 1 mL,27,"WATER; BUTYLOCTYL SALICYLATE; DICAPRYLYL CARBONATE; ISONONYL ISONONANOATE; PROPANEDIOL; ISOCETYL STEAROYL STEARATE; METHYL DEHYDROABIETATE; CETOSTEARYL ALCOHOL; ALOE VERA LEAF; BANANA; BENTONITE; GLYCERIN; .ALPHA.-TOCOPHEROL; CITRIC ACID MONOHYDRATE; ALUMINUM OXIDE; SODIUM GLUCONATE; .ALPHA.-BISABOLOL, (+)-; CAPRYLHYDROXAMIC ACID; HYDROXYETHYL ETHYLCELLULOSE; CAPRYLYL GLYCOL; COCO-GLUCOSIDE; MICROCRYSTALLINE CELLULOSE; POLYHYDROXYSTEARIC ACID (2300 MW); POLYESTER-8 (1400 MW, CYANODIPHENYLPROPENOYL CAPPED); SILICON DIOXIDE; SODIUM STEAROYL GLUTAMATE; C18-C21 ALKANE",spl_xml,60781-4700-1,60781-4700-1,kids,"May 04, 2026",4,https://dailymed.nlm.nih.gov/dailymed/drugInfo.cfm?setid=25c59820-a08d-4abe-87ae-a787ac8b2ac2,
dc85cff3-df18-4bb7-8d71-bb0878959fe2,B00F97FHAW,https://www.amazon.com/CeraVe-Facial-Moisturizing-Lotion-AM/dp/B00F97FHAW/ref=sr_1_1?crid=8NV4202U667X&dib=eyJ2IjoiMSJ9.30BVPS6IsJWNPAi6wIxU6LwMHKmeCzP34if_shenxPvjC5rDGRMvhWerVKWxX26hP5QBR3qGkB2lu4iB4K64X1alX_UQgYrPesD6yVryhpyyrlKJfnnj9NvK3TVI7KacDhBEUZTaB3MFyT_P1sTCyhVIAyXtliVcWwFeGnyE_4uYjCgDo63tyGtgamEH9yq3PZJuPGF52LAQHdm2u6QratSECsJ-vvnN2UOm0N8YT80IwrZ1rN5d5a2ffqXc_QFgx8tUMvqFcak8vP4EXK0j4Ir-NoOpiiy4um-xKAkPIwo.ftJResMNrVxqoPIT2EEWTqsuI5roQHNexpPJXGa3u-4&dib_tag=se&keywords=CERAVE%2BAM%2BFACIAL%2BMOISTURIZING%2BBROAD%2BSPECTRUM%2BSPF%2B50%2BSUNSCREEN&nsdOptOutParam=true&qid=1778529580&rdc=1&sprefix=cerave%2Bam%2Bfacial%2Bmoisturizing%2Bbroad%2Bspectrum%2Bspf%2B50%2Bsunscreen%2Caps%2C234&sr=8-1&th=1,Manually checked and fixed,brand:cerave|spf:50|form!:lotionvsstick,CERAVE,CERAVE AM FACIAL,title_prefix,CERAVE AM FACIAL MOISTURIZING BROAD SPECTRUM SPF 50 SUNSCREEN,"CERAVE AM FACIAL MOISTURIZING BROAD SPECTRUM SPF 50 SUNSCREEN (HOMOSALATE, OCTISALATE, OCTOCRYLENE AND ZINC OXIDE) LOTION [L'OREAL USA PRODUCTS INC]",L'OREAL USA PRODUCTS INC,sunscreen,lotion,TRUE,FALSE,TRUE,TRUE,4,HOMOSALATE: 80 mg in 1 mL; OCTISALATE: 50 mg in 1 mL; OCTOCRYLENE: 50 mg in 1 mL; ZINC OXIDE: 70 mg in 1 mL,36,"WATER; GLYCERIN; DIMETHICONE; PROPANEDIOL; BUTYLOCTYL SALICYLATE; STEARETH-20; POWDERED CELLULOSE; NIACINAMIDE; ETHYLHEXYL METHOXYCRYLENE; STEARETH-2; CERAMIDE NP; CERAMIDE AP; CERAMIDE 1; SORBITAN ISOSTEARATE; CARBOMER HOMOPOLYMER, UNSPECIFIED TYPE; SOYBEAN OIL; TRIETHOXYCAPRYLYLSILANE; CETOSTEARYL ALCOHOL; BEHENTRIMONIUM METHOSULFATE; TRIETHYL CITRATE; HYALURONATE SODIUM; SODIUM LAUROYL LACTYLATE; CHOLESTEROL; AMMONIUM POLYACRYLOYLDIMETHYL TAURATE; TOCOPHEROL; CHLORPHENESIN; HYDROXYACETOPHENONE; CAPRYLYL GLYCOL; HYDROXYETHYL ACRYLATE/SODIUM ACRYLOYLDIMETHYL TAURATE COPOLYMER (45000 MPA.S AT 1%); TRISODIUM ETHYLENEDIAMINE DISUCCINATE; PHYTOSPHINGOSINE; XANTHAN GUM; POLYHYDROXYSTEARIC ACID STEARATE; POLYSORBATE 60; RICE BRAN; BENZOIC ACID",spl_xml,49967-263-01,49967-263-01; 49967-263-02,cerave,"Mar 31, 2025",3,https://dailymed.nlm.nih.gov/dailymed/drugInfo.cfm?setid=dc85cff3-df18-4bb7-8d71-bb0878959fe2,
44a94a24-e292-41e6-e063-6394a90abe47,B0G3WWCVGN,https://www.amazon.com/ATTITUDE-Sunscreen-Mineral-Based-Lightweight-Unscented/dp/B0G3WWCVGN/ref=sr_1_87?dib=eyJ2IjoiMSJ9.ZywXOXo31S2E4zHCMz8uJ9pbf8ujSMMpwhtTpmTbMNE2TpBr-4QbbfQJNb3Stq7BTV3gytVF5cA-2q9a3nW3O-P5NHShNqIsya34La3z5JFEKZqJBgXWQumvhrJZJMKYY6vXdfIbZZrCmbnTWI0LAq76_wZgGIdK_HjoJalpEJJ6VRM99iFWtrWxK3kI7hQ3GZiyBtqYgelRUYTckIZxOmwZkibaHHcFn-YsIsL92DMTM4TX_YmqZUWM2aL4lNBSUbdxKS9WoNNBbu7JB9eRYHXOaEJjNY99Y-2faN8DENg.ZeUSZMy9tyM2rKr1kYQjO3h5mtqwyCZ0PmtpMP_i-kM&dib_tag=se&keywords=infant+sun+cream+mineral+zinc+oxide+0-6+months+pediatrician+sensitive&nsdOptOutParam=true&qid=1778019957,MEDIUM,brand:attitude|spf:50|form!:sprayvslotion_cream|unscented_match|kw:unscented,ATTITUDE,ATTITUDE,title_prefix,ATTITUDE SUNLY BABY MINERAL SUNSCREEN SPRAYER SPF 50 UNSCENTED,ATTITUDE SUNLY BABY MINERAL SUNSCREEN SPRAYER SPF 50 UNSCENTED (ZINC OXIDE) SPRAY [9055-7588 QU&EACUTE;BEC INC.DBA ATTITUDE],9055-7588 QU&EACUTE;BEC INC.DBA ATTITUDE,sunscreen,spray,TRUE,FALSE,FALSE,TRUE,1,ZINC OXIDE: 24 g in 100 g,13,ETHYL OLEATE; CAPRYLOYL GLYCERIN/SEBACIC ACID COPOLYMER (2000 MPA.S); CETEARYL OLIVATE; SORBITAN OLIVATE; ISOCETYL STEAROYL STEARATE; HYDROGENATED CASTOR OIL/SEBACIC ACID COPOLYMER; COCOGLYCERIDES; BUTYLENE GLYCOL DICAPRYLATE/DICAPRATE; CALCIUM ALUMINUM BOROSILICATE; POLYHYDROXYSTEARIC ACID (2300 MW); CAPRYLIC/CAPRIC TRIGLYCERIDE; TOCOPHEROL; HELIANTHUS ANNUUS (SUNFLOWER) SEED OIL,spl_xml,61649-531-01,61649-531-01,baby,"Dec 15, 2025",1,https://dailymed.nlm.nih.gov/dailymed/drugInfo.cfm?setid=44a94a24-e292-41e6-e063-6394a90abe47,
b292d1a9-7ff8-0faf-e053-2995a90ae342,B0BSG9ZVWC,https://www.amazon.com/Organic-Sunscreen-Sunblock-Dermatologist-Protection/dp/B0BSG9ZVWC/ref=sr_1_129?dib=eyJ2IjoiMSJ9._HHEZ5IUy2-hOUtoi5T22obrwSsICnt5Dms228-vRM5Hv4x0jGm97ilgzUX4YRH9bmVB7_Wwyf4vEnPWmhpcjEQYOD9Et4CaY4dQUA5wOQ9tid1KOzyXD6ph6fxokpMMto3TlJVDsy9IVOfJ6yHl5Dnr5cbKAOE6TM3xPB301pPY5w8m9qGm5M6Sl0slYBYjWOA2e0zNPOwGZXyCMYoUDdN4vB7Yz6TqvGlgiOMZzY524P5DBfe7sFCpKajiDg-2m-n5rLsZBSlG-GFGVW1jmPBK3Q72NNfCZt11kQXU0Fk.N_6XBrjfWPtCf9uagMCFAGxgji59SsMeRLlHmfU_-dQ&dib_tag=se&keywords=kids+sunscreen+stick+SPF+30+mineral+water+resistant+broad+spectrum+face+on+the+go&nsdOptOutParam=true&qid=1778019962,MEDIUM,brand:coola|form:lotion_cream,Coola,COOLA,cleaned_labeler,BABY BARE REPUBLIC MINERAL SUNSCREEN,"BABY BARE REPUBLIC MINERAL SUNSCREEN (ZINC OXIDE) LOTION [COOLA, LLC]","COOLA, LLC",sunscreen,lotion,TRUE,FALSE,FALSE,TRUE,1,ZINC OXIDE: 12 mg in 1 mL,27,"PROPANEDIOL; WATER; POLYGLYCERYL-3 RICINOLEATE; .ALPHA.-BISABOLOL, (-)-EPI-; CAPRYLYL GLYCOL; TRIDECYL SALICYLATE; ALLANTOIN; BUTYLOCTYL SALICYLATE; GLYCERIN; NEOPENTYL GLYCOL DIHEPTANOATE; SODIUM CHLORIDE; POLYESTER-7; GLYCERYL BEHENATE/EICOSADIOATE; LECITHIN, SOYBEAN; ISODECYL SALICYLATE; OLEA EUROPAEA (OLIVE) OIL UNSAPONIFIABLES; ISOPROPYL ISOSTEARATE; 1,2-HEXANEDIOL; ALKYL (C12-15) BENZOATE; DIMETHICONOL/PROPYLSILSESQUIOXANE/SILICATE CROSSPOLYMER (450000000 MW); GLYCERYL DIBEHENATE; ISOSTEARIC ACID; CALENDULA OFFICINALIS FLOWER; ISOPROPYL ALCOHOL; TRIBEHENIN; GLYCERYL STEARATE CITRATE; SQUALANE",spl_xml,79753-007-01,79753-007-01,baby; bare republic,"Nov 18, 2025",6,https://dailymed.nlm.nih.gov/dailymed/drugInfo.cfm?setid=b292d1a9-7ff8-0faf-e053-2995a90ae342,
302bccc6-7bf3-cc69-e063-6294a90a625c,B0CT68GM58,https://www.amazon.com/Black-Sunscreen-Lotion-Water-Resistant-Residue/dp/B0CT68GM58/ref=sr_1_53?dib=eyJ2IjoiMSJ9.0GY_ZCmExLjri5rDeWjI7cpZCNNgbc3Az_KVepaYIfF-ewPTht0oKLK7bvmCn19M-28O0_wEHoyeuW7v9PbJNYp356PHLEJEc5T5a1jpGM9COd2wR9tYvVJHFbQ6sTX30gf-BDDwWZ5QX6c8mfX7nXP7rNYRKGdlSohiWsONHHc78vLtZymZVSpyLb6cF0R6IS0mfa1POTHxrGn79BgiZIxUkbthkTCXazZMgWyOUvg8zm6cF0QFw6bLO_fumXOS1uabaNl-mMh97JEyGQ9Iafs6aHIK-ebPyAkjFM8K394.Kg53BIxLZacwBmZvQrLjuK24TjJUgW4I9xe4PfxLVVU&dib_tag=se&keywords=kids+sport+sunscreen+sweat+resistant+SPF+50+broad+spectrum&nsdOptOutParam=true&qid=1778019997,MEDIUM,brand:black girl sunscreen|form:lotion_cream,Black Girl Sunscreen,BLACK GIRL SUNSCREEN,cleaned_labeler,BLACK GIRL SUNSCREEN MAKE IT MINERAL BABY,BLACK GIRL SUNSCREEN MAKE IT MINERAL BABY (ZINC OXIDE) LOTION [BLACK GIRL SUNSCREEN],BLACK GIRL SUNSCREEN,sunscreen,lotion,TRUE,FALSE,FALSE,TRUE,1,ZINC OXIDE: 104.5 mg in 1 mL,21,"POLYGLYCERYL-2 DIPOLYHYDROXYSTEARATE; ISOAMYL LAURATE; ALKYL (C12-15) BENZOATE; SODIUM CHLORIDE; CAPRYLIC/CAPRIC TRIGLYCERIDE; WATER; COCO-CAPRYLATE; .ALPHA.-BISABOLOL, (+)-; LECITHIN, SOYBEAN; ALLANTOIN; SILICON DIOXIDE; CAPRYLYL GLYCOL; PHENYLPROPANOL; METHYLPROPANEDIOL; GLYCERIN; CAMELLIA SINENSIS LEAF OIL; C13-15 ALKANE; PYRUS MALUS (APPLE) FRUIT; BUTYLOCTYL SALICYLATE; AVENA SATIVA (OAT) KERNEL OIL; DISTEARDIMONIUM HECTORITE",spl_xml,84204-2496-1,84204-2496-1,baby,"Nov 17, 2025",3,https://dailymed.nlm.nih.gov/dailymed/drugInfo.cfm?setid=302bccc6-7bf3-cc69-e063-6294a90a625c,
d7b19529-d0b2-638b-e053-2a95a90acf2f,B07DFNW4DC,https://www.amazon.com/365-Everyday-Value-Mineral-Lotion/dp/B07DFNW4DC/ref=sr_1_80?dib=eyJ2IjoiMSJ9.spAUUJR0xZWoihoDhbqLd6opgPwy84ldt0kOTeTEE7VDQ0UlpCOnplcY3C_7lYdZPvBnFfeNOPnSbEr4tRw5GQsS4IK1FLNsbJiN7y_T5Rsno9wl5NMPdnN6c508cZ5h3JAhPKpdPRjPnoOfpaPKY7R63r2zvypuBkxt8UdEsnA-DpMjDUV3-yr0Ua6xzSlOl9Hc8ptKyecCIsHysGkrtCe_UMS8bTSHb1pxVQWW3dmFgsRRm4MNlGOnRkeIfKdPu5v8RIVF6ID90WmZM6_f9y8XRvwt6cdAbkkAHcT0_98.NCRa_fYqKjIXIC6R_MwOSvrW9x2nVJnZJfxobazisK0&dib_tag=se&keywords=kids+sunscreen+mineral+SPF+30+broad+spectrum+water+resistant+gentle+natural+reef+safe+lotion&nsdOptOutParam=true&qid=1778019968&rdc=1,MEDIUM,brand:whole foods market|form:lotion_cream,Whole Foods Market,WHOLE FOODS MARKET,cleaned_labeler,BABYDIAPERCREAM,BABYDIAPERCREAM (BABY DIAPER CREAM) CREAM [WHOLE FOODS MARKET],WHOLE FOODS MARKET,diaper_cream,cream,TRUE,FALSE,FALSE,TRUE,1,ZINC OXIDE: 14 g in 100 g,1,WATER,spl_xml,42681-0032-1,42681-0032-1,baby,"Apr 30, 2025",4,https://dailymed.nlm.nih.gov/dailymed/drugInfo.cfm?setid=d7b19529-d0b2-638b-e053-2a95a90acf2f,
3275303d-a448-4fb4-bdce-6442823f8996,B0B4F4HXK4,https://www.amazon.com/YAYA-ORGANICS-Reef-Friendly-Water-Resistant-Hypoallergenic/dp/B0B4F4HXK4/ref=sr_1_60?dib=eyJ2IjoiMSJ9.ZywXOXo31S2E4zHCMz8uJ9pbf8ujSMMpwhtTpmTbMNE2TpBr-4QbbfQJNb3Stq7BTV3gytVF5cA-2q9a3nW3O-P5NHShNqIsya34La3z5JFEKZqJBgXWQumvhrJZJMKYY6vXdfIbZZrCmbnTWI0LAq76_wZgGIdK_HjoJalpEJJ6VRM99iFWtrWxK3kI7hQ3GZiyBtqYgelRUYTckIZxOmwZkibaHHcFn-YsIsL92DMTM4TX_YmqZUWM2aL4lNBSUbdxKS9WoNNBbu7JB9eRYHXOaEJjNY99Y-2faN8DENg.ZeUSZMy9tyM2rKr1kYQjO3h5mtqwyCZ0PmtpMP_i-kM&dib_tag=se&keywords=infant+sun+cream+mineral+zinc+oxide+0-6+months+pediatrician+sensitive&nsdOptOutParam=true&qid=1778019957,MEDIUM,brand:yaya organics|form:lotion_cream,Yaya Organics,YAYA ORGANICS L.L.C,cleaned_labeler,YAYA ORGANICS SPF-50 BABY KIDS MINERAL SUNSCREEN,YAYA ORGANICS SPF-50 BABY KIDS MINERAL SUNSCREEN (ZINC OXIDE) CREAM [YAYA ORGANICS L.L.C.],YAYA ORGANICS L.L.C.,sunscreen,cream,TRUE,FALSE,FALSE,TRUE,1,ZINC OXIDE: 175 mg in 1 mL,25,ALOE VERA LEAF; WATER; SHEA BUTTER; ALKYL (C12-15) BENZOATE; CALENDULA OFFICINALIS FLOWER; GREEN TEA LEAF; MEDIUM-CHAIN TRIGLYCERIDES; CHAMOMILE; CITRIC ACID MONOHYDRATE; COCONUT OIL; DECYL GLUCOSIDE; DODECANE; GLYCERIN; GLYCERYL MONOCAPRYLATE; GLYCERYL MONOSTEARATE; GLYCERYL STEARATE CITRATE; HELIANTHUS ANNUUS FLOWERING TOP; HYDROGENATED METHYL ABIETATE; MANGO; RASPBERRY; STEARIC ACID; .ALPHA.-TOCOPHEROL ACETATE; TRIDECYL SALICYLATE; XANTHAN GUM; CORN,spl_xml,82526-268-00,82526-268-00; 82526-268-08,baby; kids,"Apr 24, 2025",3,https://dailymed.nlm.nih.gov/dailymed/drugInfo.cfm?setid=3275303d-a448-4fb4-bdce-6442823f8996,
17cc12c7-5af8-413f-b205-31ac150583e2,B0GQJQSBYH,https://www.amazon.com/Solbar-Sunscreen-Transparent-Spectrum-Resistant/dp/B0GQJQSBYH/ref=sr_1_6?dib=eyJ2IjoiMSJ9.RfDPVE_Z6BlgjuGoxHkHi7DdcFVDipRowKgoJuLeSuAa88u72D-K9ArNfEBqCPLi6PLDlietRA_fFYt3pYaBBEUnIWWkoBO-nIdpMJi_lQOi8X-nJoBsDo1KwZ4D3hT6nHWNwJcCYymI9chNguAtYzz8APTIaRJfl7uoF8haYv3nYfGSowczF5Mfsid55lERwQkOVWO4Vo_Hpyz36ZsZyEWc70wtGdFGOZl9iVECmFc6yvaRrDQQGBVTxVWhI15tvX617zjUMbdtw3_noZhgHCxCEa7uQ1z4V-EiCLKHwcM.VmbwYB3TPuWQSV-nvxjaGPD4xPydBl7ycMB1oN03rgA&dib_tag=se&keywords=kids+sunscreen+hybrid+SPF+30+zinc+oxide+octinoxate+broad+spectrum+water+resistant&nsdOptOutParam=true&qid=1778019972&sr=8-6,MEDIUM,brand:solbar|form:lotion_cream,Fallien Cosmeceuticals,FALLIEN COSMECEUTICALS,cleaned_labeler,COTZ BABY,"COTZ BABY (ZINC OXIDE) CREAM [FALLIEN COSMECEUTICALS, LTD]","FALLIEN COSMECEUTICALS, LTD",,cream,TRUE,FALSE,FALSE,TRUE,1,Zinc Oxide: 200 mg in 1 g,26,ALKYL (C12-15) BENZOATE; CAPRYLHYDROXAMIC ACID; CAPRYLYL GLYCOL; CETYL PEG/PPG-10/1 DIMETHICONE (HLB 5); CYCLOMETHICONE 6; CYCLOMETHICONE 5; DIMETHICONE 100; DIMETHICONE CROSSPOLYMER (450000 MPA.S AT 12% IN CYCLOPENTASILOXANE); DIMETHICONE/VINYL DIMETHICONE CROSSPOLYMER (SOFT PARTICLE); DIMETHICONOL (2000 CST); EDETATE DISODIUM; GLYCERIN; HYDROGEN DIMETHICONE (20 CST); MICROCRYSTALLINE WAX; PEG-10 DIMETHICONE (600 CST); PEG-30 DIPOLYHYDROXYSTEARATE (4000 MW); POLYGLYCERYL-4 ISOSTEARATE; POLYHYDROXYSTEARIC ACID (2300 MW); POLYSORBATE 20; SODIUM CHLORIDE; STEARYL DIMETHICONE (400 MPA.S AT 50C); TETRAHEXYLDECYL ASCORBATE; .ALPHA.-TOCOPHEROL ACETATE; TROLAMINE; TRIETHOXYCAPRYLYLSILANE; WATER,spl_xml,58892-618-01,58892-618-01,baby,"Jan 13, 2025",3,https://dailymed.nlm.nih.gov/dailymed/drugInfo.cfm?setid=17cc12c7-5af8-413f-b205-31ac150583e2,
f3d3eee2-a5d9-113b-e053-2995a90a7057,B0BL65NT9Q,https://www.amazon.com/Pacifica-Lotion-Glow-Baby-Super/dp/B0BL65NT9Q/ref=sr_1_10?dib=eyJ2IjoiMSJ9.rBkfDlyU81ai8e-U0fLJEil2e-YMHeIYn1JvL4vOk8n8_d7Fvgbe1wV2zHs4jxR8BQb3iqosw6ONRKbZOYzOdJOAyX_oWzNNS0eMs5wvq8qm3QdnT6cctS0sYKgJVExCjLZsQSN2DTxKoEeOqHlLbngGnESbKxtwthrl8TwrL5MHpPD-DpLB_SaSUTTwz9pse2v_tnN_e17etBsGMZVgjODdLIc93aiXK4nAKfHg_1ityixBLLvMpNmIKBxqXpS6MF4hQAbBC8SFXu0B7wuJjmAV0X5fwg99S6aAINdP5Hw.F0qYVv6ErsQQ7ICYrzA6BRXyHAY9s1d1aHffFG5rM7k&dib_tag=se&keywords=baby+sunscreen+tinted+mineral+SPF+30+zinc+oxide+face+daily+moisturizer+light+coverage&nsdOptOutParam=true&qid=1778019980&sr=8-10,MEDIUM,"brand:pacifica beauty|spf:30|form!:sprayvstinted|kw:super,glow",Pacifica Beauty,PACIFICA BEAUTY,cleaned_labeler,GLOW BABY SUPER LIT SPF 30,"GLOW BABY SUPER LIT SPF 30 (ZINC OXIDE) SPRAY [PACIFICA BEAUTY, LLC]","PACIFICA BEAUTY, LLC",sunscreen,spray,TRUE,FALSE,FALSE,TRUE,1,ZINC OXIDE: 20.8 g in 100 mL,31,"MALUS DOMESTICA WHOLE; POLYGLYCERYL-6 POLYRICINOLEATE; SILICON DIOXIDE; POLYHYDROXYSTEARIC ACID (2300 MW); MICA; CAFFEINE; CAPRYLHYDROXAMIC ACID; SODIUM STEAROYL GLUTAMATE; KAKADU PLUM; XANTHAN GUM; FERRIC OXIDE RED; FERROSOFERRIC OXIDE; TOCOPHEROL; ALPHA-TOCOPHEROL ACETATE; JOJOBA OIL; SODIUM BENZOATE; SORBITAN SESQUIOLEATE; TITANIUM DIOXIDE; .ALPHA.-BISABOLOL, (+)-; FERRIC OXIDE YELLOW; ASCORBIC ACID; HYDROLYZED JOJOBA ESTERS (ACID FORM); ALLANTOIN; GLYCERYL CAPRYLATE; BISMUTH OXYCHLORIDE; BUTYLOCTYL SALICYLATE; MEDIUM-CHAIN TRIGLYCERIDES; WATER; CITRIC ACID MONOHYDRATE; GLYCERIN; GLYCERYL STEARATE SE",spl_xml,61197-217-00,61197-217-00,baby,"Jan 06, 2025",2,https://dailymed.nlm.nih.gov/dailymed/drugInfo.cfm?setid=f3d3eee2-a5d9-113b-e053-2995a90a7057,
391a4ec3-b65b-4dbe-bc8f-cb67514c8ef1,B00AN4AS2S,https://www.amazon.com/Babyganics-Sunscreen-Bottle-Natural-Repellent/dp/B00AN4AS2S/ref=sr_1_146?dib=eyJ2IjoiMSJ9.A8UCFXYhA7uC-QUSIUeKWkB6e2wFZoYeXDCsBdBUYBN2KfSiEiQ3SUwTqSALSAdR1igo_wh06-4SESjQMWq0PG_P0ilBIc5a2I3Wn6Q2cHDHS8qymYAQ9NyIQM2w_xuQQ3CSCbRL9RTxmXIFYz7m5Bk6QCqSy3Z69WVTKCOW6OTYYAOuiLCxjoIh25b6XmE7MXHWg0BSErPuInDwIvViZupjF-vvVrpoqLn9oVuHgf6HVGMfl66R0TmBTBlekCmrt6KXVlx8Gqfvnpt-s52e6TpY26_8Pu0Me6KmAZ00JSw.UGhDxfmjCU8_HkH1SPPEGHOfx4Tp319U6g7irhV4jBg&dib_tag=se&keywords=toddler+sunscreen+mineral+zinc+oxide+SPF+50+face+body+lotion+1-3+years+organic&nsdOptOutParam=true&qid=1778019964,MEDIUM,brand:babyganics|form:spray,Babyganics,BABYGANICS,title_prefix,BABYGANICS SUNSCREEN 30 SPF,"BABYGANICS SUNSCREEN 30 SPF (ZINC OXIDE, OCTINOXATE, AND OCTISALATE) SPRAY [KAS DIRECT LLC DBA BABYGANICS]",KAS DIRECT LLC DBA BABYGANICS,sunscreen,spray,TRUE,FALSE,TRUE,TRUE,3,ZINC OXIDE: 112 mg in 1 mL; OCTINOXATE: 50 mg in 1 mL; OCTISALATE: 40 mg in 1 mL,18,WATER; MEDIUM-CHAIN TRIGLYCERIDES; GLYCERIN; HEXADECYL POVIDONE; ALOE VERA LEAF; GLYCERYL MONOSTEARATE; POLYGLYCERYL-6 DIOLEATE; POLYSORBATE 80; PHENYLETHYL ALCOHOL; GLYCERYL MONOCAPRYLATE; SODIUM MAGNESIUM FLUOROSILICATE; XANTHAN GUM; HYDROXYETHYL ACRYLATE/SODIUM ACRYLOYLDIMETHYL TAURATE COPOLYMER (100000 MPA.S AT 1.5%); SQUALANE; CITRIC ACID MONOHYDRATE; SOYBEAN LECITHIN; POLYSORBATE 60; SORBITAN ISOSTEARATE,spl_xml,59062-1229-1,59062-1229-1,baby,"Dec 25, 2024",5,https://dailymed.nlm.nih.gov/dailymed/drugInfo.cfm?setid=391a4ec3-b65b-4dbe-bc8f-cb67514c8ef1,
4075f9dc-c25f-434f-a3fc-a7f896295c3d,B00AN4AS2S,https://www.amazon.com/Babyganics-Sunscreen-Bottle-Natural-Repellent/dp/B00AN4AS2S/ref=sr_1_146?dib=eyJ2IjoiMSJ9.A8UCFXYhA7uC-QUSIUeKWkB6e2wFZoYeXDCsBdBUYBN2KfSiEiQ3SUwTqSALSAdR1igo_wh06-4SESjQMWq0PG_P0ilBIc5a2I3Wn6Q2cHDHS8qymYAQ9NyIQM2w_xuQQ3CSCbRL9RTxmXIFYz7m5Bk6QCqSy3Z69WVTKCOW6OTYYAOuiLCxjoIh25b6XmE7MXHWg0BSErPuInDwIvViZupjF-vvVrpoqLn9oVuHgf6HVGMfl66R0TmBTBlekCmrt6KXVlx8Gqfvnpt-s52e6TpY26_8Pu0Me6KmAZ00JSw.UGhDxfmjCU8_HkH1SPPEGHOfx4Tp319U6g7irhV4jBg&dib_tag=se&keywords=toddler+sunscreen+mineral+zinc+oxide+SPF+50+face+body+lotion+1-3+years+organic&nsdOptOutParam=true&qid=1778019964,MEDIUM,brand:babyganics|form:spray,Babyganics,BABYGANICS,title_prefix,BABYGANICS SPF 50 PLUS SUNSCREEN,"BABYGANICS SPF 50 PLUS SUNSCREEN (ZINC OXIDE, OCTISALATE, AND OCTOCRYLENE) SPRAY [KAS DIRECT LLC DBA BABYGANICS]",KAS DIRECT LLC DBA BABYGANICS,sunscreen,spray,TRUE,FALSE,TRUE,TRUE,3,ZINC OXIDE: 112 mg in 1 mL; OCTISALATE: 50 mg in 1 mL; OCTOCRYLENE: 60 mg in 1 mL,22,WATER; MEDIUM-CHAIN TRIGLYCERIDES; GLYCERIN; BUTYLOCTYL SALICYLATE; GLYCERYL MONOSTEARATE; POLYSORBATE 80; PHENYLETHYL ALCOHOL; GLYCERYL MONOCAPRYLATE; LAPONITE; XANTHAN GUM; HYDROXYETHYL ACRYLATE/SODIUM ACRYLOYLDIMETHYL TAURATE COPOLYMER (100000 MPA.S AT 1.5%); CITRIC ACID MONOHYDRATE; SQUALANE; TOMATO SEED OIL; SUNFLOWER OIL; SOYBEAN LECITHIN; POLYSORBATE 60; ALOE VERA LEAF; CRANBERRY SEED OIL; RASPBERRY SEED OIL; NIGELLA SATIVA SEED OIL; SORBITAN ISOSTEARATE,spl_xml,59062-0120-1,59062-0120-1,baby,"Dec 25, 2024",4,https://dailymed.nlm.nih.gov/dailymed/drugInfo.cfm?setid=4075f9dc-c25f-434f-a3fc-a7f896295c3d,
b0a4ac6b-8f88-8a9a-e053-2995a90ab10e,B0GQHQM24D,https://www.amazon.com/Babo-Botanicals-Hydrating-Mineral-Sunscreen/dp/B0GQHQM24D/ref=sr_1_136?dib=eyJ2IjoiMSJ9.jSYoDy6OI9PL1Cy6jzR-6jaQ9slS9CO2upNeAqJ_BUVs2C-sI9bH3C-yVIzF2XZZyK4_-83Aub_FcraTFUHv8NgTMrEdN5PWPer82KLdPa1UlqRvpzspK22JHC9MVr5idCdvbO6i_HEtq0VLvirtmgjsbIcP4BTVUJXxtSYE6QtnX8iZ0F6c_V_Qp4rBSR06L98kQucVkv4v2OqgAdYoHZDiPoBhyZd5qcCVyK4GgSvdvkw8W8NHk9FirK8i2SE-QAKx_2CEbmJt-kiq7L1wbykD7Zs7CFfp2UwR1p8HWXk.OtfFOsCBFeqbEqhVgDtw4zowC_P40XUSO730Rc3a9nk&dib_tag=se&keywords=toddler+sunscreen+mineral+zinc+oxide+SPF+50+face+body+lotion+1-3+years+organic&nsdOptOutParam=true&qid=1778019961,MEDIUM,brand:babo botanicals|form:lotion_cream|kw:skin,Babo Botanicals,BABO BOTANICALS,labeler_map,BABY SKIN MINERAL SUNSCREEN,"BABY SKIN MINERAL SUNSCREEN (MINERAL SUNSCREEN) LOTION [BABO BOTANICALS, INC.]","BABO BOTANICALS, INC.",sunscreen,lotion,TRUE,FALSE,FALSE,TRUE,1,ZINC OXIDE: 20 g in 100 mL,31,"CALENDULA OFFICINALIS FLOWER; PUERARIA MONTANA VAR. LOBATA ROOT; CETOSTEARYL ALCOHOL; HYALURONATE SODIUM; SODIUM STEAROYL GLUTAMATE; TOCOPHEROL; LEVOMENOL; GLYCERIN; WATER; NASTURTIUM OFFICINALE FLOWERING TOP; POLYHYDROXYSTEARIC ACID (2300 MW); SODIUM GLUCONATE; CETYL ALCOHOL; CITRIC ACID MONOHYDRATE; CAPRYLYL GLYCOL; CARBOXYMETHYLCELLULOSE SODIUM, UNSPECIFIED FORM; CHAMOMILE; BUTYLOCTYL SALICYLATE; ARACHIDYL ALCOHOL; ARACHIDYL GLUCOSIDE; DOCOSANOL; SHEA BUTTER; CAPRYLHYDROXAMIC ACID; METHYL DIHYDROABIETATE; COCO GLUCOSIDE; COCONUT OIL; SUNFLOWER OIL; MICROCRYSTALLINE CELLULOSE; FILIPENDULA ULMARIA FLOWER; COCOA BUTTER; SAFFLOWER OIL",spl_xml,79265-8578-3,79265-8578-3,baby,"Dec 16, 2024",3,https://dailymed.nlm.nih.gov/dailymed/drugInfo.cfm?setid=b0a4ac6b-8f88-8a9a-e053-2995a90ab10e,
bc6e8385-c843-a57a-e053-2995a90a6b21,B002LMJO5M,https://www.amazon.com/Alba-Botanica-Tropical-Fruit-Sunscreen/dp/B002LMJO5M/ref=sr_1_134?dib=eyJ2IjoiMSJ9.jSYoDy6OI9PL1Cy6jzR-6jaQ9slS9CO2upNeAqJ_BUVs2C-sI9bH3C-yVIzF2XZZyK4_-83Aub_FcraTFUHv8NgTMrEdN5PWPer82KLdPa1UlqRvpzspK22JHC9MVr5idCdvbO6i_HEtq0VLvirtmgjsbIcP4BTVUJXxtSYE6QtnX8iZ0F6c_V_Qp4rBSR06L98kQucVkv4v2OqgAdYoHZDiPoBhyZd5qcCVyK4GgSvdvkw8W8NHk9FirK8i2SE-QAKx_2CEbmJt-kiq7L1wbykD7Zs7CFfp2UwR1p8HWXk.OtfFOsCBFeqbEqhVgDtw4zowC_P40XUSO730Rc3a9nk&dib_tag=se&keywords=toddler+sunscreen+mineral+zinc+oxide+SPF+50+face+body+lotion+1-3+years+organic&nsdOptOutParam=true&qid=1778019961,MEDIUM,brand:alba botanica|spf~:45vs50|form:lotion_cream,Alba Botanica,ALBA BOTANICA,title_prefix,ALBA BOTANICA BABY MINERAL SUNSCREEN SPF45,"ALBA BOTANICA BABY MINERAL SUNSCREEN SPF45 (ZINC OXIDE, TITANIUM DIOXIDE) CREAM [THE HAIN CELESTIAL GROUP, INC.]","THE HAIN CELESTIAL GROUP, INC.",sunscreen,cream,TRUE,TRUE,FALSE,TRUE,2,TITANIUM DIOXIDE: 7 g in 100 g; ZINC OXIDE: 9 g in 100 g,28,"ANHYDROUS CITRIC ACID; POLYGLYCERYL-2 SESQUIOLEATE; COCO-CAPRYLATE/CAPRATE; CAPRYLIC/CAPRIC ACID; ALCOHOL; BENZYL ALCOHOL; PHENOXYETHANOL; POTASSIUM SORBATE; SODIUM BENZOATE; ALOE VERA LEAF; ISOAMYL LAURATE; COCONUT ALKANES; GLYCERIN; POLYGLYCERYL-3 RICINOLEATE; CRAMBE HISPANICA SUBSP. ABYSSINICA SEED OIL; WATER; POLYGONUM AVICULARE TOP; SHEA BUTTER; GREEN TEA LEAF; GINKGO; ALUMINUM OXIDE; MAGNESIUM SULFATE, UNSPECIFIED FORM; SODIUM CHLORIDE; SORBITAN SESQUIOLEATE; STEARIC ACID; ECHINACEA PURPUREA ROOT; POLYHYDROXYSTEARIC ACID (2300 MW); .ALPHA.-TOCOPHEROL ACETATE",spl_xml,61995-2017-1,61995-2017-1,baby; alba botanica,"Apr 13, 2021",2,https://dailymed.nlm.nih.gov/dailymed/drugInfo.cfm?setid=bc6e8385-c843-a57a-e053-2995a90a6b21,
23a51d1b-6930-45b2-af24-51c44cc2b169,B08QCQN4T8,https://www.amazon.com/JAFRA-TENDER-MOMENTS-SUNSCREEN-SPECTRUM/dp/B08QCQN4T8/ref=sr_1_134?dib=eyJ2IjoiMSJ9.b324bY01sHYdBHCSY8__jqL6Q_w6plKE1DTyzHZxOQweHcaAIo8dkZPhFxxyLtSTXLmfOVKG8if-d_pOEeZdpGQGkwO_A-bXxa8S1-Q6vglTBM4W8noSAVvriJ-kpTEEkYjiKUDXQ3OKvxL6aO6ULY0-PqcSzr5eLwyrWK0F6o4oq_ZsI8wY-bltQpbmjE0CK0e6Xgh3mv5TQqPu5Xg_TeNNunfWTH4owLwLiYjVoobsjWEj4PLKhQPZpCag4jbyLhfHg-VZmRDWzIKkDUnrBB4Jd_FkGfUdnQbSRe2IYu4.l6l6K1iajp8GwihKGI_yYbE4Y9xjKGvb1uNFnFunA24&dib_tag=se&keywords=baby+sun+protection+cream+mineral+zinc+oxide+SPF+50+newborn+infant+gentle&nsdOptOutParam=true&qid=1778019965,MEDIUM,brand:tender moments|form:lotion_cream,Tender Moments,JAFRA COSMETICS,title_prefix,TENDER MOMENTS BABY BOTTOM BALM,"TENDER MOMENTS BABY BOTTOM BALM (ZINC OXIDE, DIMETHICONE) CREAM [JAFRA COSMETICS INTERNATIONAL]",JAFRA COSMETICS INTERNATIONAL,diaper_cream,cream,TRUE,FALSE,FALSE,TRUE,2,ZINC OXIDE: 10 g in 100 mL; DIMETHICONE: 2 g in 100 mL,13,"WATER; PETROLATUM; ISOPROPYL PALMITATE; OAT; PANTHENOL; SOYBEAN OIL; CETOSTEARYL ALCOHOL; MAGNESIUM SULFATE, UNSPECIFIED FORM; WHITE WAX; BUTYLENE GLYCOL; DMDM HYDANTOIN; PEG-4 LAURATE; IODOPROPYNYL BUTYLCARBAMATE",spl_xml,68828-095-01,68828-095-01,baby,"Jun 10, 2019",3,https://dailymed.nlm.nih.gov/dailymed/drugInfo.cfm?setid=23a51d1b-6930-45b2-af24-51c44cc2b169,
482114d3-793f-46b4-ae93-b278e0613d65,B002LMJO5M,https://www.amazon.com/Alba-Botanica-Tropical-Fruit-Sunscreen/dp/B002LMJO5M/ref=sr_1_134?dib=eyJ2IjoiMSJ9.jSYoDy6OI9PL1Cy6jzR-6jaQ9slS9CO2upNeAqJ_BUVs2C-sI9bH3C-yVIzF2XZZyK4_-83Aub_FcraTFUHv8NgTMrEdN5PWPer82KLdPa1UlqRvpzspK22JHC9MVr5idCdvbO6i_HEtq0VLvirtmgjsbIcP4BTVUJXxtSYE6QtnX8iZ0F6c_V_Qp4rBSR06L98kQucVkv4v2OqgAdYoHZDiPoBhyZd5qcCVyK4GgSvdvkw8W8NHk9FirK8i2SE-QAKx_2CEbmJt-kiq7L1wbykD7Zs7CFfp2UwR1p8HWXk.OtfFOsCBFeqbEqhVgDtw4zowC_P40XUSO730Rc3a9nk&dib_tag=se&keywords=toddler+sunscreen+mineral+zinc+oxide+SPF+50+face+body+lotion+1-3+years+organic&nsdOptOutParam=true&qid=1778019961,MEDIUM,brand:alba botanica|form:lotion_cream,The Hain Celestial,THE HAIN CELESTIAL,cleaned_labeler,AVALON ORGANICS BABY PROTECTIVE ZINC DIAPER BALM,"AVALON ORGANICS BABY PROTECTIVE ZINC DIAPER BALM (ZINC OXIDE) CREAM [THE HAIN CELESTIAL GROUP, INC]","THE HAIN CELESTIAL GROUP, INC",diaper_cream,cream,TRUE,FALSE,FALSE,TRUE,1,Zinc Oxide: 21 g in 100 g,3,SUNFLOWER OIL; TRIBEHENIN; WHITE WAX,spl_xml,61995-1110-3,61995-1110-3,baby,"May 08, 2012",2,https://dailymed.nlm.nih.gov/dailymed/drugInfo.cfm?setid=482114d3-793f-46b4-ae93-b278e0613d65,
44a9838e-06a6-5a98-e063-6394a90aaba1,B0G3WWCVGN,https://www.amazon.com/ATTITUDE-Sunscreen-Mineral-Based-Lightweight-Unscented/dp/B0G3WWCVGN/ref=sr_1_87?dib=eyJ2IjoiMSJ9.ZywXOXo31S2E4zHCMz8uJ9pbf8ujSMMpwhtTpmTbMNE2TpBr-4QbbfQJNb3Stq7BTV3gytVF5cA-2q9a3nW3O-P5NHShNqIsya34La3z5JFEKZqJBgXWQumvhrJZJMKYY6vXdfIbZZrCmbnTWI0LAq76_wZgGIdK_HjoJalpEJJ6VRM99iFWtrWxK3kI7hQ3GZiyBtqYgelRUYTckIZxOmwZkibaHHcFn-YsIsL92DMTM4TX_YmqZUWM2aL4lNBSUbdxKS9WoNNBbu7JB9eRYHXOaEJjNY99Y-2faN8DENg.ZeUSZMy9tyM2rKr1kYQjO3h5mtqwyCZ0PmtpMP_i-kM&dib_tag=se&keywords=infant+sun+cream+mineral+zinc+oxide+0-6+months+pediatrician+sensitive&nsdOptOutParam=true&qid=1778019957,MEDIUM,brand:attitude|spf:50|form!:sprayvslotion_cream|unscented_match|kw:unscented,ATTITUDE,ATTITUDE,title_prefix,ATTITUDE SUNLY KIDS MINERAL SUNSCREEN SPRAYER SPF 50 UNSCENTED,ATTITUDE SUNLY KIDS MINERAL SUNSCREEN SPRAYER SPF 50 UNSCENTED (ZINC OXIDE) SPRAY [9055-7588 QU&EACUTE;BEC INC.DBA ATTITUDE],9055-7588 QU&EACUTE;BEC INC.DBA ATTITUDE,sunscreen,spray,TRUE,FALSE,FALSE,TRUE,1,ZINC OXIDE: 24 g in 100 g,13,ETHYL OLEATE; CAPRYLOYL GLYCERIN/SEBACIC ACID COPOLYMER (2000 MPA.S); CETEARYL OLIVATE; SORBITAN OLIVATE; ISOCETYL STEAROYL STEARATE; HYDROGENATED CASTOR OIL/SEBACIC ACID COPOLYMER; COCOGLYCERIDES; BUTYLENE GLYCOL DICAPRYLATE/DICAPRATE; CALCIUM ALUMINUM BOROSILICATE; POLYHYDROXYSTEARIC ACID (2300 MW); CAPRYLIC/CAPRIC TRIGLYCERIDE; TOCOPHEROL; HELIANTHUS ANNUUS (SUNFLOWER) SEED OIL,spl_xml,61649-532-01,61649-532-01,kids,"Dec 15, 2025",1,https://dailymed.nlm.nih.gov/dailymed/drugInfo.cfm?setid=44a9838e-06a6-5a98-e063-6394a90aaba1,
3ca8742f-67cb-a25c-e063-6394a90a4638,B0GQJQSBYH,https://www.amazon.com/Solbar-Sunscreen-Transparent-Spectrum-Resistant/dp/B0GQJQSBYH/ref=sr_1_6?dib=eyJ2IjoiMSJ9.RfDPVE_Z6BlgjuGoxHkHi7DdcFVDipRowKgoJuLeSuAa88u72D-K9ArNfEBqCPLi6PLDlietRA_fFYt3pYaBBEUnIWWkoBO-nIdpMJi_lQOi8X-nJoBsDo1KwZ4D3hT6nHWNwJcCYymI9chNguAtYzz8APTIaRJfl7uoF8haYv3nYfGSowczF5Mfsid55lERwQkOVWO4Vo_Hpyz36ZsZyEWc70wtGdFGOZl9iVECmFc6yvaRrDQQGBVTxVWhI15tvX617zjUMbdtw3_noZhgHCxCEa7uQ1z4V-EiCLKHwcM.VmbwYB3TPuWQSV-nvxjaGPD4xPydBl7ycMB1oN03rgA&dib_tag=se&keywords=kids+sunscreen+hybrid+SPF+30+zinc+oxide+octinoxate+broad+spectrum+water+resistant&nsdOptOutParam=true&qid=1778019972&sr=8-6,MEDIUM,brand:solbar|form:lotion_cream,Fallien Cosmeceuticals,FALLIEN COSMECEUTICALS,cleaned_labeler,COTZ KIDS,"COTZ KIDS (ZINC OXIDE) CREAM [FALLIEN COSMECEUTICALS, LTD.]","FALLIEN COSMECEUTICALS, LTD.",,cream,TRUE,FALSE,FALSE,TRUE,1,ZINC OXIDE: 200 mg in 1 g,26,DIMETHICONE; DIMETHICONE/VINYL DIMETHICONE CROSSPOLYMER (SOFT PARTICLE); DIMETHICONOL (2000 CST); WATER; CYCLOPENTASILOXANE; POLYHYDROXYSTEARIC ACID (2300 MW); GLYCERIN; POLYSORBATE 20; TRIETHANOLAMINE; TRIETHOXYCAPRYLYLSILANE; POLYGLYCERYL-4 ISOSTEARATE; DIMETHICONE CROSSPOLYMER; STEARYL DIMETHICONE (400 MPA.S AT 50C); CAPRYLHYDROXAMIC ACID; HYDROGEN DIMETHICONE (20 CST); PEG-10 DIMETHICONE (600 CST); CETYL PEG/PPG-10/1 DIMETHICONE (HLB 4); PEG-30 DIPOLYHYDROXYSTEARATE; ALPHA-TOCOPHEROL ACETATE; CYCLOHEXASILOXANE; EDETATE DISODIUM ANHYDROUS; MICROCRYSTALLINE WAX; SODIUM CHLORIDE; C12-15 ALKYL BENZOATE; CAPRYLYL GLYCOL; TETRAHEXYLDECYL ASCORBATE,spl_xml,58892-619-01,58892-619-01,kids,"Aug 20, 2025",1,https://dailymed.nlm.nih.gov/dailymed/drugInfo.cfm?setid=3ca8742f-67cb-a25c-e063-6394a90a4638,
3ca914e2-cd53-42bf-e063-6294a90a7082,B0GQJQSBYH,https://www.amazon.com/Solbar-Sunscreen-Transparent-Spectrum-Resistant/dp/B0GQJQSBYH/ref=sr_1_6?dib=eyJ2IjoiMSJ9.RfDPVE_Z6BlgjuGoxHkHi7DdcFVDipRowKgoJuLeSuAa88u72D-K9ArNfEBqCPLi6PLDlietRA_fFYt3pYaBBEUnIWWkoBO-nIdpMJi_lQOi8X-nJoBsDo1KwZ4D3hT6nHWNwJcCYymI9chNguAtYzz8APTIaRJfl7uoF8haYv3nYfGSowczF5Mfsid55lERwQkOVWO4Vo_Hpyz36ZsZyEWc70wtGdFGOZl9iVECmFc6yvaRrDQQGBVTxVWhI15tvX617zjUMbdtw3_noZhgHCxCEa7uQ1z4V-EiCLKHwcM.VmbwYB3TPuWQSV-nvxjaGPD4xPydBl7ycMB1oN03rgA&dib_tag=se&keywords=kids+sunscreen+hybrid+SPF+30+zinc+oxide+octinoxate+broad+spectrum+water+resistant&nsdOptOutParam=true&qid=1778019972&sr=8-6,MEDIUM,brand:solbar|form:lotion_cream,Fallien Cosmeceuticals,FALLIEN COSMECEUTICALS,cleaned_labeler,COTZ KIDS,"COTZ KIDS (ZINC OXIDE) CREAM [FALLIEN COSMECEUTICALS, LTD.]","FALLIEN COSMECEUTICALS, LTD.",,cream,TRUE,FALSE,FALSE,TRUE,1,ZINC OXIDE: 200 mg in 1 g,26,CAPRYLHYDROXAMIC ACID; CAPRYLYL GLYCOL; CYCLOPENTASILOXANE; DIMETHICONE/VINYL DIMETHICONE CROSSPOLYMER (SOFT PARTICLE); DIMETHICONOL (2000 CST); HYDROGEN DIMETHICONE (20 CST); MICROCRYSTALLINE WAX; POLYSORBATE 20; EDETATE DISODIUM ANHYDROUS; DIMETHICONE; POLYGLYCERYL-4 ISOSTEARATE; ALPHA-TOCOPHEROL ACETATE; WATER; STEARYL DIMETHICONE (400 MPA.S AT 50C); TRIETHANOLAMINE; CETYL PEG/PPG-10/1 DIMETHICONE (HLB 4); CYCLOHEXASILOXANE; DIMETHICONE CROSSPOLYMER; GLYCERIN; PEG-30 DIPOLYHYDROXYSTEARATE; POLYHYDROXYSTEARIC ACID (2300 MW); TETRAHEXYLDECYL ASCORBATE; PEG-10 DIMETHICONE (600 CST); SODIUM CHLORIDE; TRIETHOXYCAPRYLYLSILANE; C12-15 ALKYL BENZOATE,spl_xml,58892-619-05,58892-619-05,kids,"Aug 20, 2025",1,https://dailymed.nlm.nih.gov/dailymed/drugInfo.cfm?setid=3ca914e2-cd53-42bf-e063-6294a90a7082,
feb94fd7-6727-6fb1-e053-6394a90a2af1,B08TX532MY,https://www.amazon.com/All-Good-Baby-Mineral-Sunscreen/dp/B08TX532MY/ref=sr_1_40?dib=eyJ2IjoiMSJ9.S8v882f0HaFDU6L8Kg3Cqd8dTj_7VUYonCK3eNDhGgIB3oZpgOpWxWaXS021nfCNxSZrdBk3rOWC3eiaEvBWib_VFz-NBXjVNUetiHw3e2OqgN0QiIcNWQXtKs4sak_BQDSgTnR9ZT_BynS8USRML9Uakum6RUt-RSxZlqAoC5FitYPR7SNFubGIOmOaIlJWqKnAn0sQoPv55hFwSSZYPeY2S0qTxn4ixOJJEmgVvl4AX410HN45rEBxP6S6s2cco1SiNva8-FofhntO1_t4EatfcHu1Cl6agN1Uwv3aAlA.U-AV6wyKtFr_ENXl00Z05TZAbKp-Q_LDQFkULh8kFjY&dib_tag=se&keywords=kids+sunscreen+stick+SPF+30+mineral+water+resistant+broad+spectrum+face+on+the+go&nsdOptOutParam=true&qid=1778019957&sr=8-40,MEDIUM,brand:all good|spf:50|kw:butter,All Good,ELEMENTAL HERBS,title_prefix,ALL GOOD KIDS MINERAL SUNSCREEN BUTTER STICK SPF 50,"ALL GOOD KIDS MINERAL SUNSCREEN BUTTER STICK SPF 50 (ZINC OXIDE) OINTMENT [ELEMENTAL HERBS, INC.]","ELEMENTAL HERBS, INC.",sunscreen,ointment,TRUE,FALSE,FALSE,TRUE,1,ZINC OXIDE: 25 g in 100 g,6,MATRICARIA CHAMOMILLA LEAF; COCONUT OIL; TOCOPHEROL; CALENDULA OFFICINALIS FLOWER; WHITE WAX; JOJOBA OIL,spl_xml,75786-230-78,75786-230-78,kids; all good,"May 07, 2025",3,https://dailymed.nlm.nih.gov/dailymed/drugInfo.cfm?setid=feb94fd7-6727-6fb1-e053-6394a90a2af1,
d3bdda65-bcb4-42d9-84af-d14c7f4421bd,B00AN4AS2S,https://www.amazon.com/Babyganics-Sunscreen-Bottle-Natural-Repellent/dp/B00AN4AS2S/ref=sr_1_146?dib=eyJ2IjoiMSJ9.A8UCFXYhA7uC-QUSIUeKWkB6e2wFZoYeXDCsBdBUYBN2KfSiEiQ3SUwTqSALSAdR1igo_wh06-4SESjQMWq0PG_P0ilBIc5a2I3Wn6Q2cHDHS8qymYAQ9NyIQM2w_xuQQ3CSCbRL9RTxmXIFYz7m5Bk6QCqSy3Z69WVTKCOW6OTYYAOuiLCxjoIh25b6XmE7MXHWg0BSErPuInDwIvViZupjF-vvVrpoqLn9oVuHgf6HVGMfl66R0TmBTBlekCmrt6KXVlx8Gqfvnpt-s52e6TpY26_8Pu0Me6KmAZ00JSw.UGhDxfmjCU8_HkH1SPPEGHOfx4Tp319U6g7irhV4jBg&dib_tag=se&keywords=toddler+sunscreen+mineral+zinc+oxide+SPF+50+face+body+lotion+1-3+years+organic&nsdOptOutParam=true&qid=1778019964,MEDIUM,brand:babyganics|form:spray,Babyganics,BABYGANICS,labeler_map,KIDS SPF50PLUS MINERAL SUNSCREEN ROLLERBALL TOTALLY TROPICAL,KIDS SPF50PLUS MINERAL SUNSCREEN ROLLERBALL TOTALLY TROPICAL (ZINC OXIDE AND TITANIUM DIOXIDE) SPRAY [KAS DIRECT LLC DBA BABYGANICS],KAS DIRECT LLC DBA BABYGANICS,sunscreen,spray,TRUE,TRUE,FALSE,TRUE,2,Zinc Oxide: 7.25 g in 100 mL; Titanium Dioxide: 3.5 g in 100 mL,29,Water; Isododecane; MEDIUM-CHAIN TRIGLYCERIDES; Isohexadecane; ALKYL (C12-15) BENZOATE; Neopentyl Glycol Diheptanoate; Shea Butter Ethyl Esters; SAFFLOWER OIL; DIDECYLDIMONIUM CHLORIDE; Butyloctyl Salicylate; COCO-GLUCOSIDE; CETOSTEARYL ALCOHOL; Cetearyl Glucoside; Cetearyl Olivate; Sorbitan Olivate; Ethylhexylglycerin; JOJOBA OIL; Sodium Hydroxide; Chlorphenesin; Xanthan Gum; Tocopherol; Glycerin; PHYTATE SODIUM; SUNFLOWER SEED; TOMATO SEED OIL; CRANBERRY SEED; NIGELLA SATIVA SEED OIL; RUBUS IDAEUS SEED; CITRIC ACID MONOHYDRATE,spl_xml,59062-2300-3,59062-2300-3,kids,"Dec 25, 2024",3,https://dailymed.nlm.nih.gov/dailymed/drugInfo.cfm?setid=d3bdda65-bcb4-42d9-84af-d14c7f4421bd,
bf4c47c4-2045-8b4c-e053-2a95a90afc5f,B0CLF8HNF1,https://www.amazon.com/Banana-Boat-Refillable-Non-Aerosol-Applicator/dp/B0CLF8HNF1/ref=sr_1_26?dib=eyJ2IjoiMSJ9.PcmJlSU_xOBxeeZhflXa9f9t6koKu_N1mm9dD0XMrjVipJtr8G1WZbqDLHlUoiZW9YqO7uK265Qw97f9O1pWyLEANY5LBh-SOHrOUICdCS8htHZ8sfgNaE_5awjIOgrZ5H3Xvurw2omdqHoN-gzuT606MbYo87g_rlGe3hvondUgAvOb95ZbwUveFZuVphifKN_RJgsAjiaiNVb2I_nuF6BT0NNONGsj96aPbaCIHE5LquNmdMKnPtudnbm2xOilz0xXQr_ra2ixVhVWIirnHAazVkZZhhOaA4VtkkSgxcc.kIgXFqmVWuvUh-9j0DfeVfNddMgGXC1i87rvqh57Pao&dib_tag=se&keywords=kids+sunscreen+avobenzone+octisalate+octocrylene+SPF+50+sport+water+resistant&nsdOptOutParam=true&qid=1778019970&sr=8-26,MEDIUM,brand:banana boat|spf:50|kw:aerosol,Banana Boat,FORMULATED SOLUTIONS,title_prefix,"BANANA BOAT KIDS MINERAL VANISHING GREEN FOAM SPF 50 AMAZING APPLE (TITANIUM DIOXIDE, ZINC OXIDE) AEROSOL","BANANA BOAT KIDS MINERAL VANISHING GREEN FOAM SPF 50 AMAZING APPLE (TITANIUM DIOXIDE, ZINC OXIDE) AEROSOL, FOAM [FORMULATED SOLUTIONS, LLC]","FORMULATED SOLUTIONS, LLC",sunscreen,foam,TRUE,TRUE,FALSE,TRUE,2,TITANIUM DIOXIDE: 49 mg in 1 g; ZINC OXIDE: 71 mg in 1 g,21,TRICAPRIN; VINYLPYRROLIDONE/EICOSENE COPOLYMER; WATER; ISOBUTANE; MEDIUM-CHAIN TRIGLYCERIDES; ISOHEXADECANE; BUTYLOCTYL SALICYLATE; SODIUM CHLORIDE; ETHYLHEXYL METHOXYCRYLENE; DIMETHICONE; POLYHYDROXYSTEARIC ACID (2300 MW); PHENOXYETHANOL; POLYETHYLENE GLYCOL 400; CAPRYLYL GLYCOL; ALUMINUM OXIDE; GLYCERIN; SODIUM CITRATE; .ALPHA.-TOCOPHEROL ACETATE; D&C YELLOW NO. 11; D&C GREEN NO. 6; PEG-8 DIMETHICONE,spl_xml,23667-050-04,23667-050-04,kids,"Dec 01, 2023",2,https://dailymed.nlm.nih.gov/dailymed/drugInfo.cfm?setid=bf4c47c4-2045-8b4c-e053-2a95a90afc5f,
bf4cc838-7884-b91e-e053-2a95a90a50fe,B0CLF8HNF1,https://www.amazon.com/Banana-Boat-Refillable-Non-Aerosol-Applicator/dp/B0CLF8HNF1/ref=sr_1_26?dib=eyJ2IjoiMSJ9.PcmJlSU_xOBxeeZhflXa9f9t6koKu_N1mm9dD0XMrjVipJtr8G1WZbqDLHlUoiZW9YqO7uK265Qw97f9O1pWyLEANY5LBh-SOHrOUICdCS8htHZ8sfgNaE_5awjIOgrZ5H3Xvurw2omdqHoN-gzuT606MbYo87g_rlGe3hvondUgAvOb95ZbwUveFZuVphifKN_RJgsAjiaiNVb2I_nuF6BT0NNONGsj96aPbaCIHE5LquNmdMKnPtudnbm2xOilz0xXQr_ra2ixVhVWIirnHAazVkZZhhOaA4VtkkSgxcc.kIgXFqmVWuvUh-9j0DfeVfNddMgGXC1i87rvqh57Pao&dib_tag=se&keywords=kids+sunscreen+avobenzone+octisalate+octocrylene+SPF+50+sport+water+resistant&nsdOptOutParam=true&qid=1778019970&sr=8-26,MEDIUM,brand:banana boat|spf:50|kw:aerosol,Banana Boat,FORMULATED SOLUTIONS,title_prefix,"BANANA BOAT KIDS MINERAL VANISHING BLUE FOAM SPF 50 BERRY BLAST (TITANIUM DIOXIDE, ZINC OXIDE) AEROSOL","BANANA BOAT KIDS MINERAL VANISHING BLUE FOAM SPF 50 BERRY BLAST (TITANIUM DIOXIDE, ZINC OXIDE) AEROSOL, FOAM [FORMULATED SOLUTIONS, LLC]","FORMULATED SOLUTIONS, LLC",sunscreen,foam,TRUE,TRUE,FALSE,TRUE,2,TITANIUM DIOXIDE: 49 mg in 1 g; ZINC OXIDE: 71 mg in 1 g,20,PEG-8 DIMETHICONE; VINYLPYRROLIDONE/EICOSENE COPOLYMER; WATER; ISOBUTANE; MEDIUM-CHAIN TRIGLYCERIDES; ISOHEXADECANE; BUTYLOCTYL SALICYLATE; SODIUM CHLORIDE; ETHYLHEXYL METHOXYCRYLENE; DIMETHICONE; POLYHYDROXYSTEARIC ACID (2300 MW); PHENOXYETHANOL; CAPRYLYL GLYCOL; POLYETHYLENE GLYCOL 400; ALUMINUM OXIDE; GLYCERIN; SODIUM CITRATE; .ALPHA.-TOCOPHEROL ACETATE; D&C GREEN NO. 6; TRICAPRIN,spl_xml,23667-060-04,23667-060-04,kids,"Dec 01, 2023",2,https://dailymed.nlm.nih.gov/dailymed/drugInfo.cfm?setid=bf4cc838-7884-b91e-e053-2a95a90a50fe,
0c2dc068-ad7d-6a28-e054-00144ff88e88,B002LMJO5M,https://www.amazon.com/Alba-Botanica-Tropical-Fruit-Sunscreen/dp/B002LMJO5M/ref=sr_1_134?dib=eyJ2IjoiMSJ9.jSYoDy6OI9PL1Cy6jzR-6jaQ9slS9CO2upNeAqJ_BUVs2C-sI9bH3C-yVIzF2XZZyK4_-83Aub_FcraTFUHv8NgTMrEdN5PWPer82KLdPa1UlqRvpzspK22JHC9MVr5idCdvbO6i_HEtq0VLvirtmgjsbIcP4BTVUJXxtSYE6QtnX8iZ0F6c_V_Qp4rBSR06L98kQucVkv4v2OqgAdYoHZDiPoBhyZd5qcCVyK4GgSvdvkw8W8NHk9FirK8i2SE-QAKx_2CEbmJt-kiq7L1wbykD7Zs7CFfp2UwR1p8HWXk.OtfFOsCBFeqbEqhVgDtw4zowC_P40XUSO730Rc3a9nk&dib_tag=se&keywords=toddler+sunscreen+mineral+zinc+oxide+SPF+50+face+body+lotion+1-3+years+organic&nsdOptOutParam=true&qid=1778019961,MEDIUM,brand:alba botanica|spf~:45vs50|form:lotion_cream,The Hain Celestial,JASON,cleaned_labeler,JASON SUN KIDS SUNSCREEN BROAD SPECTRUM SPF45,"JASON SUN KIDS SUNSCREEN BROAD SPECTRUM SPF45 (HOMOSALATE, OCTINOXATE, ETHYLHEXYL SALICYLATE, OCTOCRYLENE, BUTUL METHOXYDIBENZOYLMETHANE, TITANIUM DIOXIDE) LOTION [THE HAIN CELESTIAL GROUP, INC.]","THE HAIN CELESTIAL GROUP, INC.",sunscreen,lotion,FALSE,TRUE,TRUE,TRUE,6,HOMOSALATE: 10 g in 100 g; OCTISALATE: 5 g in 100 g; OCTOCRYLENE: 7 g in 100 g; AVOBENZONE: 3 g in 100 g; OCTINOXATE: 7.5 g in 100 g; TITANIUM DIOXIDE: 1 g in 100 g,27,"CALENDULA OFFICINALIS FLOWER; CHAMOMILE; ETHYLHEXYLGLYCERIN; BENZYL ALCOHOL; PHENOXYETHANOL; ALOE VERA LEAF; GLYCERIN; WATER; VINYLPYRROLIDONE/HEXADECENE COPOLYMER; SODIUM STEAROYL GLUTAMATE; .ALPHA.-TOCOPHEROL ACETATE; GLYCERYL STEARATE SE; POTASSIUM SORBATE; CETYL ALCOHOL; DIMETHICONE; XANTHAN GUM; CETOSTEARYL ALCOHOL; HYDROGENATED PALM KERNEL OIL; LECITHIN, SOYBEAN; POLYSORBATE 60; MEDIUM-CHAIN TRIGLYCERIDES; CETEARYL OLIVATE; SILICON DIOXIDE; SODIUM CHLORIDE; SORBITAN OLIVATE; SODIUM BENZOATE; ALCOHOL",spl_xml,61995-0822-4,61995-0822-4,kids,"Jan 09, 2015",1,https://dailymed.nlm.nih.gov/dailymed/drugInfo.cfm?setid=0c2dc068-ad7d-6a28-e054-00144ff88e88,
a5bed94b-2f62-476c-a4b1-aa7c7f093723,B002LMJO5M,https://www.amazon.com/Alba-Botanica-Tropical-Fruit-Sunscreen/dp/B002LMJO5M/ref=sr_1_134?dib=eyJ2IjoiMSJ9.jSYoDy6OI9PL1Cy6jzR-6jaQ9slS9CO2upNeAqJ_BUVs2C-sI9bH3C-yVIzF2XZZyK4_-83Aub_FcraTFUHv8NgTMrEdN5PWPer82KLdPa1UlqRvpzspK22JHC9MVr5idCdvbO6i_HEtq0VLvirtmgjsbIcP4BTVUJXxtSYE6QtnX8iZ0F6c_V_Qp4rBSR06L98kQucVkv4v2OqgAdYoHZDiPoBhyZd5qcCVyK4GgSvdvkw8W8NHk9FirK8i2SE-QAKx_2CEbmJt-kiq7L1wbykD7Zs7CFfp2UwR1p8HWXk.OtfFOsCBFeqbEqhVgDtw4zowC_P40XUSO730Rc3a9nk&dib_tag=se&keywords=toddler+sunscreen+mineral+zinc+oxide+SPF+50+face+body+lotion+1-3+years+organic&nsdOptOutParam=true&qid=1778019961,MEDIUM,brand:alba botanica|spf~:45vs50|form:lotion_cream,The Hain Celestial,JASON,cleaned_labeler,JASON PURE NATURAL SUN KIDS NATURAL SUNSCREN BROAD SPECTRUM SPF45,"JASON PURE NATURAL SUN KIDS NATURAL SUNSCREN BROAD SPECTRUM SPF45 (HOMOSALATE, OCTOCRYLENE, ETHYLHEXYL METHOXYCINNAMATE, ETHYLHEXYL SALICYLATE, TITANIUM DIOXIDE) LOTION [THE HAIN CELESTIAL GROUP, INC.]","THE HAIN CELESTIAL GROUP, INC.",sunscreen,lotion,FALSE,TRUE,TRUE,TRUE,5,HOMOSALATE: 10 g in 100 g; OCTOCRYLENE: 10 g in 100 g; OCTINOXATE: 7.5 g in 100 g; OCTISALATE: 5.0 g in 100 g; TITANIUM DIOXIDE: 2.0 g in 100 g,24,WATER; CETOSTEARYL ALCOHOL; GLYCERIN; CETYL ALCOHOL; DIMETHICONE; MEDIUM-CHAIN TRIGLYCERIDES; GLYCERYL STEARATE SE; HYDROGENATED PALM KERNEL OIL; ALOE VERA LEAF; CALENDULA OFFICINALIS FLOWER; CHAMOMILE; CETEARYL OLIVATE; POLYSORBATE 60; SILICON DIOXIDE; SODIUM STEAROYL GLUTAMATE; SORBITAN OLIVATE; .ALPHA.-TOCOPHEROL ACETATE; XANTHAN GUM; ALCOHOL; BENZYL ALCOHOL; ETHYLHEXYLGLYCERIN; PHENOXYETHANOL; POTASSIUM SORBATE; SODIUM BENZOATE,spl_xml,61995-0322-4,61995-0322-4,kids,"Aug 02, 2012",1,https://dailymed.nlm.nih.gov/dailymed/drugInfo.cfm?setid=a5bed94b-2f62-476c-a4b1-aa7c7f093723,
2c13d6c9-7eb8-462c-9eb3-0d37ad1173af,B002LMJO5M,https://www.amazon.com/Alba-Botanica-Tropical-Fruit-Sunscreen/dp/B002LMJO5M/ref=sr_1_134?dib=eyJ2IjoiMSJ9.jSYoDy6OI9PL1Cy6jzR-6jaQ9slS9CO2upNeAqJ_BUVs2C-sI9bH3C-yVIzF2XZZyK4_-83Aub_FcraTFUHv8NgTMrEdN5PWPer82KLdPa1UlqRvpzspK22JHC9MVr5idCdvbO6i_HEtq0VLvirtmgjsbIcP4BTVUJXxtSYE6QtnX8iZ0F6c_V_Qp4rBSR06L98kQucVkv4v2OqgAdYoHZDiPoBhyZd5qcCVyK4GgSvdvkw8W8NHk9FirK8i2SE-QAKx_2CEbmJt-kiq7L1wbykD7Zs7CFfp2UwR1p8HWXk.OtfFOsCBFeqbEqhVgDtw4zowC_P40XUSO730Rc3a9nk&dib_tag=se&keywords=toddler+sunscreen+mineral+zinc+oxide+SPF+50+face+body+lotion+1-3+years+organic&nsdOptOutParam=true&qid=1778019961,MEDIUM,brand:alba botanica|spf~:45vs50|form:lotion_cream,The Hain Celestial,ALBA,cleaned_labeler,ALBA SUNBLOCK NATURAL KIDS SPF 45,"ALBA SUNBLOCK NATURAL KIDS SPF 45 (HOMOSALATE, OCTOCRYLENE, ETHYLHEXYL METHOXYCINNAMATE, ETHYLHEXYL SALICILATE, TITANIUM DIOXIDE) CREAM [THE HAIN CELESTIAL GROUP, INC.]","THE HAIN CELESTIAL GROUP, INC.",sunscreen,cream,FALSE,TRUE,TRUE,TRUE,5,Homosalate: 10 g in 100 g; Octocrylene: 10 g in 100 g; Octinoxate: 7.5 g in 100 g; Octisalate: 5.0 g in 100 g; Titanium Dioxide: 2.0 g in 100 g,0,,,61995-2399-4,61995-2399-4,kids,"Oct 09, 2010",1,https://dailymed.nlm.nih.gov/dailymed/drugInfo.cfm?setid=2c13d6c9-7eb8-462c-9eb3-0d37ad1173af,no_inactive_extracted
ac77cd6d-de01-44eb-8f5d-cf172ec1b53b,B002LMJO5M,https://www.amazon.com/Alba-Botanica-Tropical-Fruit-Sunscreen/dp/B002LMJO5M/ref=sr_1_134?dib=eyJ2IjoiMSJ9.jSYoDy6OI9PL1Cy6jzR-6jaQ9slS9CO2upNeAqJ_BUVs2C-sI9bH3C-yVIzF2XZZyK4_-83Aub_FcraTFUHv8NgTMrEdN5PWPer82KLdPa1UlqRvpzspK22JHC9MVr5idCdvbO6i_HEtq0VLvirtmgjsbIcP4BTVUJXxtSYE6QtnX8iZ0F6c_V_Qp4rBSR06L98kQucVkv4v2OqgAdYoHZDiPoBhyZd5qcCVyK4GgSvdvkw8W8NHk9FirK8i2SE-QAKx_2CEbmJt-kiq7L1wbykD7Zs7CFfp2UwR1p8HWXk.OtfFOsCBFeqbEqhVgDtw4zowC_P40XUSO730Rc3a9nk&dib_tag=se&keywords=toddler+sunscreen+mineral+zinc+oxide+SPF+50+face+body+lotion+1-3+years+organic&nsdOptOutParam=true&qid=1778019961,MEDIUM,brand:alba botanica|spf~:45vs50|form:lotion_cream,The Hain Celestial,SUNBRELLAS,cleaned_labeler,SUNBRELLAS KIDS SUNBLOCK SPF 45,"SUNBRELLAS KIDS SUNBLOCK SPF 45 (HOMOSALATE, OCTOCRYLENE, ETHYLHEXYL METHOXYCINNAMATE, ETHYLHEXYL SALICILATE, TITANIUM DIOXIDE) CREAM [THE HAIN CELESTIAL GROUP, INC.]","THE HAIN CELESTIAL GROUP, INC.",sunscreen,cream,FALSE,TRUE,TRUE,TRUE,5,Homosalate: 10 g in 100 g; Octocrylene: 10 g in 100 g; Octinoxate: 7.5 g in 100 g; Octisalate: 5.0 g in 100 g; Titanium Dioxide: 2.0 g in 100 g,0,,,61995-0204-4,61995-0204-4,kids,"Oct 09, 2010",1,https://dailymed.nlm.nih.gov/dailymed/drugInfo.cfm?setid=ac77cd6d-de01-44eb-8f5d-cf172ec1b53b,no_inactive_extracted
f8b272f6-8726-de1d-e053-6294a90a7b1e,B0C3LL8VH5,https://www.amazon.com/Babo-Botanicals-Sport-Mineral-Sunscreen/dp/B0C3LL8VH5/ref=sr_1_148?dib=eyJ2IjoiMSJ9.A8UCFXYhA7uC-QUSIUeKWkB6e2wFZoYeXDCsBdBUYBN2KfSiEiQ3SUwTqSALSAdR1igo_wh06-4SESjQMWq0PG_P0ilBIc5a2I3Wn6Q2cHDHS8qymYAQ9NyIQM2w_xuQQ3CSCbRL9RTxmXIFYz7m5Bk6QCqSy3Z69WVTKCOW6OTYYAOuiLCxjoIh25b6XmE7MXHWg0BSErPuInDwIvViZupjF-vvVrpoqLn9oVuHgf6HVGMfl66R0TmBTBlekCmrt6KXVlx8Gqfvnpt-s52e6TpY26_8Pu0Me6KmAZ00JSw.UGhDxfmjCU8_HkH1SPPEGHOfx4Tp319U6g7irhV4jBg&dib_tag=se&keywords=toddler+sunscreen+mineral+zinc+oxide+SPF+50+face+body+lotion+1-3+years+organic&nsdOptOutParam=true&qid=1778019964,MEDIUM,"brand:babo botanicals|spf:50|kw:swim,balm,sport",Babo Botanicals,BABO BOTANICALS,title_prefix,BABO BOTANICALS SWIM AND SPORT MINERAL SUNSCREEN BALM SPF 50 (ZINC OXIDE) SALVE,"BABO BOTANICALS SWIM AND SPORT MINERAL SUNSCREEN BALM SPF 50 (ZINC OXIDE) SALVE [BABO BOTANICALS, INC.]","BABO BOTANICALS, INC.",sunscreen,,TRUE,FALSE,FALSE,TRUE,1,ZINC OXIDE: 245 mg in 1 g,19,"POLYHYDROXYSTEARIC ACID (2300 MW); BENTONITE; SHEA BUTTER; LAUROYL LYSINE; FILIPENDULA ULMARIA FLOWER; PASSIFLORA EDULIS SEED OIL; ACACIA DECURRENS FLOWER WAX; BEHENYL BEHENATE; CANDELILLA WAX; SUNFLOWER OIL; POLYGLYCERIN-3; MEDIUM-CHAIN TRIGLYCERIDES; JOJOBA OIL, RANDOMIZED; TOCOPHEROL; HELIANTHUS ANNUUS SEED WAX; CALENDULA OFFICINALIS FLOWER; CHAMOMILE; NASTURTIUM OFFICINALE; STARCH, TAPIOCA",spl_xml,79265-8776-1,79265-8776-1,babo botanicals,"Dec 16, 2024",2,https://dailymed.nlm.nih.gov/dailymed/drugInfo.cfm?setid=f8b272f6-8726-de1d-e053-6294a90a7b1e,
114c6ac8-b133-cd16-e063-6294a90ac4f9,B06XZ6DRS7,https://www.amazon.com/All-Good-Butter-Stick-Sport/dp/B06XZ6DRS7/ref=sr_1_104?dib=eyJ2IjoiMSJ9.gjj9HdtopHH1UmKMogGRI367_REjMlxaZ_hd5_iegnVA60vKZsn2sbhUSPIwu5sVZj-2lW_s3TW44y0_j425jkiCLEpTcYB9a9RSt8SRQYkGnOzAhN5SKm27Fhza5yi0gcXFeODpsiJrVzrXQRF0Zh3LDSDvtaL6w-4hMvhvYmpLTBb8yRFS9kXeDLaLE7y20f5H9OtT4icRseTvxreELDFddzfw26hCtHzxtRPrW4239DFvyS1wxLGwu6jctyd-OLVBJ7pp2IAxUP_5xaxQ7C8XRvwt6cdAbkkAHcT0_98.DUmeywjDCtleAuoyTeNvXptTZa-OzkH9qZ8FBbkmUus&dib_tag=se&keywords=baby+sunscreen+stick+mineral+zinc+oxide+SPF+50+face+fragrance+free+sensitive+easy+apply&nsdOptOutParam=true&qid=1778019973,MEDIUM,"brand:all good|spf:50|kw:butter,sport",All Good,ELEMENTAL HERBS,title_prefix,ALL GOOD MINERAL SPORT SUNSCREEN BUTTER STICK SPF 50,"ALL GOOD MINERAL SPORT SUNSCREEN BUTTER STICK SPF 50 (ZINC OXIDE) OINTMENT [ELEMENTAL HERBS, INC.]","ELEMENTAL HERBS, INC.",sunscreen,ointment,TRUE,FALSE,FALSE,TRUE,1,ZINC OXIDE: 25 g in 100 g,5,COCONUT OIL; TOCOPHEROL; CALENDULA OFFICINALIS FLOWER; WHITE WAX; JOJOBA OIL,spl_xml,75786-229-78,75786-229-78,all good,"May 07, 2025",3,https://dailymed.nlm.nih.gov/dailymed/drugInfo.cfm?setid=114c6ac8-b133-cd16-e063-6294a90ac4f9,
629e2051-2b2b-748e-e053-2a91aa0ae19d,B002LMJO5M,https://www.amazon.com/Alba-Botanica-Tropical-Fruit-Sunscreen/dp/B002LMJO5M/ref=sr_1_134?dib=eyJ2IjoiMSJ9.jSYoDy6OI9PL1Cy6jzR-6jaQ9slS9CO2upNeAqJ_BUVs2C-sI9bH3C-yVIzF2XZZyK4_-83Aub_FcraTFUHv8NgTMrEdN5PWPer82KLdPa1UlqRvpzspK22JHC9MVr5idCdvbO6i_HEtq0VLvirtmgjsbIcP4BTVUJXxtSYE6QtnX8iZ0F6c_V_Qp4rBSR06L98kQucVkv4v2OqgAdYoHZDiPoBhyZd5qcCVyK4GgSvdvkw8W8NHk9FirK8i2SE-QAKx_2CEbmJt-kiq7L1wbykD7Zs7CFfp2UwR1p8HWXk.OtfFOsCBFeqbEqhVgDtw4zowC_P40XUSO730Rc3a9nk&dib_tag=se&keywords=toddler+sunscreen+mineral+zinc+oxide+SPF+50+face+body+lotion+1-3+years+organic&nsdOptOutParam=true&qid=1778019961,MEDIUM,brand:alba botanica|spf~:45vs50|form:lotion_cream,Alba Botanica,ALBA BOTANICA,title_prefix,ALBA BOTANICA MINERAL SPORT FF SUNSCREEN SPF45,"ALBA BOTANICA MINERAL SPORT FF SUNSCREEN SPF45 (ZINC OXIDE, TITANIUM DIOXIDE) CREAM [THE HAIN CELESTIAL GROUP, INC.]","THE HAIN CELESTIAL GROUP, INC.",sunscreen,cream,TRUE,TRUE,FALSE,TRUE,2,TITANIUM DIOXIDE: 7 g in 100 g; ZINC OXIDE: 9 g in 100 g,26,"ALCOHOL; BENZYL ALCOHOL; PHENOXYETHANOL; POTASSIUM SORBATE; SODIUM BENZOATE; ALOE VERA LEAF; ISOAMYL LAURATE; COCONUT ALKANES; GLYCERIN; POLYGLYCERYL-3 RICINOLEATE; CRAMBE HISPANICA SUBSP. ABYSSINICA SEED OIL; WATER; POLYGONUM AVICULARE TOP; SHEA BUTTER; GREEN TEA LEAF; GINKGO; ALUMINUM OXIDE; COCO-CAPRYLATE/CAPRATE; MAGNESIUM SULFATE, UNSPECIFIED FORM; SODIUM CHLORIDE; SORBITAN SESQUIOLEATE; STEARIC ACID; ECHINACEA PURPUREA ROOT; POLYHYDROXYSTEARIC ACID (2300 MW); MEDIUM-CHAIN TRIGLYCERIDES; .ALPHA.-TOCOPHEROL ACETATE",spl_xml,61995-2040-6,61995-2040-6,alba botanica,"Feb 08, 2021",3,https://dailymed.nlm.nih.gov/dailymed/drugInfo.cfm?setid=629e2051-2b2b-748e-e053-2a91aa0ae19d,
07f4d4d0-9cee-46c3-bc71-2024abd31c9e,B07RN6TSKF,https://www.amazon.com/Aveeno-Continuous-Protection-Water-Resistant-Travel-Size/dp/B07RN6TSKF/ref=sr_1_1?dib=eyJ2IjoiMSJ9.v8W8su3z-BD3cYaDgyqrx-i5sqsY5wIEwEJEQid0zB6wd0oemCwiyJWD-yxl8N_gTvpTXwaegOy3dwTPddSgBltTRXJn0dDMuu65EmsaeGn-Y0NpMoyyg87I6mL8AXSZGUJvrGL0pDcbafSN-NX44zMU705zW2QdcyoiFLWZYrQ-QFtV53_4ineyp3TDolEZhxmno14Tpp9JBELufwqrVHpoCUBI8c4uhYQCZDFCEDsFMhVKemlvwZkKaNY4idUSsJyTZ8JjpnRk9ik0dvGPLQBulPw5WRB1S80s2Qubzns.dMwfeCvkhL7NluCmZmt263yodPaIfARf3H9NgFZHqV0&dib_tag=se&keywords=infant+sun+cream+mineral+zinc+oxide+0-6+months+pediatrician+sensitive&nsdOptOutParam=true&qid=1778019955&sr=8-1,MEDIUM,brand:aveeno|form:lotion_cream,Aveeno,AVEENO ANTI,title_prefix,AVEENO ANTI,"AVEENO ANTI-ITCH CONCENTRATED (ZINC OXIDE, FERRIC OXIDE RED, AND PRAMOXINE HYDROCHLORIDE) LOTION [KENVUE BRANDS LLC]",KENVUE BRANDS LLC,,lotion,TRUE,FALSE,FALSE,TRUE,3,ZINC OXIDE: 29.4 mg in 1 mL; FERRIC OXIDE RED: 0.6 mg in 1 mL; PRAMOXINE HYDROCHLORIDE: 10 mg in 1 mL,12,WATER; GLYCERIN; DISTEARYLDIMONIUM CHLORIDE; PETROLATUM; ISOPROPYL PALMITATE; CETYL ALCOHOL; DIMETHICONE; METHYLPARABEN; SODIUM CHLORIDE; OAT KERNEL OIL; OATMEAL; OAT,spl_xml,69968-0475-4,69968-0475-4,aveeno,"Nov 17, 2025",6,https://dailymed.nlm.nih.gov/dailymed/drugInfo.cfm?setid=07f4d4d0-9cee-46c3-bc71-2024abd31c9e,
1e4d49f4-9e77-48b5-bce5-ff04ed885a0f,B084ZP1H7B,https://www.amazon.com/BLUE-LIZARD-Baby-Mineral-Sunscreen/dp/B084ZP1H7B/ref=sr_1_5?dib=eyJ2IjoiMSJ9.v8W8su3z-BD3cYaDgyqrx-i5sqsY5wIEwEJEQid0zB6wd0oemCwiyJWD-yxl8N_gTvpTXwaegOy3dwTPddSgBltTRXJn0dDMuu65EmsaeGn-Y0NpMoyyg87I6mL8AXSZGUJvrGL0pDcbafSN-NX44zMU705zW2QdcyoiFLWZYrQ-QFtV53_4ineyp3TDolEZhxmno14Tpp9JBELufwqrVHpoCUBI8c4uhYQCZDFCEDsFMhVKemlvwZkKaNY4idUSsJyTZ8JjpnRk9ik0dvGPLQBulPw5WRB1S80s2Qubzns.dMwfeCvkhL7NluCmZmt263yodPaIfARf3H9NgFZHqV0&dib_tag=se&keywords=infant+sun+cream+mineral+zinc+oxide+0-6+months+pediatrician+sensitive&nsdOptOutParam=true&qid=1778019955&rdc=1&sr=8-5,MEDIUM,brand:blue lizard|form:lotion_cream,Blue Lizard,BLUE LIZARD,title_prefix,BLUE LIZARD SENSITIVE SUNSCREEN,BLUE LIZARD SENSITIVE SUNSCREEN (TITANIUM DIOXIDE AND ZINC OXIDE) LOTION [CROWN LABORATORIES],CROWN LABORATORIES,sunscreen,lotion,TRUE,TRUE,FALSE,TRUE,2,TITANIUM DIOXIDE: 54 mg in 1 mL; ZINC OXIDE: 108 mg in 1 mL,28,ETHYLHEXYL PALMITATE; ETHYLHEXYL STEARATE; CAPRYLYL GLYCOL; HEXYL LAURATE; HYDROGENATED CASTOR OIL; METHYL GLUCOSE DIOLEATE; CHLORPHENESIN; OCTYLDODECYL NEOPENTANOATE; PEG-7 HYDROGENATED CASTOR OIL; POLYGLYCERYL-4 ISOSTEARATE; PHENOXYETHANOL; PROPANEDIOL; WATER; SORBITAN MONOOLEATE; STEARIC ACID; .ALPHA.-TOCOPHEROL ACETATE; HEXADECYL POVIDONE (4 HEXADECYL BRANCHES/REPEAT); DIMETHICONE; TRIMETHYLSILOXYSILICATE (M/Q 0.8-1.0); CETYL DIMETHICONE 25; POLYHYDROXYSTEARIC ACID (2300 MW); ALUMINUM STEARATE; TRIETHOXYCAPRYLYLSILANE; ALUMINUM OXIDE; YELLOW WAX; ALKYL (C12-15) BENZOATE; CETYL PEG/PPG-10/1 DIMETHICONE (HLB 5); EDETATE DISODIUM,spl_xml,0316-2045-10,0316-2045-10; 0316-2045-30; 0316-2045-40; 0316-2045-45; 0316-2045-50; 0316-2045-60,blue lizard,"Jan 14, 2026",19,https://dailymed.nlm.nih.gov/dailymed/drugInfo.cfm?setid=1e4d49f4-9e77-48b5-bce5-ff04ed885a0f,
baaec6a9-2c60-2d11-e053-2a95a90abca7,B074W9D52Z,https://www.amazon.com/Coppertone-WaterBabies-Sunscreen-Spectrum-Packaging/dp/B074W9D52Z/ref=sr_1_35?dib=eyJ2IjoiMSJ9.v8W8su3z-BD3cYaDgyqrx-i5sqsY5wIEwEJEQid0zB6wd0oemCwiyJWD-yxl8N_gTvpTXwaegOy3dwTPddSgBltTRXJn0dDMuu65EmsaeGn-Y0NpMoyyg87I6mL8AXSZGUJvrGL0pDcbafSN-NX44zMU705zW2QdcyoiFLWZYrQ-QFtV53_4ineyp3TDolEZhxmno14Tpp9JBELufwqrVHpoCUBI8c4uhYQCZDFCEDsFMhVKemlvwZkKaNY4idUSsJyTZ8JjpnRk9ik0dvGPLQBulPw5WRB1S80s2Qubzns.dMwfeCvkhL7NluCmZmt263yodPaIfARf3H9NgFZHqV0&dib_tag=se&keywords=infant+sun+cream+mineral+zinc+oxide+0-6+months+pediatrician+sensitive&nsdOptOutParam=true&qid=1778019955&sr=8-35,MEDIUM,brand:coppertone|form:lotion_cream,Coppertone,COPPERTONE DEFEND,title_prefix,COPPERTONE DEFEND AND CLEAR,"COPPERTONE DEFEND AND CLEAR (OCTINOXATE, OCTISALATE, ZINC OXIDE) LOTION [BEIERSDORF INC]",BEIERSDORF INC,,lotion,TRUE,FALSE,TRUE,TRUE,3,OCTISALATE: 4.5 g in 100 g; ZINC OXIDE: 9.7 g in 100 g; OCTINOXATE: 7.5 g in 100 g,15,AMMONIUM ACRYLOYLDIMETHYLTAURATE/VP COPOLYMER; BENZYL ALCOHOL; GLYCERYL STEARATE SE; TRIETHOXYCAPRYLYLSILANE; CHLORPHENESIN; CETOSTEARYL ALCOHOL; WATER; STYRENE/ACRYLAMIDE COPOLYMER (MW 500000); TRILAURETH-4 PHOSPHATE; SYNTHETIC BEESWAX; DIMETHICONE; MAGNESIUM DISODIUM EDTA; GLYCERIN; DICAPRYLYL ETHER; POLYESTER-7,spl_xml,66800-3641-3,66800-3641-3; 66800-3641-6,coppertone,"Jan 02, 2026",6,https://dailymed.nlm.nih.gov/dailymed/drugInfo.cfm?setid=baaec6a9-2c60-2d11-e053-2a95a90abca7,
32d6e04a-fa30-ba48-e063-6394a90a1bbf,B08Y8KT28V,https://www.amazon.com/Blue-Lizard-Sunscreen-Water-Resistant-Fragrance-Free/dp/B08Y8KT28V/ref=sr_1_5,PRE_EXISTING,,Blue Lizard,BLUE LIZARD,title_prefix,BLUE LIZARD BABY SPF 50 SUNSCREEN,BLUE LIZARD BABY SPF 50 SUNSCREEN (TITANIUM DIOXIDE AND ZINC OXIDE) LOTION [CROWN LABORATORIES],CROWN LABORATORIES,sunscreen,lotion,TRUE,TRUE,FALSE,TRUE,2,TITANIUM DIOXIDE: 89.6 mg in 1 mL; ZINC OXIDE: 112 mg in 1 mL,30,".ALPHA.-TOCOPHEROL ACETATE; DIMETHICONE; TRIMETHYLSILOXYSILICATE (M/Q 0.8-1.0); HEXADECYL POVIDONE (4 HEXADECYL BRANCHES/REPEAT); POLYHYDROXYSTEARIC ACID (2300 MW); CETYL DIMETHICONE 25; BUTYLOCTYL SALICYLATE; GLYCERIN; EUPHORBIA CERIFERA (CANDELILLA) WAX; CALENDULA OFFICINALIS FLOWER; ALUMINUM OXIDE; ALUMINUM STEARATE; TRIETHOXYCAPRYLYLSILANE; ALOE BARBADENSIS LEAF; CETYL PEG/PPG-10/1 DIMETHICONE (HLB 5); ALKYL (C12-15) BENZOATE; EDETATE DISODIUM; ETHYLHEXYL PALMITATE; ETHYLHEXYL STEARATE; CAPRYLYL GLYCOL; HEXYL LAURATE; METHYL GLUCOSE DIOLEATE; OCTYLDODECYL NEOPENTANOATE; PEG-7 HYDROGENATED CASTOR OIL; POLYGLYCERYL-4 ISOSTEARATE; PROPANEDIOL; WATER; TOCOPHEROL; 1,2-HEXANEDIOL; HYDROXYACETOPHENONE",spl_xml,0316-2036-31,0316-2036-31; 0316-2036-47; 0316-2036-55,baby; blue lizard,"Jan 14, 2026",3,https://dailymed.nlm.nih.gov/dailymed/drugInfo.cfm?setid=32d6e04a-fa30-ba48-e063-6394a90a1bbf,
9948f5b8-43bd-1c99-e053-2a95a90a6121,B083VT9WN3,https://www.amazon.com/BLUE-LIZARD-Mineral-Sunscreen-Stick/dp/B083VT9WN3/ref=sr_1_1?dib=eyJ2IjoiMSJ9,PRE_EXISTING,,Blue Lizard,BLUE LIZARD,title_prefix,BLUE LIZARD BABY SPF 50,BLUE LIZARD BABY SPF 50 (ZINC OXIDE) STICK [CROWN LABORATORIES],CROWN LABORATORIES,sunscreen,stick,TRUE,FALSE,FALSE,TRUE,1,ZINC OXIDE: 20 mg in 1 g,15,"SOYBEAN OIL; SQUALANE; SHEA BUTTER; MEDIUM-CHAIN TRIGLYCERIDES; COCOA BUTTER; HELIANTHUS ANNUUS SEED WAX; CANDELILLA WAX; BEHENYL BEHENATE; COCONUT OIL; POLYHYDROXYSTEARIC ACID STEARATE; CASTOR OIL; .ALPHA.-TOCOPHEROL, D-; JOJOBA OIL; ALOE VERA LEAF; SUNFLOWER OIL",spl_xml,0316-2011-05,0316-2011-05,baby; blue lizard,"Jan 14, 2026",8,https://dailymed.nlm.nih.gov/dailymed/drugInfo.cfm?setid=9948f5b8-43bd-1c99-e053-2a95a90a6121,
08134b95-1879-27e5-e063-6294a90a29af,B073H54CJH,https://www.amazon.com/Coppertone-WaterBABIES-Sunscreen-Mineral-Spectrum/dp/B073H54CJH/ref=sr_1_1?di,PRE_EXISTING,,Coppertone Pure,COPPERTONE,title_prefix,COPPERTONE PURE AND SIMPLE BABY SUNSCREEN SPF 50,COPPERTONE PURE AND SIMPLE BABY SUNSCREEN SPF 50 (ZINC OXIDE 24.08%) LOTION [BEIERSDORF INC],BEIERSDORF INC,sunscreen,lotion,TRUE,FALSE,FALSE,TRUE,1,ZINC OXIDE: 24.08 g in 100 g,21,"PROPYLENE GLYCOL; DIMETHICONE; ETHYLHEXYL PELARGONATE; PEG-12 DIMETHICONE; POLYESTER-7; WATER; ALKYL (C12-15) BENZOATE; ETHYLHEXYL METHOXYCRYLENE; SYNTHETIC BEESWAX; HYDROXYACETOPHENONE; 1,2-HEXANEDIOL; SODIUM CHLORIDE; BUTYLOCTYL SALICYLATE; CETYL PEG/PPG-10/1 DIMETHICONE (HLB 2); TOCOPHEROL; TRIETHOXYCAPRYLYLSILANE; ETHYLHEXYL ISONONANOATE; CAPRYLYL GLYCOL; ISOPROPYL PALMITATE; CYCLOMETHICONE 5; BIS-OCTYLDODECYL DIMER DILINOLEATE/PROPANEDIOL COPOLYMER",spl_xml,66800-2871-7,66800-2871-7,baby; coppertone,"Jan 02, 2026",4,https://dailymed.nlm.nih.gov/dailymed/drugInfo.cfm?setid=08134b95-1879-27e5-e063-6294a90a29af,
088b7152-d3d1-9e74-e063-6394a90a4152,B09PC87PXD,https://www.amazon.com/Coppertone-Simple-Sunscreen-Mineral-Spectrum/dp/B09PC87PXD/ref=sr_1_1?dib=eyJ,PRE_EXISTING,,Coppertone Pure,COPPERTONE,title_prefix,COPPERTONE PURE AND SIMPLE BABY SUNSCREEN SPF 50 (ZINC OXIDE 24.08%) AEROSOL,"COPPERTONE PURE AND SIMPLE BABY SUNSCREEN SPF 50 (ZINC OXIDE 24.08%) AEROSOL, SPRAY [BEIERSDORF INC]",BEIERSDORF INC,sunscreen,spray,TRUE,FALSE,FALSE,TRUE,1,ZINC OXIDE: 24.08 g in 100 g,24,"ISOBUTANE; ETHYLHEXYL ISONONANOATE; WATER; CETYL PEG/PPG-10/1 DIMETHICONE (HLB 2); CAPRYLYL TRISILOXANE; DIMETHICONE; CAPRYLYL GLYCOL; ALKYL (C12-15) BENZOATE; BUTYLOCTYL SALICYLATE; PROPYLENE GLYCOL; PEG-12 DIMETHICONE; ETHYLHEXYL METHOXYCRYLENE; CETYL DIMETHICONE 150; HYDROXYACETOPHENONE; ISOPROPYL PALMITATE; TOCOPHEROL; CYCLOMETHICONE 5; TRIETHOXYCAPRYLYLSILANE; SYNTHETIC BEESWAX; 1,2-HEXANEDIOL; POLYESTER-7; BIS-OCTYLDODECYL DIMER DILINOLEATE/PROPANEDIOL COPOLYMER; ETHYLHEXYL PELARGONATE; SODIUM CHLORIDE",spl_xml,66800-2881-5,66800-2881-5,baby; coppertone,"Jan 02, 2026",3,https://dailymed.nlm.nih.gov/dailymed/drugInfo.cfm?setid=088b7152-d3d1-9e74-e063-6394a90a4152,
cdb19c82-9845-eabc-e053-2a95a90a31f7,B09MJJFGFS,https://www.amazon.com/Eucerin-Sensitive-Mineral-Sunscreen-Protection/dp/B09MJJFGFS/ref=sr_1_1?dib=e,PRE_EXISTING,,Eucerin Baby,EUCERIN,title_prefix,EUCERIN BABY SENSITIVE MINERAL SPF 50 SUNSCREEN,EUCERIN BABY SENSITIVE MINERAL SPF 50 SUNSCREEN (ZINC OXIDE) LOTION [BEIERSDORF INC],BEIERSDORF INC,sunscreen,lotion,TRUE,FALSE,FALSE,TRUE,1,ZINC OXIDE: 24 g in 100 g,20,"WATER; BUTYLOCTYL SALICYLATE; CAPRYLYL GLYCOL; 1,2-HEXANEDIOL; ISOPROPYL PALMITATE; PEG-12 DIMETHICONE/PPG-20 CROSSPOLYMER; ALKYL (C12-15) BENZOATE; CETYL PEG/PPG-10/1 DIMETHICONE (HLB 2); BIS-OCTYLDODECYL DIMER DILINOLEATE/PROPANEDIOL COPOLYMER; HYDROXYACETOPHENONE; SODIUM CHLORIDE; TOCOPHEROL; CYCLOMETHICONE 5; ETHYLHEXYL METHOXYCRYLENE; TRIETHOXYCAPRYLYLSILANE; PROPYLENE GLYCOL; ETHYLHEXYL PELARGONATE; DIMETHICONE; POLYESTER-7; SYNTHETIC BEESWAX",spl_xml,66800-4000-1,66800-4000-1,baby,"Jan 02, 2026",4,https://dailymed.nlm.nih.gov/dailymed/drugInfo.cfm?setid=cdb19c82-9845-eabc-e053-2a95a90a31f7,
44853202-6873-0bc8-e063-6394a90a05f0,B0GLQL1BY8,https://www.amazon.com/ATTITUDE-Sunscreen-Lightweight-Non-Greasy-Unscented/dp/B0GLQL1BY8/ref=sr_1_1?,PRE_EXISTING,,ATTITUDE,ATTITUDE,title_prefix,ATTITUDE SUNLY BABY MINERAL SUNSCREEN STICK SPF 50 UNSCENTED,ATTITUDE SUNLY BABY MINERAL SUNSCREEN STICK SPF 50 UNSCENTED (ZINC OXIDE) STICK [9055-7588 QU&EACUTE;BEC INC.DBA ATTITUDE],9055-7588 QU&EACUTE;BEC INC.DBA ATTITUDE,sunscreen,stick,TRUE,FALSE,FALSE,TRUE,1,ZINC OXIDE: 24 g in 100 g,12,OCTYLDODECANOL; COCOS NUCIFERA (COCONUT) OIL; MALEATED SOYBEAN OIL GLYCERYL/OCTYLDODECANOL ESTERS; CAPRYLIC/CAPRIC TRIGLYCERIDE; GLYCERYL DIBEHENATE; COCO-CAPRYLATE/CAPRATE; HELIANTHUS ANNUUS (SUNFLOWER) SEED WAX; TOCOPHEROL; CALCIUM ALUMINUM BOROSILICATE; VITIS VINIFERA (GRAPE) SEED OIL; HELIANTHUS ANNUUS (SUNFLOWER) SEED OIL; BUTYROSPERMUM PARKII (SHEA) BUTTER,spl_xml,61649-541-01,61649-541-01,baby,"Dec 15, 2025",2,https://dailymed.nlm.nih.gov/dailymed/drugInfo.cfm?setid=44853202-6873-0bc8-e063-6394a90a05f0,
44aba591-04da-fe09-e063-6394a90a912a,B0G3XXVDGH,https://www.amazon.com/ATTITUDE-Sensitive-Sunscreen-Mineral-Based-Lightweight/dp/B0G3XXVDGH/ref=sr_1,PRE_EXISTING,,ATTITUDE,ATTITUDE,title_prefix,ATTITUDE SUNLY BABY MINERAL SUNSCREEN SPF 50 UNSCENTED,ATTITUDE SUNLY BABY MINERAL SUNSCREEN SPF 50 UNSCENTED (ZINC OXIDE) CREAM [9055-7588 QU&EACUTE;BEC INC.DBA ATTITUDE],9055-7588 QU&EACUTE;BEC INC.DBA ATTITUDE,sunscreen,cream,TRUE,FALSE,FALSE,TRUE,1,ZINC OXIDE: 24 g in 100 g,31,HELIANTHUS ANNUUS SEED WAX; GLYCERYL DIBEHENATE; ACACIA SENEGAL GUM; POLYGLYCERYL-2 DIPOLYHYDROXYSTEARATE; POLYGLYCERYL-6 POLYRICINOLEATE; HEPTYL UNDECYLENATE; BUTYLENE GLYCOL DICAPRYLATE/DICAPRATE; CALCIUM ALUMINUM BOROSILICATE; POLYHYDROXYSTEARIC ACID (2300 MW); CAPRYLIC/CAPRIC TRIGLYCERIDE; TOCOPHEROL; HELIANTHUS ANNUUS (SUNFLOWER) SEED OIL; JOJOBA OIL; STEARALKONIUM HECTORITE; PROPYLENE CARBONATE; MALEATED SOYBEAN OIL GLYCERYL/OCTYLDODECANOL ESTERS; DICAPRYLYL ETHER; C13-15 ALKANE; AQUA; PROPANEDIOL DICAPRYLATE/CAPRATE; PROPANEDIOL; MICA; MAGNESIUM SULFATE; POLYGLYCERIN-6; ACACIA DECURRENS FLOWER WAX; POLYGLYCERIN-3; XANTHAN GUM; SODIUM BENZOATE; SILICA; ASCORBYL PALMITATE; COCO-CAPRYLATE/CAPRATE,spl_xml,61649-521-01,61649-521-01,baby,"Dec 15, 2025",1,https://dailymed.nlm.nih.gov/dailymed/drugInfo.cfm?setid=44aba591-04da-fe09-e063-6394a90a912a,
0e9d9419-a7e1-bc42-e063-6394a90af511,B0CTKY7ZT9,https://www.amazon.com/ATTITUDE-Sunscreen-Plastic-Free-Protection-Dermatologically/dp/B0CTKY7ZT9/ref,PRE_EXISTING,,ATTITUDE,ATTITUDE,title_prefix,ATTITUDE OCEANLY PHYTO-SUN LIP BALM SPF 30 BABY ROSE,ATTITUDE OCEANLY PHYTO-SUN LIP BALM SPF 30 BABY ROSE (ZINC OXIDE) STICK [9055-7588 QUEBEC INC. DBA ATTITUDE],9055-7588 QUEBEC INC. DBA ATTITUDE,sunscreen,stick,TRUE,FALSE,FALSE,TRUE,1,ZINC OXIDE: 20 g in 100 g,30,"TETRASELMIS SUECICA; COCONUT OIL; MEDIUM-CHAIN TRIGLYCERIDES; CASTOR OIL; POLYHYDROXYSTEARIC ACID (2300 MW); HELIANTHUS ANNUUS SEED WAX; CAPRYLOYL GLYCERIN/SEBACIC ACID COPOLYMER (2000 MPA.S); SUNFLOWER OIL; PENTADESMA BUTYRACEA WHOLE; MANGANESE VIOLET; FERRIC OXIDE RED; GLYCOGEN; STEAROYL GLUTAMIC ACID; TRIHYDROXYSTEARIN; ASCOPHYLLUM NODOSUM; CRITHMUM MARITIMUM; FUCUS VESICULOSUS; SACCHARINA LATISSIMA; ASCORBYL PALMITATE; HYDROLYZED WHEAT PROTEIN (ENZYMATIC, 3000 MW); HYDROLYZED SOY PROTEIN (ENZYMATIC; 2000 MW); COCOA BUTTER; C10-18 TRIGLYCERIDES; OCTYLDODECANOL; BEHENYL BEHENATE; C18-38 ALKYL HYDROXYSTEAROYL STEARATE; CANDELILLA WAX; .ALPHA.-TOCOPHEROL; JOJOBA OIL; CORN",spl_xml,61649-045-08,61649-045-08,baby,"Nov 17, 2025",2,https://dailymed.nlm.nih.gov/dailymed/drugInfo.cfm?setid=0e9d9419-a7e1-bc42-e063-6394a90af511,
3d3a0d5c-a366-22fc-e063-6394a90a308b,B06ZZHNFW1,https://www.amazon.com/Sun-Bum-Moisturizing-Sunscreen-3-Ounce/dp/B06ZZHNFW1/ref=sr_1_1?dib=eyJ2IjoiM,PRE_EXISTING,,Baby Bum,SUN BUM,title_prefix,BABY BUM MINERAL 50 MINERAL SUNSCREEN FACE STICK,"BABY BUM MINERAL 50 MINERAL SUNSCREEN FACE STICK (ZINC OXIDE) STICK [SUN BUM, LLC]","SUN BUM, LLC",sunscreen,stick,TRUE,FALSE,FALSE,TRUE,1,ZINC OXIDE: 192 mg in 1 g,16,CERESIN; BUTYLOCTYL SALICYLATE; ORYZANOL; CARTHAMUS TINCTORIUS (SAFFLOWER) SEED OIL; COCOS NUCIFERA (COCONUT) OIL; THEOBROMA CACAO (COCOA) SEED BUTTER; TOCOPHEROL; BISABOLOL; COPERNICIA CERIFERA (CARNAUBA) WAX; LINUM USITATISSIMUM (LINSEED) SEED OIL; BUTYROSPERMUM PARKII (SHEA) BUTTER; EUPHORBIA CERIFERA (CANDELILLA) WAX; HYDROLYZED JOJOBA ESTERS; LIMNANTHES ALBA (MEADOWFOAM) SEED OIL; RICE BRAN; PERSEA GRATISSIMA (AVOCADO) OIL,spl_xml,69039-828-01,69039-828-01; 69039-828-02,baby,"Aug 28, 2025",1,https://dailymed.nlm.nih.gov/dailymed/drugInfo.cfm?setid=3d3a0d5c-a366-22fc-e063-6394a90a308b,
369f449f-fb9d-5529-e063-6394a90ac3b2,B008XJ7F1W,https://www.amazon.com/Sun-Bum-Mineral-Sunscreen-Fragrance/dp/B008XJ7F1W/ref=sr_1_1?dib=eyJ2IjoiMSJ9,PRE_EXISTING,,Baby Bum,SUN BUM,title_prefix,BABY BUM MINERAL 50 SUNSCREEN,BABY BUM MINERAL 50 SUNSCREEN (ZINC OXIDE) LOTION [SUN BUM LLC],SUN BUM LLC,sunscreen,lotion,TRUE,FALSE,FALSE,TRUE,1,ZINC OXIDE: 200 mg in 1 mL,25,METHYL DIHYDROABIETATE; ARACHIDYL ALCOHOL; PHENOXYETHANOL; WATER; COCONUT OIL; DIHEPTYL SUCCINATE; CETEARYL ALCOHOL; THEOBROMA CACAO (COCOA) SEED BUTTER; SODIUM HYALURONATE; MICROCRYSTALLINE CELLULOSE; POLYHYDROXYSTEARIC ACID (2300 MW); BUTYLOCTYL SALICYLATE; SHEA BUTTER; BISABOLOL; ETHYLHEXYLGLYCERIN; SODIUM STEAROYL GLUTAMATE; TOCOPHEROL; ARACHIDYL GLUCOSIDE; BEHENYL ALCOHOL; CAPRYLOYL GLYCERIN/SEBACIC ACID COPOLYMER (2000 MPA.S); COCO-GLUCOSIDE; CELLULOSE GUM; CETYL ALCOHOL; SODIUM GLUCONATE; CITRIC ACID,spl_xml,69039-686-00,69039-686-00,baby,"Aug 25, 2025",2,https://dailymed.nlm.nih.gov/dailymed/drugInfo.cfm?setid=369f449f-fb9d-5529-e063-6394a90ac3b2,
3a22f0b9-2d6d-6230-e063-6294a90adf31,B07J5YB8SX,https://www.amazon.com/Sunscreen-Earth-Mama-Calendula-0-74-Ounce/dp/B07J5YB8SX/ref=sr_1_1?dib=eyJ2Ij,PRE_EXISTING,,Earth Mama,ELEEO,title_prefix,EARTH MAMA BABY FACE MINERAL SUNSCREEN STICK SPF 40,EARTH MAMA BABY FACE MINERAL SUNSCREEN STICK SPF 40 (ZINC OXIDE) STICK [ELEEO BRANDS LLC],ELEEO BRANDS LLC,sunscreen,stick,TRUE,FALSE,FALSE,TRUE,1,ZINC OXIDE: 220 mg in 1 g,10,COCONUT OIL; SUNFLOWER OIL; YELLOW WAX; CANDELILLA WAX; CARNAUBA WAX; SHEA BUTTER; TOCOPHEROL; COCOA BUTTER; ALOE VERA LEAF; CALENDULA OFFICINALIS FLOWER,spl_xml,79747-143-01,79747-143-01,baby; earth mama,"Aug 15, 2025",2,https://dailymed.nlm.nih.gov/dailymed/drugInfo.cfm?setid=3a22f0b9-2d6d-6230-e063-6294a90adf31,
3c470ff8-37d6-a729-e063-6294a90aa525,B07ZR1KQ44,https://www.amazon.com/Sun-Bum-Sunscreen-Protection-Sensitive/dp/B07ZR1KQ44/ref=sr_1_2?dib=eyJ2IjoiM,PRE_EXISTING,,Baby Bum,SUN BUM,title_prefix,"BABY BUM MINERAL 50 SUNSCREEN ROLL-ON (TITANIUM DIOXIDE, ZINC OXIDE) LOTION BABY BUM MINERAL 50 SUNSCREEN","BABY BUM MINERAL 50 SUNSCREEN ROLL-ON (TITANIUM DIOXIDE, ZINC OXIDE) LOTION BABY BUM MINERAL 50 SUNSCREEN (TITANIUM DIOXIDE, ZINC OXIDE) SPRAY [SUN BUM, LLC]","SUN BUM, LLC",sunscreen,spray,TRUE,TRUE,FALSE,TRUE,2,TITANIUM DIOXIDE: 34 mg in 1 mL; ZINC OXIDE: 160 mg in 1 mL,27,"SODIUM GLUCONATE; TOCOPHEROL; SILICA; BENTONITE; ALOE BARBADENSIS LEAF JUICE; POLYHYDROXYSTEARIC ACID (2300 MW); POLYESTER-8 (1400 MW, CYANODIPHENYLPROPENOYL CAPPED); ISOCETYL STEAROYL STEARATE; METHYL DIHYDROABIETATE; CAPRYLHYDROXAMIC ACID; BISABOLOL; C18-21 ALKANE; CITRIC ACID; MICROCRYSTALLINE CELLULOSE; ALUMINA; CETEARYL ALCOHOL; BUTYLOCTYL SALICYLATE; DICAPRYLYL CARBONATE; SODIUM STEAROYL GLUTAMATE; BANANA; WATER; ISONONYL ISONONANOATE; COCO-GLUCOSIDE; PROPANEDIOL; CELLULOSE GUM; CAPRYLYL GLYCOL; GLYCERIN",spl_xml,69039-795-01,69039-795-01; 69039-796-01,baby,"Aug 15, 2025",1,https://dailymed.nlm.nih.gov/dailymed/drugInfo.cfm?setid=3c470ff8-37d6-a729-e063-6294a90aa525,
8e295d3d-2748-4f93-9425-de56b5d066d2,B004CDQ73K,https://www.amazon.com/Thinkbaby-Safe-Sunscreen-SPF-3oz/dp/B004CDQ73K/ref=sr_1_1?dib=eyJ2IjoiMSJ9.A8,PRE_EXISTING,,Bio Earth Manufacturing (Pty),BIO EARTH MANUFACTURING (PTY),cleaned_labeler,EEZYSUN SPF 50 BABY AND KIDS,"EEZYSUN SPF 50 BABY AND KIDS (TITANIUM DIOXIDE, ZINC OXIDE) CREAM [BIO EARTH MANUFACTURING (PTY) LTD]",BIO EARTH MANUFACTURING (PTY) LTD,sunscreen,cream,TRUE,TRUE,FALSE,TRUE,2,TITANIUM DIOXIDE: 8 g in 100 mL; ZINC OXIDE: 10 g in 100 mL,24,"ALOE VERA LEAF POLYSACCHARIDES; WATER; ASCORBIC ACID; BARIUM SULFATE; CETOSTEARYL ALCOHOL; CHAMOMILE FLOWER OIL; CITRIC ACID MONOHYDRATE; GLYCERIN; GLYCERYL MONOSTEARATE; HYDROXYETHYL CELLULOSE, UNSPECIFIED; CITRUS X LIMON FLOWERING TOP OIL; POTASSIUM CETYL PHOSPHATE; POTASSIUM SORBATE; VITAMIN A PALMITATE; CASTOR OIL; HYDROGENATED CASTOR OIL; CARNAUBA WAX; ROSA MOSCHATA OIL; SODIUM BENZOATE; SODIUM LACTATE; SORBITAN OLIVATE; SOYBEAN OIL; .ALPHA.-TOCOPHEROL ACETATE; VANILLA PLANIFOLIA OIL",spl_xml,70116-026-01,70116-026-01,baby; kids,"May 30, 2025",1,https://dailymed.nlm.nih.gov/dailymed/drugInfo.cfm?setid=8e295d3d-2748-4f93-9425-de56b5d066d2,
2d2c58e2-0d15-4383-adae-12fc17b8ea50,B01HOHBOFQ,https://www.amazon.com/Neutrogena-Sunscreen-Water-Resistant-Hypoallergenic-Tear-Free/dp/B01HOHBOFQ/r,PRE_EXISTING,,Neutrogena Pure,NEUTROGENA,title_prefix,NEUTROGENA PURE AND FREE BABY SUNSCREEN BROAD SPECTRUM SPF 50,NEUTROGENA PURE AND FREE BABY SUNSCREEN BROAD SPECTRUM SPF 50 (ZINC OXIDE) LOTION [KENVUE BRANDS LLC],KENVUE BRANDS LLC,sunscreen,lotion,TRUE,FALSE,FALSE,TRUE,1,ZINC OXIDE: 216 mg in 1 mL,23,"WATER; ALKYL (C12-15) BENZOATE; BUTYL METHACRYLATE/METHYL METHACRYLATE/METHACRYLIC ACID/STYRENE CROSSPOLYMER; OCTYLDODECYL CITRATE CROSSPOLYMER; PHENYL TRIMETHICONE; CETYL PEG/PPG-10/1 DIMETHICONE (HLB 5); DIMETHICONE; ETHYL METHICONE (8 MPA.S); ETHYLHEXYLGLYCERIN; GLYCERIN; POLYHYDROXYSTEARIC ACID (2300 MW); CAPRYLYL GLYCOL; CETYL DIMETHICONE/BIS-VINYLDIMETHICONE CROSSPOLYMER; PHENYLETHYL ALCOHOL; PHENOXYETHANOL; SILICON DIOXIDE; CETYL DIMETHICONE 25; TRIETHOXYCAPRYLYLSILANE; GLYCERYL MONOBEHENATE; SODIUM CHLORIDE; CHLORPHENESIN; FEVERFEW; 2-ETHYLHEXYL ACRYLATE, METHACRYLATE, METHYL METHACRYLATE, OR BUTYL METHACRYLATE/HYDROXYPROPYL DIMETHICONE COPOLYMER (30000-300000 MW)",spl_xml,69968-0275-3,69968-0275-3,baby; neutrogena,"Mar 24, 2025",8,https://dailymed.nlm.nih.gov/dailymed/drugInfo.cfm?setid=2d2c58e2-0d15-4383-adae-12fc17b8ea50,
bbd6710f-a665-437e-b86b-437f732984d1,B07LCW7CZD,https://www.amazon.com/Aveeno-Continuous-Protection-Sunscreen-Water-Resistant/dp/B07LCW7CZD/ref=sr_1,PRE_EXISTING,,Aveeno Baby,AVEENO,title_prefix,AVEENO BABY CONTINUOUS PROTECTION SENSITIVE SKIN SUNSCREEN BROAD SPECTRUM SPF50,AVEENO BABY CONTINUOUS PROTECTION SENSITIVE SKIN SUNSCREEN BROAD SPECTRUM SPF50 (ZINC OXIDE) LOTION [KENVUE BRANDS LLC],KENVUE BRANDS LLC,sunscreen,lotion,TRUE,FALSE,FALSE,TRUE,1,ZINC OXIDE: 216 mg in 1 mL,22,WATER; ALKYL (C12-15) BENZOATE; PHENYL TRIMETHICONE; CETYL PEG/PPG-10/1 DIMETHICONE (HLB 5); DIMETHICONE; POLYHYDROXYSTEARIC ACID (2300 MW); GLYCERIN; ETHYL METHICONE (8 MPA.S); SILICON DIOXIDE; CETYL DIMETHICONE 25; TRIETHOXYCAPRYLYLSILANE; PHENYLETHYL ALCOHOL; OATMEAL; CAPRYLYL GLYCOL; GLYCERYL DIBEHENATE; SODIUM CHLORIDE; CHLORPHENESIN; PHENOXYETHANOL; FEVERFEW; BUTYL METHACRYLATE/METHYL METHACRYLATE/METHACRYLIC ACID/STYRENE CROSSPOLYMER; OCTYLDODECYL CITRATE CROSSPOLYMER; CETYL DIMETHICONE/BIS-VINYLDIMETHICONE CROSSPOLYMER,spl_xml,69968-0304-1,69968-0304-1; 69968-0304-3; 69968-0304-6; 69968-0304-7,baby; aveeno,"Mar 10, 2025",10,https://dailymed.nlm.nih.gov/dailymed/drugInfo.cfm?setid=bbd6710f-a665-437e-b86b-437f732984d1,
08a175ae-2307-ef8d-e063-6394a90ad234,B07NJPR4TN,https://www.amazon.com/Babo-Botanicals-Mineral-Sunscreen-Unscented/dp/B07NJPR4TN/ref=sr_1_1?dib=eyJ2,PRE_EXISTING,,Babo Botanicals,BABO BOTANICALS,title_prefix,BABO BOTANICALS SENSITIVE BABY MINERAL SUNSCREEN SPF50,"BABO BOTANICALS SENSITIVE BABY MINERAL SUNSCREEN SPF50 (ZINC OXIDE) LOTION [BABO BOTANICALS, INC.]","BABO BOTANICALS, INC.",sunscreen,lotion,TRUE,FALSE,FALSE,TRUE,1,ZINC OXIDE: 200 mg in 1 mL,30,"CALENDULA OFFICINALIS FLOWER; CETOSTEARYL ALCOHOL; HYALURONATE SODIUM; SODIUM STEAROYL GLUTAMATE; TOCOPHEROL; LEVOMENOL; GLYCERIN; WATER; NASTURTIUM OFFICINALE FLOWERING TOP; POLYHYDROXYSTEARIC ACID (2300 MW); SODIUM GLUCONATE; CETYL ALCOHOL; CITRIC ACID MONOHYDRATE; CAPRYLYL GLYCOL; CARBOXYMETHYLCELLULOSE SODIUM, UNSPECIFIED FORM; CHAMOMILE; BUTYLOCTYL SALICYLATE; ARACHIDYL ALCOHOL; ARACHIDYL GLUCOSIDE; DOCOSANOL; SHEA BUTTER; CAPRYLHYDROXAMIC ACID; METHYL DIHYDROABIETATE; COCO GLUCOSIDE; COCONUT OIL; SUNFLOWER OIL; MICROCRYSTALLINE CELLULOSE; FILIPENDULA ULMARIA FLOWER; COCOA BUTTER; SAFFLOWER OIL",spl_xml,79265-8758-1,79265-8758-1,baby; babo botanicals,"Feb 03, 2025",2,https://dailymed.nlm.nih.gov/dailymed/drugInfo.cfm?setid=08a175ae-2307-ef8d-e063-6394a90ad234,
0190eeaf-c5a0-3253-e063-6294a90a43c4,B0GMS18K49,https://www.amazon.com/Hello-Bello-Sunscreen-Protection-Resistant/dp/B0GMS18K49/ref=sr_1_1?dib=eyJ2I,PRE_EXISTING,,Hello Bello,HELLO BELLO,labeler_map,BABY MINERAL SUNSCREEN SPF55,BABY MINERAL SUNSCREEN SPF55 (ZINC OXIDE) LOTION [HELLO BELLO],HELLO BELLO,sunscreen,lotion,TRUE,FALSE,FALSE,TRUE,1,ZINC OXIDE: 200 mg in 1 g,35,LEVOMENOL; BUTYLOCTYL SALICYLATE; CAPRYLHYDROXAMIC ACID; CETOSTEARYL ALCOHOL; CETYL ALCOHOL; CHAMOMILE; ORANGE OIL; DIHEPTYL SUCCINATE; POLYHYDROXYSTEARIC ACID STEARATE; APRICOT KERNEL OIL; SODIUM GLUCONATE; HYALURONATE SODIUM; SODIUM STEAROYL GLUTAMATE; TOCOPHEROL; VANILLA BEAN; WATER; MICROCRYSTALLINE CELLULOSE; GREEN TEA LEAF; ARACHIDYL ALCOHOL; DOCOSANOL; COCOA BUTTER; ARACHIDYL GLUCOSIDE; CALENDULA OFFICINALIS FLOWER; CAPRYLOYL GLYCERIN/SEBACIC ACID COPOLYMER (2000 MPA.S); CAPRYLYL GLYCOL; CARBOXYMETHYLCELLULOSE SODIUM; CITRIC ACID MONOHYDRATE; COCO GLUCOSIDE; COCONUT OIL; CUCUMBER; GLYCERIN; METHYL DIHYDROABIETATE; AVOCADO; TRIETHYL CITRATE; SHEA BUTTER,spl_xml,73418-100-03,73418-100-03,baby,"Jan 10, 2025",2,https://dailymed.nlm.nih.gov/dailymed/drugInfo.cfm?setid=0190eeaf-c5a0-3253-e063-6294a90a43c4,
1e86c2a9-a5c3-95cb-e063-6394a90a014d,B0F9F839P1,https://www.amazon.com/GOONGBE-Kids-Lotion-Cooling-Cream/dp/B0F9F839P1,PRE_EXISTING,,Zero To Seven,ZERO TO SEVEN,cleaned_labeler,GOONGBE BABY EASY WASH SUNLOTION SPF 30,GOONGBE BABY EASY WASH SUNLOTION SPF 30 (ZINC OXIDE) LOTION [ZERO TO SEVEN INC.],ZERO TO SEVEN INC.,sunscreen,lotion,TRUE,FALSE,FALSE,TRUE,1,ZINC OXIDE: 20.026 g in 100 g,4,PENTYLENE GLYCOL; COCO-CAPRYLATE/CAPRATE; PROPANEDIOL; WATER,spl_xml,43319-071-11,43319-071-11,baby,"Jan 01, 2025",2,https://dailymed.nlm.nih.gov/dailymed/drugInfo.cfm?setid=1e86c2a9-a5c3-95cb-e063-6394a90a014d,
d61acaa0-73ef-eccf-e053-2995a90ad940,B08Y99RBYN,https://www.amazon.com/Badger-Sunscreen-Spectrum-Resistant-Ingredients/dp/B08Y99RBYN/ref=sr_1_1?dib=,PRE_EXISTING,,Badger,W.S. BADGER,title_prefix,BADGER BABY SUNSCREEN CREAM BROAD SPECTRUM SPF 40,"BADGER BABY SUNSCREEN CREAM BROAD SPECTRUM SPF 40 (ZINC OXIDE) CREAM [W.S. BADGER COMPANY, INC.]","W.S. BADGER COMPANY, INC.",sunscreen,cream,TRUE,FALSE,FALSE,TRUE,1,ZINC OXIDE: 22.5 g in 100 mL,7,SUNFLOWER OIL; YELLOW WAX; TOCOPHEROL; HIPPOPHAE RHAMNOIDES FRUIT; CALENDULA OFFICINALIS FLOWER; CHAMOMILE FLOWER OIL; JOJOBA OIL,spl_xml,62206-4011-1,62206-4011-1,baby,"Jan 01, 2025",2,https://dailymed.nlm.nih.gov/dailymed/drugInfo.cfm?setid=d61acaa0-73ef-eccf-e053-2995a90ad940,
b0a513a5-18d4-5fca-e053-2a95a90aef93,B086447JCV,https://www.amazon.com/Babo-Botanicals-Mineral-Sunscreen-Water-Resistant/dp/B086447JCV/ref=sr_1_1?di,PRE_EXISTING,,Babo Botanicals,BABO BOTANICALS,labeler_map,BABO BABY SKIN MINERAL SUNSCREEN FF,"BABO BABY SKIN MINERAL SUNSCREEN FF (MINERAL SUNSCREEN) SPRAY [BABO BOTANICALS, INC.]","BABO BOTANICALS, INC.",sunscreen,spray,TRUE,FALSE,FALSE,TRUE,1,ZINC OXIDE: 14.5 g in 100 mL,25,"PUERARIA MONTANA VAR. LOBATA ROOT; TETRADECANE; WATER; BENTONITE; CAPRYLYL GLYCOL; LEVOMENOL; CETOSTEARYL ALCOHOL; CHAMOMILE; GLYCERIN; SUNFLOWER OIL; HYDROGENATED JOJOBA OIL, RANDOMIZED; METHYL DIHYDROABIETATE; PROPANEDIOL; CARBOXYMETHYLCELLULOSE SODIUM, UNSPECIFIED FORM; BUTYLOCTYL SALICYLATE; CALENDULA OFFICINALIS FLOWER; CAPRYLHYDROXAMIC ACID; MEDIUM-CHAIN TRIGLYCERIDES; SAFFLOWER OIL; COCO GLUCOSIDE; MICROCRYSTALLINE CELLULOSE; NASTURTIUM OFFICINALE FLOWERING TOP; POLYHYDROXYSTEARIC ACID (2300 MW); FILIPENDULA ULMARIA FLOWER; TOCOPHEROL",spl_xml,79265-8579-6,79265-8579-6,baby,"Dec 16, 2024",5,https://dailymed.nlm.nih.gov/dailymed/drugInfo.cfm?setid=b0a513a5-18d4-5fca-e053-2a95a90aef93,
b131664d-1ad2-0a2f-e053-2995a90acbda,B094DWW2S4,https://www.amazon.com/Babo-Botanicals-Mineral-Sunscreen-Stick/dp/B094DWW2S4/ref=sr_1_1?dib=eyJ2Ijoi,PRE_EXISTING,,Babo Botanicals,BABO BOTANICALS,labeler_map,BABO BABY FACE MINERAL SUNSCREEN,"BABO BABY FACE MINERAL SUNSCREEN (MINERAL SUNSCREEN) STICK [BABO BOTANICALS, INC.]","BABO BOTANICALS, INC.",sunscreen,stick,TRUE,FALSE,FALSE,TRUE,1,ZINC OXIDE: 20.267 g in 100 g,19,"TAMANU OIL; JOJOBA OIL; TOCOPHEROL; HYDROGENATED JOJOBA OIL, RANDOMIZED; ORYZANOL; WHITE WAX; CHAMOMILE; LEVOMENOL; CALENDULA OFFICINALIS FLOWER; CANDELILLA WAX; SHEA BUTTER; RICE BRAN OIL; OCTYLDODECYL OLEATE; FILIPENDULA ULMARIA FLOWER; COCOA BUTTER; CALOPHYLLUM TACAMAHACA SEED OIL; SUNFLOWER OIL; AVOCADO OIL; NASTURTIUM OFFICINALE FLOWERING TOP",spl_xml,79265-8065-1,79265-8065-1,baby,"Dec 16, 2024",7,https://dailymed.nlm.nih.gov/dailymed/drugInfo.cfm?setid=b131664d-1ad2-0a2f-e053-2995a90acbda,
f2fd12cf-45c0-163f-e053-2a95a90ad459,B07Z9SGJ4C,https://www.amazon.com/Aveeno-Continuous-Protection-Sensitive-Water-Resistant/dp/B07Z9SGJ4C/ref=sr_1,PRE_EXISTING,,Aveeno Baby,AVEENO,title_prefix,AVEENO BABY CONTINUOUS PROTECTION SENSITIVE SKIN MINERAL SUNSCREEN BROAD SPECTRUM SPF 50,AVEENO BABY CONTINUOUS PROTECTION SENSITIVE SKIN MINERAL SUNSCREEN BROAD SPECTRUM SPF 50 (ZINC OXIDE) STICK [KENVUE BRANDS LLC],KENVUE BRANDS LLC,sunscreen,stick,TRUE,FALSE,FALSE,TRUE,1,ZINC OXIDE: 216 mg in 1 g,12,OCTYLDODECYL NEOPENTANOATE; ALKYL (C12-15) BENZOATE; PARAFFIN; SILICON DIOXIDE; NEOPENTYL GLYCOL DIETHYLHEXANOATE; ISOPROPYL MYRISTATE; ADIPIC ACID/DIGLYCOL CROSSPOLYMER (20000 MPA.S); TRIETHOXYCAPRYLYLSILANE; NEOPENTYL GLYCOL DIISOSTEARATE; CAPRYLYL GLYCOL; OAT KERNEL OIL; CERESIN,spl_xml,69968-0798-5,69968-0798-5,baby; aveeno,"Nov 07, 2024",2,https://dailymed.nlm.nih.gov/dailymed/drugInfo.cfm?setid=f2fd12cf-45c0-163f-e053-2a95a90ad459,
820317d2-1803-4949-bddf-09521a5d1750,B071J998MN,https://www.amazon.com/98LIVESUNBABY3EA-Think-Operations-Thinkbaby-Sunscreen/dp/B071J998MN/ref=sr_1_,PRE_EXISTING,,Thinkbaby,THINKOPERATIONS,title_prefix,THINKBABY BABY SUNSCREEN SPF 50,"THINKBABY BABY SUNSCREEN SPF 50 (ZINC OXIDE) LOTION [THINKOPERATIONS,LLC]","THINKOPERATIONS,LLC",sunscreen,lotion,TRUE,FALSE,FALSE,TRUE,1,ZINC OXIDE: 200 mg in 1 mL,18,"WATER; TRICAPRIN; SORBITAN SESQUIOLEATE; GLYCERIN; CETYL DIMETHICONE 25; HYDROGENATED METHYL ABIETATE; MAGNESIUM SULFATE, UNSPECIFIED FORM; SUNFLOWER OIL; JOJOBA OIL; TOCOPHEROL; OLIVE OIL; HYALURONIC ACID; PAPAYA; CAPRYLHYDROXAMIC ACID; HEXYL LAURATE; GLYCERYL MONOCAPRYLATE; TRICAPRILIN; POLYGLYCERYL-4 ISOSTEARATE",spl_xml,60781-1003-3,60781-1003-3; 60781-1003-6,baby; thinkbaby,"Dec 13, 2023",6,https://dailymed.nlm.nih.gov/dailymed/drugInfo.cfm?setid=820317d2-1803-4949-bddf-09521a5d1750,
a6e5f808-65c7-4810-a15c-413111216dae,B07QXWTNRJ,https://www.amazon.com/Raw-Elements-Sunscreen-Cruelty-Free-Moisturizing/dp/B07QXWTNRJ/ref=sr_1_1?dib,PRE_EXISTING,,Raw Elements,RAW ELEMENTS,title_prefix,RAW ELEMENTS BABY KIDS BROAD SPECTRUM SPF30 SUNSCREEN,RAW ELEMENTS BABY KIDS BROAD SPECTRUM SPF30 SUNSCREEN (ZINC OXIDE) STICK [RAW ELEMENTS LLC],RAW ELEMENTS LLC,sunscreen,stick,TRUE,FALSE,FALSE,TRUE,1,ZINC OXIDE: 250 mg in 1 g,8,SUNFLOWER OIL; COCOA BUTTER; COCONUT OIL; HELIANTHUS ANNUUS SEED WAX; CALENDULA OFFICINALIS FLOWER; MATRICARIA CHAMOMILLA; ROSEMARY; TOCOPHEROL,spl_xml,70680-306-00,70680-306-00,baby; kids; raw elements,"Nov 10, 2023",2,https://dailymed.nlm.nih.gov/dailymed/drugInfo.cfm?setid=a6e5f808-65c7-4810-a15c-413111216dae,
fda8fce8-a164-45b5-b6ca-b1efce474089,B07S7K298M,https://www.amazon.com/Raw-Elements-Sunscreen-Zero-Waste-Drawstring/dp/B07S7K298M/ref=sr_1_3?dib=eyJ,PRE_EXISTING,,Raw Elements,RAW ELEMENTS,title_prefix,RAW ELEMENTS BABY KIDS BROAD SPECTRUM SPF30,RAW ELEMENTS BABY KIDS BROAD SPECTRUM SPF30 (ZINC OXIDE) LOTION [RAW ELEMENTS LLC],RAW ELEMENTS LLC,sunscreen,lotion,TRUE,FALSE,FALSE,TRUE,1,ZINC OXIDE: 250 mg in 1 g,5,SUNFLOWER OIL; YELLOW WAX; CALENDULA OFFICINALIS FLOWER; ROSEMARY; TOCOPHEROL,spl_xml,70680-307-00,70680-307-00,baby; kids; raw elements,"Nov 10, 2023",2,https://dailymed.nlm.nih.gov/dailymed/drugInfo.cfm?setid=fda8fce8-a164-45b5-b6ca-b1efce474089,
606d2aea-26c1-44a1-8452-02663b3e51dd,B00JJZN1HG,https://www.amazon.com/Thinkbaby-Safe-Sunscreen-SPF-ounce/dp/B00JJZN1HG/ref=sr_1_6?dib=eyJ2IjoiMSJ9.,PRE_EXISTING,,Baby Bum,SUN BUM,title_prefix,BABY BUM SPF50 MINERAL SUNSCREEN,"BABY BUM SPF50 MINERAL SUNSCREEN (ZINC OXIDE) CREAM [SUN BUM, LLC]","SUN BUM, LLC",sunscreen,cream,TRUE,FALSE,FALSE,TRUE,1,ZINC OXIDE: 200 mg in 1 mL,24,"WATER; COCONUT OIL; BUTYLOCTYL SALICYLATE; DIHEPTYL SUCCINATE; METHYL DIHYDROABIETATE; SHEA BUTTER; CAPRYLOYL GLYCERIN/SEBACIC ACID COPOLYMER (2000 MPA.S); SODIUM STEAROYL GLUTAMATE; CETOSTEARYL ALCOHOL; COCOA BUTTER; HYALURONATE SODIUM; LEVOMENOL; TOCOPHEROL; COCO GLUCOSIDE; MICROCRYSTALLINE CELLULOSE; CARBOXYMETHYLCELLULOSE SODIUM, UNSPECIFIED FORM; CETYL ALCOHOL; ARACHIDYL ALCOHOL; DOCOSANOL; ARACHIDYL GLUCOSIDE; SODIUM GLUCONATE; PHENOXYETHANOL; ETHYLHEXYLGLYCERIN; CITRIC ACID MONOHYDRATE",spl_xml,69039-255-00,69039-255-00; 69039-255-01,baby,"Feb 07, 2022",6,https://dailymed.nlm.nih.gov/dailymed/drugInfo.cfm?setid=606d2aea-26c1-44a1-8452-02663b3e51dd,
60cda526-4b44-00a3-e053-2a91aa0abac0,B082BW81DW,https://www.amazon.com/Alba-Botanica-Sunscreen-Mineral-Clear/dp/B082BW81DW/ref=sr_1_1_mod_primary_ne,PRE_EXISTING,,The Hain Celestial,AL0043700 ALBA BOTANICA,cleaned_labeler,AL0043700 ALBA BOTANICA BABY MINERAL SUNSCREEN SPF50,"AL0043700 ALBA BOTANICA BABY MINERAL SUNSCREEN SPF50 (ZINC OXIDE) LOTION [THE HAIN CELESTIAL GROUP, INC.]","THE HAIN CELESTIAL GROUP, INC.",sunscreen,lotion,TRUE,FALSE,FALSE,TRUE,1,ZINC OXIDE: 17 g in 100 g,27,MICA; BIOSACCHARIDE GUM-1; ORANGE OIL; POLYGLYCERYL-2 SESQUIISOSTEARATE; CARNAUBA WAX; ALCOHOL; PHENOXYETHANOL; ALOE VERA LEAF; COCONUT ALKANES; GLYCERIN; POLYGLYCERYL-3 RICINOLEATE; WATER; SHEA BUTTER; GREEN TEA LEAF; COCO-CAPRYLATE/CAPRATE; SODIUM CHLORIDE; SORBITAN SESQUIOLEATE; POLYHYDROXYSTEARIC ACID (2300 MW); MEDIUM-CHAIN TRIGLYCERIDES; .ALPHA.-TOCOPHEROL ACETATE; GLYCERYL ISOSTEARATE; CETEARYL OLIVATE; GLYCERYL CAPRYLATE; C10-18 TRIGLYCERIDES; ETHYLHEXYLGLYCERIN; CHAMOMILE; JUNIPERUS VIRGINIANA OIL,spl_xml,61995-2437-4,61995-2437-4,baby; alba botanica,"Feb 08, 2021",3,https://dailymed.nlm.nih.gov/dailymed/drugInfo.cfm?setid=60cda526-4b44-00a3-e053-2a91aa0abac0,
372ae3fb-fec0-4c7b-853b-12835c830311,B0CS85RRNK,https://www.amazon.com/Neutrogena-Sunscreen-Water-Resistant-Protection-Oxybenzone-Free/dp/B0CS85RRNK,PRE_EXISTING,,Cvs,CVS,cleaned_labeler,BABY PURE AND GENTLE SPF 60 SUNSCREEN,BABY PURE AND GENTLE SPF 60 SUNSCREEN (TITANIUM DIOXIDE - 6.00% ZINC OXIDE - 4.70%) STICK [CVS],CVS,sunscreen,stick,TRUE,TRUE,FALSE,TRUE,2,Titanium Dioxide: 6 g in 100 g; Zinc Oxide: 4.7 g in 100 g,15,Aluminum Hydroxide; YELLOW WAX; BUTYLATED HYDROXYTOLUENE; Butyloctyl Salicylate; ALKYL (C12-15) BENZOATE; Cetyl Alcohol; Dimethicone; CANDELILLA WAX; Isostearic Acid; Neopentyl Glycol Diethylhexanoate; CERESIN; Paraffin; HIGH DENSITY POLYETHYLENE; Stearic Acid; Triethoxycaprylylsilane,spl_xml,69842-333-01,69842-333-01,baby,"Apr 23, 2018",1,https://dailymed.nlm.nih.gov/dailymed/drugInfo.cfm?setid=372ae3fb-fec0-4c7b-853b-12835c830311,
6587b9ff-b49e-42f0-a4c7-c492db61623b,B079P2VV8X,https://www.amazon.com/Badger-Sunscreen-Reef-Friendly-Broad-Spectrum-Water-Resistant/dp/B079P2VV8X/r,PRE_EXISTING,,Badger,NORWOOD PACKAGING,title_prefix,BADGER BABY SPF 30 SUNSCREEN,BADGER BABY SPF 30 SUNSCREEN (ZINC OXIDE) CREAM [NORWOOD PACKAGING LTD.],NORWOOD PACKAGING LTD.,sunscreen,cream,TRUE,FALSE,FALSE,TRUE,1,ZINC OXIDE: 18.75 g in 100 mL,6,SUNFLOWER OIL; YELLOW WAX; TOCOPHEROL; HIPPOPHAE RHAMNOIDES FRUIT; CALENDULA OFFICINALIS FLOWER; CHAMAEMELUM NOBILE FLOWER OIL,spl_xml,55143-105-01,55143-105-01,baby,"Jan 17, 2014",1,https://dailymed.nlm.nih.gov/dailymed/drugInfo.cfm?setid=6587b9ff-b49e-42f0-a4c7-c492db61623b,
0c285349-62e0-40a4-93c8-11abb65e6f4d,B07ZL516N2,https://www.amazon.com/sspa/click?ie=UTF8&spc=MTo1MDgxNTI5MjA5MTMwNzE0OjE3NzgyMDY0MzA6c3BfYXRmOjMwMT,PRE_EXISTING,,Uv Natural Pty,UV NATURAL PTY,cleaned_labeler,SUNSCREEN BABY SPF30 PLUS BROAD SPECTRUM,SUNSCREEN BABY SPF30 PLUS BROAD SPECTRUM (ZINC OXIDE ) LOTION [UV NATURAL INTERNATIONAL PTY LTD],UV NATURAL INTERNATIONAL PTY LTD,sunscreen,lotion,TRUE,FALSE,FALSE,TRUE,1,ZINC OXIDE: 12.9 mL in 52 mL,8,GRAPE SEED OIL; TRICAPRIN; SILICON DIOXIDE; ZINC STEARATE; MACADAMIA OIL; CAMELLIA OLEIFERA LEAF; VITIS VINIFERA SEED; TOCOPHEROL,spl_xml,29565-300-10,29565-300-10; 29565-300-50,baby,"May 11, 2012",1,https://dailymed.nlm.nih.gov/dailymed/drugInfo.cfm?setid=0c285349-62e0-40a4-93c8-11abb65e6f4d,
05047057-2f1e-47e3-9433-4374db0dd10b,B0CMYY32YL,https://www.amazon.com/Aruba-Friendly-Mineral-Sunscreen-Lotion/dp/B0CMYY32YL,PRE_EXISTING,,Aruba Aloe,ARUBA ALOE BALM NV,labeler_map,BROAD SPECTRUM WATER RESISTANT SPF 50 MINERAL SUNSCREEN BABIES,"BROAD SPECTRUM WATER RESISTANT SPF 50 MINERAL SUNSCREEN BABIES (TITANIUM DIOXIDE, ZINC OXIDE) CREAM [ARUBA ALOE BALM NV]",ARUBA ALOE BALM NV,sunscreen,cream,TRUE,TRUE,FALSE,TRUE,2,TITANIUM DIOXIDE: 100 mg in 1 mL; ZINC OXIDE: 100 mg in 1 mL,14,WATER; HELIANTHUS ANNUUS FLOWERING TOP; PROPANEDIOL; ALOE VERA LEAF; MEDIUM-CHAIN TRIGLYCERIDES; PHENOXYETHANOL; CAPRYLYL GLYCOL; CHLORPHENESIN; STEARIC ACID; ALUMINUM OXIDE; CARBOMER INTERPOLYMER TYPE A (ALLYL SUCROSE CROSSLINKED); .ALPHA.-TOCOPHEROL; ACETATE ION; SODIUM HYDROXIDE,spl_xml,53675-172-00,53675-172-00,babies,"Nov 09, 2023",2,https://dailymed.nlm.nih.gov/dailymed/drugInfo.cfm?setid=05047057-2f1e-47e3-9433-4374db0dd10b,
a705f810-80c8-4853-a312-727076c27788,B0CMYY32YL,https://www.amazon.com/Aruba-Friendly-Mineral-Sunscreen-Lotion/dp/B0CMYY32YL,PRE_EXISTING,,Aruba Aloe,ARUBA ALOE BALM NV,labeler_map,BROAD SPECTRUM SPF 50 BABIES MINERAL SUNSCREEN,"BROAD SPECTRUM SPF 50 BABIES MINERAL SUNSCREEN (TITANIUM DIOXIDE, ZINC OXIDE) CREAM [ARUBA ALOE BALM NV]",ARUBA ALOE BALM NV,sunscreen,cream,TRUE,TRUE,FALSE,TRUE,2,TITANIUM DIOXIDE: 100 mg in 1 mL; ZINC OXIDE: 80 mg in 1 mL,25,WATER; BUTYLOCTYL SALICYLATE; MEDIUM-CHAIN TRIGLYCERIDES; ALOE VERA LEAF; GLYCERYL MONOSTEARATE; CETEARYL ISONONANOATE; POLYSORBATE 60; CETOSTEARYL ALCOHOL; PROPYLENE GLYCOL; DIMETHICONE; STEARIC ACID; POLYOXYL 20 CETOSTEARYL ETHER; COCONUT OIL; PHENOXYETHANOL; .ALPHA.-TOCOPHEROL ACETATE; CETYL PALMITATE; CETEARETH-12; CAPRYLYL GLYCOL; CHLORPHENESIN; JOJOBA OIL; ASCORBIC ACID; CITRIC ACID MONOHYDRATE; EDETATE DISODIUM ANHYDROUS; TRIETHOXYCAPRYLYLSILANE; ALUMINUM OXIDE,spl_xml,53675-191-02,53675-191-02,babies,"Nov 08, 2023",2,https://dailymed.nlm.nih.gov/dailymed/drugInfo.cfm?setid=a705f810-80c8-4853-a312-727076c27788,
d8286660-5a8a-ce99-e053-2a95a90a46f8,B0CMYY32YL,https://www.amazon.com/Aruba-Friendly-Mineral-Sunscreen-Lotion/dp/B0CMYY32YL,PRE_EXISTING,,Aruba Aloe,ARUBA ALOE BALM NV,labeler_map,ARUBA ALOE SPF 50 MINERAL SUNSCREEN BABIES,"ARUBA ALOE SPF 50 MINERAL SUNSCREEN BABIES (TITANIUM DIOXIDE, ZINC OXIDE) CREAM [ARUBA ALOE BALM NV]",ARUBA ALOE BALM NV,sunscreen,cream,TRUE,TRUE,FALSE,TRUE,2,TITANIUM DIOXIDE: 100 mg in 1 mL; ZINC OXIDE: 100 mg in 1 mL,26,WATER; BUTYLOCTYL SALICYLATE; MEDIUM-CHAIN TRIGLYCERIDES; ALOE VERA LEAF; GLYCERYL MONOSTEARATE; CETEARYL ISONONANOATE; POLYSORBATE 60; CETOSTEARYL ALCOHOL; DIMETHICONE; STEARIC ACID; POLYOXYL 20 CETOSTEARYL ETHER; PROPYLENE GLYCOL; COCONUT OIL; PHENOXYETHANOL; .ALPHA.-TOCOPHEROL ACETATE; CETYL PALMITATE; CETEARETH-12; CAPRYLYL GLYCOL; CHLORPHENESIN; JOJOBA OIL; ASCORBIC ACID; CITRIC ACID MONOHYDRATE; EDETATE DISODIUM ANHYDROUS; TRIETHOXYCAPRYLYLSILANE; ALUMINUM OXIDE; POLYHYDROXYSTEARIC ACID (2300 MW),spl_xml,53675-197-01,53675-197-01,babies,"Nov 08, 2023",2,https://dailymed.nlm.nih.gov/dailymed/drugInfo.cfm?setid=d8286660-5a8a-ce99-e053-2a95a90a46f8,
4c37855b-08c0-0aa7-e063-6394a90a8842,B0D2JJBC12,https://www.amazon.com/sspa/click?ie=UTF8&spc=MTozNTM5NzE0MDYzMDk0MzoxNzc4MjA2NjAyOnNwX2F0ZjozMDEyNT,PRE_EXISTING,,Roe Wellness,ROE WELLNESS,labeler_map,KIDS MINERAL SUNSCREEN STICK SPF 50,KIDS MINERAL SUNSCREEN STICK SPF 50 (ZINC OXIDE) STICK [SMALLS BRAND LLC DBA ROE WELLNESS],SMALLS BRAND LLC DBA ROE WELLNESS,sunscreen,stick,TRUE,FALSE,FALSE,TRUE,1,ZINC OXIDE: 22 g in 100 g,25,"TOCOPHEROL; CAPRYLYL GLYCOL; OLEA EUROPAEA (OLIVE) OIL UNSAPONIFIABLES; GLYCERYL STEARATE; JOJOBA OIL, RANDOMIZED; SHEA BUTTER; LEVOMENOL; COCOGLYCERIDES; PROPYLENE CARBONATE; HELIANTHUS ANNUUS (SUNFLOWER) SEED WAX; GLYCERYL OLEATE; STEARYL GLYCYRRHETINATE; WATER; CERESIN; CAPRYLIC/CAPRIC TRIGLYCERIDE; ETHYLHEXYL OLIVATE; BIS-OCTYLDODECYL DIMER DILINOLEATE/PROPANEDIOL COPOLYMER; COCO-CAPRYLATE/CAPRATE; MEADOWFOAM SEED OIL; RHUS VERNICIFLUA PEEL WAX; BUTYLOCTYL SALICYLATE; SQUALANE; CANDELILLA WAX; CETOSTEARYL ALCOHOL; STEARALKONIUM HECTORITE",spl_xml,83369-004-01,83369-004-01,kids,"Apr 06, 2026",1,https://dailymed.nlm.nih.gov/dailymed/drugInfo.cfm?setid=4c37855b-08c0-0aa7-e063-6394a90a8842,
3ee4410b-46d8-1059-e063-6394a90a7f96,B0FZQ5XPKX,https://www.amazon.com/Sun-Zapper-Kids-Pure-Sunscreen/dp/B0FZQ5XPKX,PRE_EXISTING,,Sun Zapper,VEGANIC SKN,title_prefix,SUN ZAPPER - KIDS PURE ZINC SUNSCREEN SPF50,SUN ZAPPER - KIDS PURE ZINC SUNSCREEN SPF50 (ZINC OXIDE SUNSCREEN) CREAM [VEGANIC SKN LIMITED],VEGANIC SKN LIMITED,sunscreen,cream,TRUE,FALSE,FALSE,TRUE,1,ZINC OXIDE: 25 kg in 100 kg,17,COCO-CAPRYLATE/CAPRATE; SODIUM CHLORIDE; GLYCERIN; POLYGLYCERYL-3 RICINOLEATE; GLYCERYL STEARATE CITRATE; XANTHAN GUM; FERRIC OXIDE RED; SODIUM HINOKITIOL; FERRIC OXIDE YELLOW; FERROSOFERRIC OXIDE; COCONUT ALKANES; HELIANTHUS ANNUUS (SUNFLOWER) SEED OIL; ALPHA-TOCOPHEROL ACETATE; WATER; POLYHYDROXYSTEARIC ACID (2300 MW); ISOSTEARIC ACID; CANDELILLA WAX,spl_xml,83252-123-25,83252-123-25,kids,"Mar 09, 2026",2,https://dailymed.nlm.nih.gov/dailymed/drugInfo.cfm?setid=3ee4410b-46d8-1059-e063-6394a90a7f96,
0bdb7d15-dc52-4e23-9417-fe73f17f6110,B0BMQWKRPT,https://www.amazon.com/Hampton-Sun-Mineral-Stick-Kids-67/dp/B0BMQWKRPT/ref=sr_1_1?dib=eyJ2IjoiMSJ9.5,PRE_EXISTING,,S&C Hampton Sun,S&C HAMPTON SUN,cleaned_labeler,SPF 50 MINERAL SUNSCREEN KIDS,SPF 50 MINERAL SUNSCREEN KIDS (ZINC OXIDE 14.69%) STICK [S&C HAMPTON SUN LLC],S&C HAMPTON SUN LLC,sunscreen,stick,TRUE,FALSE,FALSE,TRUE,1,ZINC OXIDE: 14.69 g in 100 g,15,BUTYLOCTYL SALICYLATE; BUTYROSPERMUM PARKII (SHEA) BUTTER; C12-15 ALKYL BENZOATE; CAPRYLIC/CAPRIC TRIGLYCERIDE; DIBUTYL ETHYLHEXANOYL GLUTAMIDE; ETHYLHEXYL METHOXYCRYLENE; FRAGRANCE LAVENDER ORC1800979; OCTYLDODECANOL; REBAUDIOSIDE A; SIMMONDSIA CHINENSIS (JOJOBA) SEED OIL; SODIUM HYALURONATE; .ALPHA.-TOCOPHEROL ACETATE; TRIETHOXYCAPRYLYLSILANE; VITIS VINIFERA (GRAPE) SEED OIL; VP/HEXADECENE COPOLYMER,spl_xml,87170-005-01,87170-005-01,kids,"Jan 22, 2026",2,https://dailymed.nlm.nih.gov/dailymed/drugInfo.cfm?setid=0bdb7d15-dc52-4e23-9417-fe73f17f6110,
bfefb36b-0858-6e4d-e053-2a95a90a01ce,B08Y8K6CW9,https://www.amazon.com/Blue-Lizard-Sunscreen-Broad-Spectrum-Water-Resistant/dp/B08Y8K6CW9/ref=sr_1_1,PRE_EXISTING,,Blue Lizard,BLUE LIZARD,title_prefix,BLUE LIZARD KIDS SPF 50,BLUE LIZARD KIDS SPF 50 (ZINC OXIDE) SPRAY [CROWN LABORATORIES],CROWN LABORATORIES,sunscreen,spray,TRUE,FALSE,FALSE,TRUE,1,ZINC OXIDE: 24 mg in 1 g,23,"CAPRYLYL GLYCOL; BUTYLOCTYL SALICYLATE; POLYHYDROXYSTEARIC ACID (2300 MW); CETYL DIGLYCERYL TRIS(TRIMETHYLSILOXY)SILYLETHYL DIMETHICONE (3500 MM2/S); 1,3,3,3-TETRAFLUOROPROPENE, (1E)-; ISOPROPYL MYRISTATE; SORBITAN OLIVATE; GLYCERIN; ETHYLHEXYLGLYCERIN; ALKYL (C12-15) BENZOATE; HYDROGEN DIMETHICONE (20 CST); HYDROGENATED POLY(C6-14 OLEFIN; 4 CST); PROPANEDIOL; PHYTATE SODIUM; SYNTHETIC BEESWAX; POTASSIUM SORBATE; SILICON DIOXIDE; SODIUM BENZOATE; SODIUM CHLORIDE; DIMETHICONE; PENTYLENE GLYCOL; APHANIZOMENON FLOSAQUAE; WATER",spl_xml,0316-2081-05,0316-2081-05; 0316-2081-45,kids; blue lizard,"Jan 14, 2026",9,https://dailymed.nlm.nih.gov/dailymed/drugInfo.cfm?setid=bfefb36b-0858-6e4d-e053-2a95a90a01ce,
09a97e3f-f6dc-eaa7-e063-6294a90ad274,B08NGGJRVV,https://www.amazon.com/Coppertone-Simple-Sunscreen-Spray-Mineral/dp/B08NGGJRVV/ref=sr_1_1?dib=eyJ2Ij,PRE_EXISTING,,Coppertone Pure,COPPERTONE,title_prefix,COPPERTONE PURE AND SIMPLE KIDS SUNSCREEN SPF 50 (ZINC OXIDE (24.08%)),COPPERTONE PURE AND SIMPLE KIDS SUNSCREEN SPF 50 (ZINC OXIDE (24.08%)) SPRAY [BEIERSDORF INC],BEIERSDORF INC,sunscreen,spray,TRUE,FALSE,FALSE,TRUE,1,ZINC OXIDE: 24.08 g in 100 g,24,"DIMETHICONE; SYNTHETIC BEESWAX; TOCOPHEROL; CETYL PEG/PPG-10/1 DIMETHICONE (HLB 2); BIS-OCTYLDODECYL DIMER DILINOLEATE/PROPANEDIOL COPOLYMER; CAPRYLYL TRISILOXANE; ISOBUTANE; BUTYLOCTYL SALICYLATE; PROPYLENE GLYCOL; PEG-12 DIMETHICONE; ISOPROPYL PALMITATE; ETHYLHEXYL PELARGONATE; WATER; ALKYL (C12-15) BENZOATE; ETHYLHEXYL METHOXYCRYLENE; CAPRYLYL GLYCOL; CYCLOMETHICONE 5; POLYESTER-7; CETYL DIMETHICONE 150; ETHYLHEXYL ISONONANOATE; TRIETHOXYCAPRYLYLSILANE; HYDROXYACETOPHENONE; SODIUM CHLORIDE; 1,2-HEXANEDIOL",spl_xml,66800-2882-5,66800-2882-5,kids; coppertone,"Jan 02, 2026",3,https://dailymed.nlm.nih.gov/dailymed/drugInfo.cfm?setid=09a97e3f-f6dc-eaa7-e063-6294a90ad274,
f3e1ea21-4a07-3e18-e053-2995a90a0fe7,B07NJ6QMGZ,https://www.amazon.com/Coppertone-Kids-Simple-Lotion-CT58073/dp/B07NJ6QMGZ/ref=sr_1_1?dib=eyJ2IjoiMS,PRE_EXISTING,,Coppertone,COPPERTONE,title_prefix,COPPERTONE KIDS ROLL-ON SUNSCREEN SPF 50,COPPERTONE KIDS ROLL-ON SUNSCREEN SPF 50 (ZINC OXIDE 24.08%) LOTION [BEIERSDORF INC],BEIERSDORF INC,sunscreen,lotion,TRUE,FALSE,FALSE,TRUE,1,ZINC OXIDE: 24.08 g in 100 g,21,"SODIUM SULFATE; PEG-12 DIMETHICONE; BASIC BLUE 1; WATER; BUTYLOCTYL SALICYLATE; CETYL PEG/PPG-10/1 DIMETHICONE (HLB 2); ETHYLHEXYL METHOXYCRYLENE; PROPYLENE GLYCOL; CYCLOMETHICONE 5; BIS-OCTYLDODECYL DIMER DILINOLEATE/PROPANEDIOL COPOLYMER; ISOPROPYL PALMITATE; ETHYLHEXYL ISONONANOATE; TRIETHOXYCAPRYLYLSILANE; HYDROXYACETOPHENONE; SODIUM CHLORIDE; CAPRYLYL GLYCOL; ALKYL (C12-15) BENZOATE; DIMETHICONE; POLYESTER-7; SYNTHETIC BEESWAX; 1,2-HEXANEDIOL",spl_xml,66800-4026-2,66800-4026-2,kids; coppertone,"Jan 02, 2026",4,https://dailymed.nlm.nih.gov/dailymed/drugInfo.cfm?setid=f3e1ea21-4a07-3e18-e053-2995a90a0fe7,
4494bea6-ab1f-aae6-e063-6394a90a184d,B0GLQN5TMP,https://www.amazon.com/ATTITUDE-Sunscreen-Lightweight-Non-Greasy-Unscented/dp/B0GLQN5TMP/ref=sr_1_1?,PRE_EXISTING,,ATTITUDE,ATTITUDE,title_prefix,ATTITUDE SUNLY KIDS MINERAL SUNSCREEN STICK SPF 50 UNSCENTED,ATTITUDE SUNLY KIDS MINERAL SUNSCREEN STICK SPF 50 UNSCENTED (ZINC OXIDE) STICK [9055-7588 QU&EACUTE;BEC INC.DBA ATTITUDE],9055-7588 QU&EACUTE;BEC INC.DBA ATTITUDE,sunscreen,stick,TRUE,FALSE,FALSE,TRUE,1,ZINC OXIDE: 24 g in 100 g,12,OCTYLDODECANOL; COCOS NUCIFERA (COCONUT) OIL; CAPRYLIC/CAPRIC TRIGLYCERIDE; GLYCERYL DIBEHENATE; COCO-CAPRYLATE/CAPRATE; HELIANTHUS ANNUUS (SUNFLOWER) SEED WAX; TOCOPHEROL; CALCIUM ALUMINUM BOROSILICATE; VITIS VINIFERA (GRAPE) SEED OIL; HELIANTHUS ANNUUS (SUNFLOWER) SEED OIL; BUTYROSPERMUM PARKII (SHEA) BUTTER; MALEATED SOYBEAN OIL GLYCERYL/OCTYLDODECANOL ESTERS,spl_xml,61649-542-01,61649-542-01,kids,"Dec 15, 2025",1,https://dailymed.nlm.nih.gov/dailymed/drugInfo.cfm?setid=4494bea6-ab1f-aae6-e063-6394a90a184d,
44aa1349-e3f1-9b80-e063-6294a90a0fbd,B0G3XW9F5P,https://www.amazon.com/ATTITUDE-Sunscreen-Lightweight-Non-Greasy-Watermelon/dp/B0G3XW9F5P,PRE_EXISTING,,ATTITUDE,ATTITUDE,title_prefix,ATTITUDE SUNLY KIDS MINERAL SUNSCREEN SPRAYER SPF 50 WATERMELON AND COCO,ATTITUDE SUNLY KIDS MINERAL SUNSCREEN SPRAYER SPF 50 WATERMELON AND COCO (ZINC OXIDE) SPRAY [9055-7588 QU&EACUTE;BEC INC.DBA ATTITUDE],9055-7588 QU&EACUTE;BEC INC.DBA ATTITUDE,sunscreen,spray,TRUE,FALSE,FALSE,TRUE,1,ZINC OXIDE: 24 g in 100 g,18,ETHYL OLEATE; CAPRYLOYL GLYCERIN/SEBACIC ACID COPOLYMER (2000 MPA.S); CETEARYL OLIVATE; SORBITAN OLIVATE; ISOCETYL STEAROYL STEARATE; HYDROGENATED CASTOR OIL/SEBACIC ACID COPOLYMER; COCOGLYCERIDES; BUTYLENE GLYCOL DICAPRYLATE/DICAPRATE; CALCIUM ALUMINUM BOROSILICATE; POLYHYDROXYSTEARIC ACID (2300 MW); CAPRYLIC/CAPRIC TRIGLYCERIDE; TOCOPHEROL; HELIANTHUS ANNUUS (SUNFLOWER) SEED OIL; METHYLDIHYDROJASMONATE; VANILLIN; DIMETHYL HEPTENAL; HEXYL ACETATE; LINALYL ACETATE,spl_xml,61649-537-01,61649-537-01,kids,"Dec 15, 2025",1,https://dailymed.nlm.nih.gov/dailymed/drugInfo.cfm?setid=44aa1349-e3f1-9b80-e063-6294a90a0fbd,
450e6eb7-f49e-296e-e063-6294a90a05a4,B0G3XYWVJW,https://www.amazon.com/ATTITUDE-Sunscreen-Mess-Free-Lightweight-Non-Greasy/dp/B0G3XYWVJW/ref=sr_1_1?,PRE_EXISTING,,ATTITUDE,ATTITUDE,title_prefix,ATTITUDE SUNLY KIDS MINERAL SUNSCREEN FACE STICK SPF 50 UNSCENTED,ATTITUDE SUNLY KIDS MINERAL SUNSCREEN FACE STICK SPF 50 UNSCENTED (ZINC OXIDE) STICK [9055-7588 QU&EACUTE;BEC INC.DBA ATTITUDE],9055-7588 QU&EACUTE;BEC INC.DBA ATTITUDE,sunscreen,stick,TRUE,FALSE,FALSE,TRUE,1,ZINC OXIDE: 24 g in 100 g,12,CAPRYLIC/CAPRIC TRIGLYCERIDE; VITIS VINIFERA (GRAPE) SEED OIL; COCO-CAPRYLATE/CAPRATE; HELIANTHUS ANNUUS (SUNFLOWER) SEED WAX; HELIANTHUS ANNUUS (SUNFLOWER) SEED OIL; OCTYLDODECANOL; BUTYROSPERMUM PARKII (SHEA) BUTTER; COCOS NUCIFERA (COCONUT) OIL; MALEATED SOYBEAN OIL GLYCERYL/OCTYLDODECANOL ESTERS; GLYCERYL DIBEHENATE; CALCIUM ALUMINUM BOROSILICATE; TOCOPHEROL,spl_xml,61649-562-01,61649-562-01; 61649-562-02,kids,"Dec 15, 2025",1,https://dailymed.nlm.nih.gov/dailymed/drugInfo.cfm?setid=450e6eb7-f49e-296e-e063-6294a90a05a4,
3e7a3e8e-eacf-0a30-e063-6294a90ab7ec,B0F9LPXKXP,https://www.amazon.com/Hello-Bello-Mineral-Sunscreen-Lotion/dp/B0F9LPXKXP/ref=sr_1_1?dib=eyJ2IjoiMSJ,PRE_EXISTING,,Hello Bello,HELLO BELLO,title_prefix,HELLO BELLO KIDS MINERAL SUNSCREEN,HELLO BELLO KIDS MINERAL SUNSCREEN (ZINC OXIDE TITANIUM OXIDE) LOTION [HELLO BELLO],HELLO BELLO,sunscreen,lotion,TRUE,FALSE,FALSE,TRUE,1,ZINC OXIDE: 23 mg in 1 g,21,"CALENDULA OFFICINALIS FLOWER; CETYL DIMETHICONE 25; GLYCERIN; CITRUS AURANTIUM AMARA (BITTER ORANGE) PEEL OIL; CAPRYLHYDROXAMIC ACID; AQUA; TRIETHOXYCAPRYLYLSILANE; POLYGLYCERYL-4 ISOSTEARATE; GLYCERYL CAPRYLATE; CUCUMIS SATIVUS (CUCUMBER) JUICE; HYDROGENATED CASTOR OIL; MAGNESIUM SULFATE; SORBITAN SESQUIOLEATE; SODIUM HYALURONATE; BUTYLOCTYL SALICYLATE; CAPRYLIC/CAPRIC ACID; GLYCEROL ESTER OF HYDROGENATED ROSIN; .ALPHA.-TOCOPHEROL, DL-; APRICOT KERNEL OIL; HEXYL LAURATE; AVOCADO OIL",spl_xml,73418-110-01,73418-110-01; 73418-110-02,kids,"Nov 17, 2025",2,https://dailymed.nlm.nih.gov/dailymed/drugInfo.cfm?setid=3e7a3e8e-eacf-0a30-e063-6294a90ab7ec,
400c67aa-55a6-67ea-e063-6294a90a0213,B00JZHCJLM,https://www.amazon.com/Thinksport-Safe-Sunscreen-Cream-Ounce/dp/B00JZHCJLM/ref=sr_1_1?dib=eyJ2IjoiMS,PRE_EXISTING,,The Natural Skn,THE NATURAL SKN,cleaned_labeler,SUN KIDS MINERAL STRAWBERRY SUNSCREEN BROAD SPECTRUM SPF 50,SUN KIDS MINERAL STRAWBERRY SUNSCREEN BROAD SPECTRUM SPF 50 (ZINC OXIDE) CREAM [THE NATURAL SKN COMPANY],THE NATURAL SKN COMPANY,sunscreen,cream,TRUE,FALSE,FALSE,TRUE,1,ZINC OXIDE: 241 mg in 1 mL,24,DILINOLEIC ACID/BUTANEDIOL COPOLYMER; C12-15 ALKYL BENZOATE; GLYCERIN; C13-15 ALKANE; TRIHEPTANOIN; POLYGLYCERYL-10 DIOLEATE; POLYGLYCERYL-6 POLYRICINOLEATE; CAPRYLHYDROXAMIC ACID; FRAGARIA ANANASSA (STRAWBERRY) FRUIT JUICE; POLYHYDROXYSTEARIC ACID (2300 MW); CASTOR OIL/IPDI COPOLYMER; GLYCERYL CAPRYLATE; SODIUM CHLORIDE; DISTEARDIMONIUM HECTORITE; ISODODECANE; COCO-CAPRYLATE/CAPRATE; MELIA AZADIRACHTA LEAF; WATER; SQUALANE; PROPYLENE CARBONATE; CAPRYLIC/CAPRIC TRIGLYCERIDE; MORINGA OLEIFERA SEED OIL; LAUROYL LYSINE; COCONUT ALKANES,spl_xml,87138-001-01,87138-001-01,kids,"Nov 17, 2025",1,https://dailymed.nlm.nih.gov/dailymed/drugInfo.cfm?setid=400c67aa-55a6-67ea-e063-6294a90a0213,
4127e49a-eb27-e8e2-e063-6294a90a469e,B0GHZ1H2S3,https://www.amazon.com/Hello-Bello-Mineral-Sunscreen-Stick/dp/B0GHZ1H2S3/ref=sr_1_1?dib=eyJ2IjoiMSJ9,PRE_EXISTING,,Hello Bello,HELLO BELLO,title_prefix,HELLO BELLO KIDS SPF 50 FACE AND BODY SUNSCREEN STICK,HELLO BELLO KIDS SPF 50 FACE AND BODY SUNSCREEN STICK (ZINC OXIDE) STICK [HELLO BELLO],HELLO BELLO,sunscreen,stick,TRUE,FALSE,FALSE,TRUE,1,ZINC OXIDE: 210 mg in 1 g,11,BISABOLOL; OLIVE OIL; COCOA BUTTER; SHEA BUTTER; CANDELILLA WAX; BUTYLOCTYL SALICYLATE; TOCOPHEROL; COCONUT OIL; ORYZANOL; CARNAUBA WAX; SUNFLOWER OIL,spl_xml,73418-115-01,73418-115-01; 73418-115-02,kids,"Nov 17, 2025",2,https://dailymed.nlm.nih.gov/dailymed/drugInfo.cfm?setid=4127e49a-eb27-e8e2-e063-6294a90a469e,
01cc554b-9241-d891-e063-6394a90a8450,B0GMS3J55M,https://www.amazon.com/Hello-Bello-Kids-Mineral-Sunscreen/dp/B0GMS3J55M/ref=sr_1_1?dib=eyJ2IjoiMSJ9.,PRE_EXISTING,,Hello Bello,HELLO BELLO,labeler_map,KIDS MINERAL SUNSCREEN SPF50,KIDS MINERAL SUNSCREEN SPF50 (SUNSCREEN) SPRAY [HELLO BELLO],HELLO BELLO,sunscreen,spray,TRUE,TRUE,FALSE,TRUE,2,ZINC OXIDE: 160 mg in 1 g; TITANIUM DIOXIDE: 34 mg in 1 g,26,"WATER; ISONONYL ISONONANOATE; POLYESTER-8 (1400 MW, CYANODIPHENYLPROPENOYL CAPPED); ISOCETYL STEAROYL STEARATE; C18-C21 ALKANE; DICAPRYLYL CARBONATE; METHYL DIHYDROABIETATE; SODIUM STEAROYL GLUTAMATE; SILICON DIOXIDE; ALUMINUM OXIDE; CITRIC ACID MONOHYDRATE; MICROCRYSTALLINE CELLULOSE; CARBOXYMETHYLCELLULOSE SODIUM; LEVOMENOL; POLYHYDROXYSTEARIC ACID STEARATE; SODIUM GLUCONATE; TOCOPHEROL; GLYCERIN; CAPRYLHYDROXAMIC ACID; ALOE VERA LEAF; CETOSTEARYL ALCOHOL; CAPRYLYL GLYCOL; BUTYLOCTYL SALICYLATE; PROPANEDIOL; COCO GLUCOSIDE; BANANA",spl_xml,73418-105-05,73418-105-05,kids,"Oct 06, 2025",3,https://dailymed.nlm.nih.gov/dailymed/drugInfo.cfm?setid=01cc554b-9241-d891-e063-6394a90a8450,
3b4eca91-965f-66c6-e063-6394a90a78ca,B0FDT82CHJ,https://www.amazon.com/Beef-Tallow-Sunscreen-Kids-Oxide/dp/B0FDT82CHJ,PRE_EXISTING,,Foundation Commerce,FOUNDATION COMMERCE,cleaned_labeler,KIDS TALLOW SUNSCREEN SPF50,KIDS TALLOW SUNSCREEN SPF50 (NON-NANO ZINC OXIDE 25%) CREAM [FOUNDATION COMMERCE INC],FOUNDATION COMMERCE INC,sunscreen,cream,TRUE,FALSE,FALSE,TRUE,1,ZINC OXIDE: 25 g in 100 mL,11,"BUTYROSPERMUM PARKII (SHEA) BUTTER; WATER; BEESWAX; SIMMONDSIA CHINENSIS (JOJOBA) SEED OIL; OLEA EUROPAEA (OLIVE) FRUIT OIL; LECITHIN, SOYBEAN; LEUCONOSTOC/RADISH ROOT FERMENT FILTRATE; SAURURUS CHINENSIS WHOLE; BEEF TALLOW; TARAXACUM OFFICINALE LEAF; TOCOPHEROL",spl_xml,85739-005-01,85739-005-01,kids,"Aug 27, 2025",1,https://dailymed.nlm.nih.gov/dailymed/drugInfo.cfm?setid=3b4eca91-965f-66c6-e063-6394a90a78ca,
efa5c501-273c-5e97-e053-2995a90a865b,B092WNF6H4,https://www.amazon.com/MDSolarSciences-Sunscreen-Water-Resistant-Hypoallergenic-Fragrance-Free/dp/B0,PRE_EXISTING,,SPF Ventures,SPF VENTURES,cleaned_labeler,BOB KIDS SUN BALM SPF 40,"BOB KIDS SUN BALM SPF 40 (ZINC OXIDE 23%) CREAM [SPF VENTURES, LLC]","SPF VENTURES, LLC",sunscreen,cream,TRUE,FALSE,FALSE,TRUE,1,ZINC OXIDE: 23 g in 100 g,26,ARGAN OIL; INDIAN FRANKINCENSE; SHEA BUTTER; LEVOMENOL; ASTROCARYUM MURUMURU SEED BUTTER; BEHENYL BEHENATE; BIDENS PILOSA LEAF; BUTYLOCTYL SALICYLATE; CAMELLIA OLEIFERA SEED; CANDELILLA WAX; SUNFLOWER OIL; MEADOWFOAM SEED OIL; RICE BRAN; POLYHYDROXYSTEARIC ACID STEARATE; SILICON DIOXIDE; TRIETHOXYCAPRYLYLSILANE; TRIHEPTANOIN; LEVANT COTTONSEED OIL; CAPRYLOYL GLYCERIN/SEBACIC ACID COPOLYMER (2000 MPA.S); COCO-CAPRYLATE/CAPRATE; LAUROYL LYSINE; COCONUT ALKANES; CANNABIS SATIVA SEED OIL; MEDIUM-CHAIN TRIGLYCERIDES; LINSEED OIL; MICA,spl_xml,58274-009-01,58274-009-01,kids,"Aug 26, 2025",2,https://dailymed.nlm.nih.gov/dailymed/drugInfo.cfm?setid=efa5c501-273c-5e97-e053-2995a90a865b,
35cd16b0-bd81-8f68-e063-6294a90a3d8c,B0CRX7G16S,https://www.amazon.com/Broad-Spectrum-Mineral-Sunscreen-Spray/dp/B0CRX7G16S/ref=sr_1_1?dib=eyJ2IjoiM,PRE_EXISTING,,Aloe Care,ALOE CARE,cleaned_labeler,ALOE UP SPF 50 KIDS MINERAL,"ALOE UP SPF 50 KIDS MINERAL (ZINC OXIDE, TITANIUM DIOXIDE) SPRAY [ALOE CARE INTERNATIONAL, LLC]","ALOE CARE INTERNATIONAL, LLC",sunscreen,spray,TRUE,TRUE,FALSE,TRUE,2,ZINC OXIDE: 19.5 g in 100 g; TITANIUM DIOXIDE: 4 g in 100 g,22,"PROPANEDIOL; SILICON DIOXIDE; SODIUM CHLORIDE; SODIUM PHYTATE; SORBITAN OLIVATE; STEARIC ACID; SYNTHETIC BEESWAX; WATER; 2,3,3,3-TETRAFLUOROPROPENE; POLYHYDROXYSTEARIC ACID (2300 MW); ALOE BARBADENSIS LEAF JUICE; CETYL DIGLYCERYL TRIS(TRIMETHYLSILOXY)SILYLETHYL DIMETHICONE (950 MM2/S); DIMETHICONE; HYDROGENATED POLYDECENE (1500 CST); HYDROGENATED JOJOBA OIL, RANDOMIZED; PENTYLENE GLYCOL; CAPRYLYL GLYCOL; CAPRYLIC/CAPRIC TRIGLYCERIDE; ETHYLHEXYLGLYCERIN; ISOPROPYL MYRISTATE; GLYCERIN; FRAGRANCE 13576",spl_xml,61477-235-01,61477-235-01,kids,"Jun 20, 2025",3,https://dailymed.nlm.nih.gov/dailymed/drugInfo.cfm?setid=35cd16b0-bd81-8f68-e063-6294a90a3d8c,
4c7f0257-fa12-40d6-9516-824b0e3a182c,B0GHD9FJSR,https://www.amazon.com/MDSolarSciences-Sunscreen-Broad-Spectrum-Fragrance-Free-Protection/dp/B0GHD9F,PRE_EXISTING,,Mdsolarsciences,MDSOLARSCIENCES,cleaned_labeler,MINERAL KIDSTICK SPF 40 MINERAL BROAD SPECTRUM SPF 40 SUNSCREEN UVA,MINERAL KIDSTICK SPF 40 MINERAL BROAD SPECTRUM SPF 40 SUNSCREEN UVA-UVB SUNCREEN (TITANIUM DIOXIDE AND ZINC OXIDE) STICK [MDSOLARSCIENCES],MDSOLARSCIENCES,sunscreen,stick,TRUE,TRUE,FALSE,TRUE,2,TITANIUM DIOXIDE: 81 mg in 1 g; ZINC OXIDE: 60 mg in 1 g,20,"HIGH DENSITY POLYETHYLENE; DIMETHICONE; BUTYLOCTYL SALICYLATE; PETROLATUM; SHEA BUTTER; ALKYL (C12-15) BENZOATE; MEDIUM-CHAIN TRIGLYCERIDES; METHYL DIHYDROABIETATE; 2-ETHYLHEXYL ACRYLATE, METHACRYLATE, METHYL METHACRYLATE, OR BUTYL METHACRYLATE/HYDROXYPROPYL DIMETHICONE COPOLYMER (30000-300000 MW); OCTYLDODECANOL; TETRAHEXYLDECYL ASCORBATE; TOCOPHEROL; BEHENYL OLIVATE; ALUMINUM HYDROXIDE; STEARIC ACID; SORBITAN SESQUIOLEATE; GLYCERYL ISOSTEARATE; POLYHYDROXYSTEARIC ACID (2300 MW); CITRIC ACID MONOHYDRATE; BENZYLIDENE DIMETHOXYDIMETHYLINDANONE",spl_xml,49358-576-01,49358-576-01,kids,"Jun 09, 2025",2,https://dailymed.nlm.nih.gov/dailymed/drugInfo.cfm?setid=4c7f0257-fa12-40d6-9516-824b0e3a182c,
3467a39e-2e1d-0659-e063-6294a90a9ced,B07GNS9ZNL,https://www.amazon.com/All-Good-Kids-Sunscreen-Combo/dp/B07GNS9ZNL/ref=sr_1_1?dib=eyJ2IjoiMSJ9.Vs0Ln,PRE_EXISTING,,All Good,ELEMENTAL HERBS,title_prefix,ALL GOOD KIDS MINERAL SUNSCREEN BUTTER STICK SPF 50,"ALL GOOD KIDS MINERAL SUNSCREEN BUTTER STICK SPF 50 (ZINC OXIDE) OINTMENT [ELEMENTAL HERBS, INC.]","ELEMENTAL HERBS, INC.",sunscreen,ointment,TRUE,FALSE,FALSE,TRUE,1,ZINC OXIDE: 25 g in 100 g,6,MATRICARIA CHAMOMILLA LEAF; COCONUT OIL; TOCOPHEROL; CALENDULA OFFICINALIS FLOWER; WHITE WAX; JOJOBA OIL,spl_xml,75786-240-78,75786-240-78,kids; all good,"May 07, 2025",1,https://dailymed.nlm.nih.gov/dailymed/drugInfo.cfm?setid=3467a39e-2e1d-0659-e063-6294a90a9ced,
c914c4cd-99a2-4d9f-8f04-8af2ace3c345,B07YFH9HF5,https://www.amazon.com/Neutrogena-Sunscreen-Protection-Resistant-Fragrance/dp/B07YFH9HF5/ref=sr_1_1?,PRE_EXISTING,,Neutrogena,NEUTROGENA SHEER ZINC,title_prefix,NEUTROGENA SHEER ZINC KIDS MINERAL SUNSCREEN BROAD SPECTRUM SPF 50 PLUS,NEUTROGENA SHEER ZINC KIDS MINERAL SUNSCREEN BROAD SPECTRUM SPF 50 PLUS (ZINC OXIDE) LOTION [KENVUE BRANDS LLC],KENVUE BRANDS LLC,sunscreen,lotion,TRUE,FALSE,FALSE,TRUE,1,ZINC OXIDE: 216 mg in 1 mL,22,"2-ETHYLHEXYL ACRYLATE, METHACRYLATE, METHYL METHACRYLATE, OR BUTYL METHACRYLATE/HYDROXYPROPYL DIMETHICONE COPOLYMER (30000-300000 MW); CETYL PEG/PPG-10/1 DIMETHICONE (HLB 5); DIMETHICONE; GLYCERIN; POLYHYDROXYSTEARIC ACID (2300 MW); ETHYL METHICONE (8 MPA.S); SILICON DIOXIDE; CETYL DIMETHICONE 25; TRIETHOXYCAPRYLYLSILANE; PHENOXYETHANOL; GLYCERYL DIBEHENATE; SODIUM CHLORIDE; CHLORPHENESIN; PHENYLETHYL ALCOHOL; CAPRYLYL GLYCOL; CETYL DIMETHICONE/BIS-VINYLDIMETHICONE CROSSPOLYMER; FEVERFEW; WATER; ALKYL (C12-15) BENZOATE; BUTYL METHACRYLATE/METHYL METHACRYLATE/METHACRYLIC ACID/STYRENE CROSSPOLYMER; OCTYLDODECYL CITRATE CROSSPOLYMER; PHENYL TRIMETHICONE",spl_xml,69968-0551-3,69968-0551-3,kids; neutrogena,"Apr 28, 2025",8,https://dailymed.nlm.nih.gov/dailymed/drugInfo.cfm?setid=c914c4cd-99a2-4d9f-8f04-8af2ace3c345,
4504a10d-6130-4ec5-823a-ab970709e6d7,B07YFGSM63,https://www.amazon.com/Neutrogena-Sunscreen-Protection-Residue-Free-Application/dp/B07YFGSM63/ref=sr,PRE_EXISTING,,Neutrogena,NEUTROGENA SHEER ZINC,title_prefix,NEUTROGENA SHEER ZINC KIDS MINERAL SUNSCREEN BROAD SPECTRUM SPF 50 PLUS,NEUTROGENA SHEER ZINC KIDS MINERAL SUNSCREEN BROAD SPECTRUM SPF 50 PLUS (ZINC OXIDE) STICK [KENVUE BRANDS LLC],KENVUE BRANDS LLC,sunscreen,stick,TRUE,FALSE,FALSE,TRUE,1,ZINC OXIDE: 216 mg in 1 g,12,OCTYLDODECYL NEOPENTANOATE; ALKYL (C12-15) BENZOATE; PARAFFIN; SILICON DIOXIDE; NEOPENTYL GLYCOL DIETHYLHEXANOATE; CERESIN; ISOPROPYL MYRISTATE; ADIPIC ACID/DIGLYCOL CROSSPOLYMER (20000 MPA.S); TRIETHOXYCAPRYLYLSILANE; NEOPENTYL GLYCOL DIISOSTEARATE; CAPRYLYL GLYCOL; OAT KERNEL OIL,spl_xml,69968-0547-1,69968-0547-1,kids; neutrogena,"Mar 24, 2025",10,https://dailymed.nlm.nih.gov/dailymed/drugInfo.cfm?setid=4504a10d-6130-4ec5-823a-ab970709e6d7,
2deea723-32a0-da33-e063-6294a90accdd,B07MWJLWZJ,https://www.amazon.com/Badger-Sport-Sunscreen-Tangerine-Vanilla/dp/B07MWJLWZJ/ref=sr_1_3?dib=eyJ2Ijo,PRE_EXISTING,,Hi Papa,HI PAPA,product_words,HI PAPA KIDS MINERAL FACE SUNSCREEN,"HI PAPA KIDS MINERAL FACE SUNSCREEN (SUNSCREEN) CREAM [GUANG DONG 3 INS TECHNOLOGY CO., LTD]","GUANG DONG 3 INS TECHNOLOGY CO., LTD",sunscreen,cream,TRUE,FALSE,FALSE,TRUE,1,ZINC OXIDE: 24.05 g in 100 g,19,BUTYLENE GLYCOL; PROPYLENE CARBONATE; STEARYL GLYCYRRHETINATE; VINYL DIMETHICONE/METHICONE SILSESQUIOXANE CROSSPOLYMER; DIMETHICONE; HYDROXYACETOPHENONE; CENTELLA ASIATICA ROOT; POLYGLYCERYL-4 ISOSTEARATE; ISODODECANE; POLYGLYCERYL-6 POLYRICINOLEATE; PENTYLENE GLYCOL; TOCOPHEROL; MAGNESIUM SULFATE; DISTEARDIMONIUM HECTORITE; TRIETHOXYCAPRYLYLSILANE; GLYCERIN; TRIETHYLHEXANOIN; AQUA; DIISOPROPYL SEBACATE,spl_xml,75779-008-01,75779-008-01,kids,"Feb 14, 2025",1,https://dailymed.nlm.nih.gov/dailymed/drugInfo.cfm?setid=2deea723-32a0-da33-e063-6294a90accdd,
d1038442-ec86-07e3-e053-2995a90ad6ab,B085VF1QFT,https://www.amazon.com/Badger-Clear-Sunscreen-Tangerine-Vanilla/dp/B085VF1QFT/ref=sr_1_1?dib=eyJ2Ijo,PRE_EXISTING,,Badger,W.S. BADGER,title_prefix,BADGER SPF 35 KIDS CLEAR FACE STICK,"BADGER SPF 35 KIDS CLEAR FACE STICK (ZINC OXIDE) STICK [W.S. BADGER COMPANY, INC.]","W.S. BADGER COMPANY, INC.",sunscreen,stick,TRUE,FALSE,FALSE,TRUE,1,ZINC OXIDE: 22.5 g in 100 g,8,OLIVE OIL; COCOA BUTTER; SHEA BUTTER; TOCOPHEROL; ORANGE OIL; MANDARIN OIL; VANILLA; YELLOW WAX,spl_xml,62206-3522-2,62206-3522-2,kids,"Jan 01, 2025",2,https://dailymed.nlm.nih.gov/dailymed/drugInfo.cfm?setid=d1038442-ec86-07e3-e053-2995a90ad6ab,
d5ffe993-de8f-4623-a010-9cb8dd70de07,B09TX17FBJ,https://www.amazon.com/Babyganics-Continuous-Protection-Octinoxate-Oxybenzone/dp/B09TX17FBJ/ref=sr_1,PRE_EXISTING,,Babyganics,BABYGANICS,labeler_map,KIDS SPF50 PLUS MINERAL SUNSCREEN CONTINUOUS TOTALLY TROPICAL,KIDS SPF50 PLUS MINERAL SUNSCREEN CONTINUOUS TOTALLY TROPICAL (ZINC OXIDE AND TITANIUM DIOXIDE) SPRAY [KAS DIRECT LLC DBA BABYGANICS],KAS DIRECT LLC DBA BABYGANICS,sunscreen,spray,TRUE,TRUE,FALSE,TRUE,2,Zinc Oxide: 7.25 g in 100 g; Titanium Dioxide: 3.5 g in 100 g,29,Water; Isododecane; MEDIUM-CHAIN TRIGLYCERIDES; Isohexadecane; ALKYL (C12-15) BENZOATE; Neopentyl Glycol Diheptanoate; Shea Butter Ethyl Esters; SAFFLOWER OIL; DIDECYLDIMONIUM CHLORIDE; Butyloctyl Salicylate; COCO-GLUCOSIDE; CETOSTEARYL ALCOHOL; Cetearyl Glucoside; Cetearyl Olivate; Sorbitan Olivate; Ethylhexylglycerin; JOJOBA OIL; Sodium Hydroxide; Chlorphenesin; Xanthan Gum; Tocopherol; Glycerin; PHYTATE SODIUM; SUNFLOWER SEED; TOMATO SEED OIL; CRANBERRY SEED; NIGELLA SATIVA SEED OIL; RUBUS IDAEUS SEED; CITRIC ACID MONOHYDRATE,spl_xml,59062-2400-2,59062-2400-2; 59062-2400-6,kids,"Dec 26, 2024",4,https://dailymed.nlm.nih.gov/dailymed/drugInfo.cfm?setid=d5ffe993-de8f-4623-a010-9cb8dd70de07,
247aae3d-1845-4dd8-b774-b9e8214809a2,B08XRPYXSX,https://www.amazon.com/sspa/click?ie=UTF8&spc=MTo4NzI3NzI3MTgwNDEwNDU4OjE3NzgyMDcxMDI6c3BfYXRmOjMwMD,PRE_EXISTING,,Babyganics,BABYGANICS,labeler_map,SPF 50 PLUS SUNSCREEN ALL MINERAL ACTIVE INGREDIENTS (TITANIUM DIOXIDE AND ZINC OXIDE) STICK KIDS SPF 50 PLUS SUNSCREEN ALL MINERAL ACTIVE INGREDIENTS,SPF 50 PLUS SUNSCREEN ALL MINERAL ACTIVE INGREDIENTS (TITANIUM DIOXIDE AND ZINC OXIDE) STICK KIDS SPF 50 PLUS SUNSCREEN ALL MINERAL ACTIVE INGREDIENTS (TITANIUM DIOXIDE AND ZINC OXIDE) STICK [KAS DIRECT LLC DBA BABYGANICS],KAS DIRECT LLC DBA BABYGANICS,sunscreen,stick,TRUE,TRUE,FALSE,TRUE,2,TITANIUM DIOXIDE: 79 mg in 1 g; ZINC OXIDE: 67 mg in 1 g,24,"ALKYL (C12-15) BENZOATE; YELLOW WAX; CARNAUBA WAX; MEDIUM-CHAIN TRIGLYCERIDES; NEOPENTYL GLYCOL DIETHYLHEXANOATE; TRIBEHENIN; CANDELILLA WAX; PPG-3 BENZYL ETHER MYRISTATE; MYRISTYL MYRISTATE; HELIANTHUS ANNUUS SEED WAX; Stearyl/Octyldodecyl Citrate Crosspolymer; JOJOBA OIL; Polyglyceryl-10 Pentaoleate; CAPRYLYL GLYCOL; ETHYLHEXYLGLYCERIN; JOJOBA OIL, RANDOMIZED; RASPBERRY SEED OIL; CRANBERRY SEED OIL; SUNFLOWER OIL; TOMATO SEED OIL; NIGELLA SATIVA SEED OIL; POLYHYDROXYSTEARIC ACID (2300 MW); Silicon Dioxide; Aluminum Oxide",spl_xml,59062-1200-1,59062-1200-1; 59062-1200-2; 59062-2200-4,kids,"Dec 23, 2024",3,https://dailymed.nlm.nih.gov/dailymed/drugInfo.cfm?setid=247aae3d-1845-4dd8-b774-b9e8214809a2,
310e66a2-8714-4016-87f4-81c1fef19ec9,B01K9VEW12,https://www.amazon.com/ATTITUDE-Mineral-Non-Nano-Oxide-Sunscreen/dp/B01K9VEW12/ref=sr_1_1?dib=eyJ2Ij,PRE_EXISTING,,ATTITUDE,ATTITUDE,title_prefix,ATTITUDE KIDS OATMEAL SENSITIVE MINERAL SUNSCREEN UNSCENTED SPF 30,ATTITUDE KIDS OATMEAL SENSITIVE MINERAL SUNSCREEN UNSCENTED SPF 30 (ZINC OXIDE) CREAM [9055-7588 QUEBEC INC. DBA ATTITUDE],9055-7588 QUEBEC INC. DBA ATTITUDE,sunscreen,cream,TRUE,FALSE,FALSE,TRUE,1,ZINC OXIDE: 20 g in 100 g,15,WATER; MEDIUM-CHAIN TRIGLYCERIDES; POLYHYDROXYSTEARIC ACID (2300 MW); CETOSTEARYL ALCOHOL; GLYCERYL MONOSTEARATE; CETEARYL GLUCOSIDE; ETHYLHEXYLGLYCERIN; OATMEAL; GLYCERIN; C10-18 TRIGLYCERIDES; DOCOSANOL; SODIUM CHLORIDE; XANTHAN GUM; CAPRYLYL GLYCOL; SODIUM GLUCONATE,spl_xml,61649-162-75,61649-162-75,kids,"Dec 04, 2024",4,https://dailymed.nlm.nih.gov/dailymed/drugInfo.cfm?setid=310e66a2-8714-4016-87f4-81c1fef19ec9,
0d82121d-1dc2-cd99-e063-6394a90aa766,B0CTKY8ZCZ,https://www.amazon.com/ATTITUDE-Sunscreen-Plastic-Free-Protection-Dermatologically/dp/B0CTKY8ZCZ/ref,PRE_EXISTING,,ATTITUDE,ATTITUDE,title_prefix,ATTITUDE SUNLY KIDS MINERAL SUNSCREEN STICK UNSCENTED SPF 30,ATTITUDE SUNLY KIDS MINERAL SUNSCREEN STICK UNSCENTED SPF 30 (ZINC OXIDE) STICK [9055-7588 QUEBEC INC. DBA ATTITUDE],9055-7588 QUEBEC INC. DBA ATTITUDE,sunscreen,stick,TRUE,FALSE,FALSE,TRUE,1,ZINC OXIDE: 20 g in 100 g,15,CAPRYLOYL GLYCERIN/SEBACIC ACID COPOLYMER (2000 MPA.S); COCONUT OIL; SHEA BUTTER; GLYCERYL MONOBEHENATE; CASTOR OIL; MICA; COCO-CAPRYLATE/CAPRATE; CANDELILLA WAX; SUNFLOWER OIL; MEDIUM-CHAIN TRIGLYCERIDES; HELIANTHUS ANNUUS SEED WAX; POLYHYDROXYSTEARIC ACID (2300 MW); BEHENYL BEHENATE; SILICON DIOXIDE; GRAPE SEED OIL,spl_xml,61649-098-60,61649-098-60,kids,"Nov 27, 2024",2,https://dailymed.nlm.nih.gov/dailymed/drugInfo.cfm?setid=0d82121d-1dc2-cd99-e063-6394a90aa766,
dc7701b5-0c73-b4df-e053-2a95a90a0f1b,B07QMY2QW1,https://www.amazon.com/Banana-Boat-Tear-Free-Spectrum-Sunscreen/dp/B07QMY2QW1/ref=sr_1_1?dib=eyJ2Ijo,PRE_EXISTING,,Banana Boat,EDGEWELL PERSONAL CARE,title_prefix,BANANA BOAT KIDS MINERAL PROTECTION SPF50,"BANANA BOAT KIDS MINERAL PROTECTION SPF50 (TITANIUM DIOXIDE,ZINC OXIDE) LOTION [EDGEWELL PERSONAL CARE BRANDS LLC]",EDGEWELL PERSONAL CARE BRANDS LLC,sunscreen,lotion,TRUE,TRUE,FALSE,TRUE,2,TITANIUM DIOXIDE: 4.5 g in 100 g; ZINC OXIDE: 6.5 g in 100 g,14,MEDIUM-CHAIN TRIGLYCERIDES; SODIUM CHLORIDE; ALPHA-TOCOPHEROL ACETATE; BUTYLOCTYL SALICYLATE; WATER; ISOHEXADECANE; CETYL PEG/PPG-10/1 DIMETHICONE (HLB 2); ALUMINUM OXIDE; ETHYLHEXYL METHOXYCRYLENE; CAPRYLYL GLYCOL; GLYCERIN; ANHYDROUS TRISODIUM CITRATE; DIMETHICONE; PHENOXYETHANOL,spl_xml,63354-640-21,63354-640-21; 63354-640-24; 63354-640-27,kids,"Oct 29, 2024",3,https://dailymed.nlm.nih.gov/dailymed/drugInfo.cfm?setid=dc7701b5-0c73-b4df-e053-2a95a90a0f1b,
81cb6b2e-1ca3-4a83-a8df-9bfee61e79af,B0BMDG8BHX,https://www.amazon.com/Anthelios-Sunscreen-Oxybenzone-Pediatrician-Dermatologist/dp/B0BMDG8BHX/ref=s,PRE_EXISTING,,Wal-Mart Stores,WAL-MART STORES,cleaned_labeler,EQUATE SUNSCREEN SPF 50 KIDS BROAD SPECTRUM,"EQUATE SUNSCREEN SPF 50 KIDS BROAD SPECTRUM (TITANIUM DIOXIDE, ZINC OXIDE) LOTION [WAL-MART STORES INC]",WAL-MART STORES INC,sunscreen,lotion,TRUE,TRUE,FALSE,TRUE,2,TITANIUM DIOXIDE: 31 mg in 1 mL; ZINC OXIDE: 40 mg in 1 mL,19,OCTYLDODECYL CITRATE CROSSPOLYMER; POLYETHYLENE GLYCOL 4000; WATER; MEDIUM-CHAIN TRIGLYCERIDES; ISOHEXADECANE; BUTYLOCTYL SALICYLATE; SODIUM CITRATE; CETYL PEG/PPG-10/1 DIMETHICONE (HLB 5); LAURYL PEG/PPG-18/18 METHICONE; .ALPHA.-TOCOPHEROL ACETATE; SODIUM CHLORIDE; ETHYLHEXYL METHOXYCRYLENE; DIMETHICONE; CAPRYLYL GLYCOL; SILICON DIOXIDE; TRIETHOXYCAPRYLYLSILANE; GLYCERIN; ALOE VERA LEAF; PHENOXYETHANOL,spl_xml,49035-868-11,49035-868-11,kids,"Oct 18, 2024",7,https://dailymed.nlm.nih.gov/dailymed/drugInfo.cfm?setid=81cb6b2e-1ca3-4a83-a8df-9bfee61e79af,
f58d328c-8b30-b4d4-e053-2a95a90adb59,B083VXQ7MG,https://www.amazon.com/Sunscreen-Developed-TSA-Friendly-Paraben-free-Fragrance-Free/dp/B083VXQ7MG/re,PRE_EXISTING,,H.E.B,H.E.B,cleaned_labeler,HEB SPF 50 KIDS BLUE MINERAL SUNSCREEN STICK BERRY SCENTED,HEB SPF 50 KIDS BLUE MINERAL SUNSCREEN STICK BERRY SCENTED (ZINC OXIDE) STICK [H.E.B.],H.E.B.,sunscreen,stick,TRUE,FALSE,FALSE,TRUE,1,ZINC OXIDE: 200 mg in 1 g,14,CANDELILLA WAX; SUNFLOWER OIL; SHEA BUTTER; SYNTHETIC BEESWAX; NEOPENTYL GLYCOL DIETHYLHEXANOATE; ISOSTEARIC ACID; CETYL ALCOHOL; COCOA BUTTER; CERESIN; ULTRAMARINE BLUE; ALKYL (C12-15) BENZOATE; KAOLIN; CAPRYLYL GLYCOL; COCONUT OIL,spl_xml,37808-000-01,37808-000-01,kids,"Oct 17, 2024",2,https://dailymed.nlm.nih.gov/dailymed/drugInfo.cfm?setid=f58d328c-8b30-b4d4-e053-2a95a90adb59,
65c9c131-2545-4d88-aa9a-85197b654d74,B0CYDCFMH5,https://www.amazon.com/Seaweed-Bath-Co-Sunscreen-Watermelon/dp/B0CYDCFMH5/ref=sr_1_1?dib=eyJ2IjoiMSJ,PRE_EXISTING,,The Seaweed Bath,THE SEAWEED BATH,cleaned_labeler,SEAWEED BATH CO PLAYFUL PAPAYA KIDS SUNSCREEN SPF 50 (ZINC OXIDE) LIQUID,SEAWEED BATH CO PLAYFUL PAPAYA KIDS SUNSCREEN SPF 50 (ZINC OXIDE) LIQUID [THE SEAWEED BATH CO.],THE SEAWEED BATH CO.,sunscreen,,TRUE,FALSE,FALSE,TRUE,1,ZINC OXIDE: 170 mg in 1 mL,28,ALLANTOIN; ALOE VERA LEAF; WATER; BUTYLOCTYL SALICYLATE; SHEA BUTTER; C13-16 ISOPARAFFIN; MEDIUM-CHAIN TRIGLYCERIDES; CAPRYLYL GLYCOL; CARNOSINE; POLYOXYL 20 CETOSTEARYL ETHER; CITRIC ACID MONOHYDRATE; WATERMELON; COCONUT OIL; CYSTOSEIRA TAMARISCIFOLIA; FUCUS VESICULOSUS; GLYCERIN; GLYCERYL LAURATE; GLYCERYL MONOSTEARATE; METHYL ABIETATE; MAGNESIUM ALUMINUM SILICATE; POLYSORBATE 20; PROPANEDIOL; SORBITAN MONOSTEARATE; SQUALANE; TOCOPHEROL; TRIHEPTANOIN; ULVA LACTUCA; XANTHAN GUM,spl_xml,81159-504-00,81159-504-00,kids,"Jun 20, 2024",1,https://dailymed.nlm.nih.gov/dailymed/drugInfo.cfm?setid=65c9c131-2545-4d88-aa9a-85197b654d74,
1aae0291-f16f-7840-e063-6394a90a3443,B0DX2N8L98,https://www.amazon.com/Brush-Sunscreen-Protection-Resistant-Fragrance/dp/B0DX2N8L98/ref=sr_1_1?dib=e,PRE_EXISTING,,SPF Ventures,SPF VENTURES,cleaned_labeler,BOB KIDS SPF 30 ZINC ONLY,"BOB KIDS SPF 30 ZINC ONLY (ZINC OXIDE) POWDER [SPF VENTURES, LLC]","SPF VENTURES, LLC",sunscreen,powder,TRUE,FALSE,FALSE,TRUE,1,ZINC OXIDE: 22.1 g in 100 g,16,LEVOMENOL; CAPRYLHYDROXAMIC ACID; ETHYL FERULATE; JOJOBA OIL; RICE BRAN; GLYCERYL CAPRYLATE; GLYCERIN; BORON NITRIDE; SQUALANE; TRIETHOXYCAPRYLYLSILANE; MICA; LAUROYL LYSINE; FERRIC OXIDE YELLOW; SILICON DIOXIDE; FERROSOFERRIC OXIDE; FERRIC OXIDE RED,spl_xml,58274-021-01,58274-021-01,kids,"Jun 14, 2024",1,https://dailymed.nlm.nih.gov/dailymed/drugInfo.cfm?setid=1aae0291-f16f-7840-e063-6394a90a3443,
639da78b-4191-926b-e053-2a91aa0ab8bd,B010BY5L9O,https://www.amazon.com/GREEN-BEAVER-Spf-Kids-Lotion/dp/B010BY5L9O/ref=sr_1_1?dib=eyJ2IjoiMSJ9.Eecj8Q,PRE_EXISTING,,The Green Beaver,THE GREEN BEAVER,cleaned_labeler,THE GREEN BEAVER COMPANY SPF 40 KIDS SUNSCREEN,THE GREEN BEAVER COMPANY SPF 40 KIDS SUNSCREEN (SUNSCREEN LOTION) LOTION [THE GREEN BEAVER COMPANY],THE GREEN BEAVER COMPANY,sunscreen,lotion,TRUE,TRUE,FALSE,TRUE,2,ZINC OXIDE: 8 g in 100 g; TITANIUM DIOXIDE: 8 g in 100 g,17,"CEROTIC ACID; HYDROLYZED JOJOBA ESTERS (ACID FORM); SQUALENE; ALUMINUM OXIDE; POLYGLYCERYL-3 RICINOLEATE; TRIHYDROXYSTEARIN; .ALPHA.-TOCOPHEROL ACETATE, D-; SODIUM BETA-SITOSTERYL SULFATE; LECITHIN, SUNFLOWER; WATER; KARUM SEED OIL; HELIANTHUS ANNUUS SEED WAX; DICAPRYLYL CARBONATE; CAPRYLIC/CAPRIC/LAURIC TRIGLYCERIDE; RUBUS IDAEUS FRUIT VOLATILE OIL; POLYHYDROXYSTEARIC ACID (2300 MW); ISOSTEARIC ACID",spl_xml,76098-002-01,76098-002-01,kids,"Jan 13, 2021",4,https://dailymed.nlm.nih.gov/dailymed/drugInfo.cfm?setid=639da78b-4191-926b-e053-2a91aa0ab8bd,
e6d7512f-438b-4365-b585-eba805866a63,B071NH7WSG,https://www.amazon.com/THINKSPORT-Sunscreen-Kids-Body-Ounce/dp/B071NH7WSG/ref=sr_1_1?dib=eyJ2IjoiMSJ,PRE_EXISTING,,Thinksport,THINKOPERATIONS,title_prefix,THINKSPORT KIDS SUNSCREEN SPF 30,"THINKSPORT KIDS SUNSCREEN SPF 30 (ZINC OXIDE) STICK [THINKOPERATIONS,LLC]","THINKOPERATIONS,LLC",sunscreen,stick,TRUE,FALSE,FALSE,TRUE,1,zinc oxide: 200 ug in 1 g,10,SUNFLOWER OIL; COCONUT OIL; WHITE WAX; CANDELILLA WAX; CASTOR OIL; CARNAUBA WAX; SHEA BUTTER; COCOA BUTTER; TOCOPHEROL; ALOE VERA LEAF,spl_xml,60781-2001-1,60781-2001-1,kids; thinksport,"Mar 26, 2019",1,https://dailymed.nlm.nih.gov/dailymed/drugInfo.cfm?setid=e6d7512f-438b-4365-b585-eba805866a63,
95ea5442-a7ca-0c7d-e053-2a95a90ad247,B0822M17DK,https://www.amazon.com/Mustela-Suncreen-Spectrum-Resistant-Reef-Safe/dp/B0822M17DK/ref=sr_1_1?dib=ey,PRE_EXISTING,,MUSTELA,MUSTELA,title_prefix,MUSTELA MINERAL SUNSCREEN BROAD SPECTRUM SPF 50,MUSTELA MINERAL SUNSCREEN BROAD SPECTRUM SPF 50 (ZINC OXIDE) LOTION [EXPANSCIENCE LABORATORIES D/B/A MUSTELA],EXPANSCIENCE LABORATORIES D/B/A MUSTELA,sunscreen,lotion,TRUE,FALSE,FALSE,TRUE,1,ZINC OXIDE: 240 mg in 1 mL,21,"WATER; GLYCERIN; POLYGLYCERYL-3 RICINOLEATE; MEDIUM-CHAIN TRIGLYCERIDES; BUTYL METHACRYLATE/METHYL METHACRYLATE/METHACRYLIC ACID/STYRENE CROSSPOLYMER; PROPANEDIOL; 1,2-HEXANEDIOL; MAGNESIUM SULFATE, UNSPECIFIED FORM; SODIUM CHLORIDE; CAPRYLHYDROXAMIC ACID; HYALURONATE SODIUM; MALIC ACID; LAURYL PEG-9 POLYDIMETHYLSILOXYETHYL DIMETHICONE; C15-19 ALKANE; ETHYL MACADAMIATE; STEARYL/OCTYLDODECYL CITRATE CROSSPOLYMER; TRIETHOXYCAPRYLYLSILANE; POLYHYDROXYSTEARIC ACID (2300 MW); HYDROXYACETOPHENONE; .ALPHA.-TOCOPHEROL ACETATE; .ALPHA.-TOCOPHEROL, D-",spl_xml,64768-2924-1,64768-2924-1; 64768-2924-2; 64768-2924-3,mustela,"Jun 04, 2025",6,https://dailymed.nlm.nih.gov/dailymed/drugInfo.cfm?setid=95ea5442-a7ca-0c7d-e053-2a95a90ad247,
beec926c-35a5-1901-e053-2a95a90ad043,B093QM7KSQ,https://www.amazon.com/Mustela-Mineral-Sunscreen-Spray-Spectrum/dp/B093QM7KSQ/ref=sr_1_1?dib=eyJ2Ijo,PRE_EXISTING,,MUSTELA,MUSTELA,title_prefix,MUSTELA MINERAL SUNSCREEN BROAD SPECTRUM SPF 50,"MUSTELA MINERAL SUNSCREEN BROAD SPECTRUM SPF 50 (ZINC OXIDE, TITANIUM DIOXIDE) SPRAY [EXPANSCIENCE LABORATORIES D/B/A MUSTELA]",EXPANSCIENCE LABORATORIES D/B/A MUSTELA,sunscreen,spray,TRUE,TRUE,FALSE,TRUE,2,ZINC OXIDE: 147 mg in 1 g; TITANIUM DIOXIDE: 43 mg in 1 g,30,"HEPTYL UNDECYLENATE; METHYL DIHYDROABIETATE; CETOSTEARYL ALCOHOL; BENTONITE; CAPRYLYL GLYCOL; COCO GLUCOSIDE; ALUMINUM OXIDE; SODIUM GLUCONATE; CAPRYLHYDROXAMIC ACID; GLYCERIN; CITRIC ACID MONOHYDRATE; CHAMOMILE; POLYHYDROXYSTEARIC ACID (2300 MW); LEVOMENOL; NASTURTIUM OFFICINALE FLOWERING TOP; SUNFLOWER OIL; FILIPENDULA ULMARIA FLOWER; CALENDULA OFFICINALIS FLOWER; CARBOXYMETHYLCELLULOSE SODIUM, UNSPECIFIED FORM; TOCOPHEROL; WATER; OLIVE OIL; COCONUT OIL; CAPRYLOYL GLYCERIN/SEBACIC ACID COPOLYMER (2000 MPA.S); BUTYLOCTYL SALICYLATE; ALOE VERA LEAF; PROPANEDIOL; SODIUM STEAROYL GLUTAMATE; MICROCRYSTALLINE CELLULOSE; SILICON DIOXIDE",spl_xml,64768-2927-1,64768-2927-1,mustela,"Dec 04, 2024",5,https://dailymed.nlm.nih.gov/dailymed/drugInfo.cfm?setid=beec926c-35a5-1901-e053-2a95a90ad043,
372894af-bed7-474f-95d4-69a8c3f215ef,B0FXNHDWM7,https://www.amazon.com/CeraVe-Invisible-Sunscreen-Sensitive-Niacinamide/dp/B0FXNHDWM7,PRE_EXISTING,,CERAVE,LOREAL,title_prefix,CERAVE DEVELOPED WITH DERMOTOLOGISTS INVISIBLE MINERAL SUNSCREEN FOR ALL SKIN TYPES AND TONES FACE UVB AND UVA BROAD SPECTRUM SPF 50,CERAVE DEVELOPED WITH DERMOTOLOGISTS INVISIBLE MINERAL SUNSCREEN FOR ALL SKIN TYPES AND TONES FACE UVB AND UVA BROAD SPECTRUM SPF 50 (TITANIUM DIOXIDE AND ZINC OXIDE) LOTION [L&RSQUO;OREAL USA PRODUCTS INC],L&RSQUO;OREAL USA PRODUCTS INC,sunscreen,lotion,TRUE,TRUE,FALSE,TRUE,2,TITANIUM DIOXIDE: 26.6 mg in 1 mL; ZINC OXIDE: 153.5 mg in 1 mL,42,WATER; C15-19 ALKANE; GLYCERIN; DICAPRYLYL CARBONATE; NIACINAMIDE; PROPANEDIOL; CETEARYL ISONONANOATE; POLYHYDROXYSTEARIC ACID (2300 MW); DIMETHICONE; ETHYLHEXYL METHOXYCRYLENE; POWDERED CELLULOSE; TRIETHYLHEXANOIN; ISOHEXADECANE; TRIETHOXYCAPRYLYLSILANE; STEARETH-20; SILICA; STEARETH-2; CERAMIDE NP; CERAMIDE AP; CERAMIDE 1; CARBOMER; GLYCERYL STEARATE; CETEARYL ALCOHOL; BEHENTRIMONIUM METHOSULFATE; TRIETHYL CITRATE; SODIUM LAUROYL LACTYLATE; CHOLESTEROL; ALUMINUM STEARATE; ALUMINA; CHLORPHENESIN; TOCOPHEROL; HYDROXYACETOPHENONE; CAPRYLYL GLYCOL; CAPRYLIC/CAPRIC TRIGLYCERIDE; CITRIC ACID; DIETHYLHEXYL SYRINGYLIDENEMALONATE; PANTHENOL; XANTHAN GUM; PHYTOSPHINGOSINE; POLYSORBATE 20; ACRYLATES/C10-30 ALKYL ACRYLATE CROSSPOLYMER (60000 MPA.S); BENZOIC ACID,spl_xml,82046-894-01,82046-894-01; 82046-894-02,cerave,"Dec 15, 2025",1,https://dailymed.nlm.nih.gov/dailymed/drugInfo.cfm?setid=372894af-bed7-474f-95d4-69a8c3f215ef,
8b298516-70df-47ab-834f-51dcde28a43a,B0D9L7CTFB,https://www.amazon.com/CeraVe-Hydrating-Sunscreen-Titanium-Seamlessly/dp/B0D9L7CTFB,PRE_EXISTING,,CERAVE,LOREAL,title_prefix,CERAVE HYDRATING MINERAL SUNSCREEN LIGHT SHEER TINT BROAD SPECTRUM SPF 30,CERAVE HYDRATING MINERAL SUNSCREEN LIGHT SHEER TINT BROAD SPECTRUM SPF 30 (TITANIUM DIOXIDE AND ZINC OXIDE) LOTION [L&RSQUO;OREAL USA PRODUCTS INC],L&RSQUO;OREAL USA PRODUCTS INC,sunscreen,lotion,TRUE,TRUE,FALSE,TRUE,2,TITANIUM DIOXIDE: 55 mg in 1 mL; ZINC OXIDE: 100 mg in 1 mL,47,WATER; C12-15 ALKYL BENZOATE; ISOHEXADECANE; ISONONYL ISONONANOATE; DICAPRYLYL ETHER; PEG-30 DIPOLYHYDROXYSTEARATE; TRIETHYLHEXANOIN; POLYGLYCERYL-4 ISOSTEARATE; DICAPRYLYL CARBONATE; BEHENYL ACRYLATE POLYMER; STEARIC ACID; CERAMIDE NP; CERAMIDE AP; CARBOMER; NIACINAMIDE; SOYBEAN OIL; CETEARYL ALCOHOL; TRIETHOXYCAPRYLYLSILANE; BEHENTRIMONIUM METHOSULFATE; TRIETHYL CITRATE; SODIUM CHLORIDE; SODIUM HYALURONATE; SODIUM LAUROYL LACTYLATE; CHOLESTEROL; ALUMINUM STEARATE; ALUMINA; ALUMINUM HYDROXIDE; PHENOXYETHANOL; P-ANISIC ACID; CHLORPHENESIN; TOCOPHEROL; DISODIUM STEAROYL GLUTAMATE; PROPYLENE CARBONATE; CITRIC ACID; CAPRYLYL GLYCOL; CAPRYLOYL SALICYLIC ACID; CAPRYLIC/CAPRIC TRIGLYCERIDE; TRISODIUM ETHYLENEDIAMINE DISUCCINATE; DIETHYLHEXYL SYRINGYLIDENEMALONATE; DISTEARDIMONIUM HECTORITE; XANTHAN GUM; PHYTOSPHINGOSINE; POLYHYDROXYSTEARIC ACID (2300 MW); BENZOIC ACID; CI 77492; CI 77491; CI 77499,spl_xml,49967-589-01,49967-589-01,cerave,"Dec 25, 2024",2,https://dailymed.nlm.nih.gov/dailymed/drugInfo.cfm?setid=8b298516-70df-47ab-834f-51dcde28a43a,
4a243c9f-ca88-47fb-8777-1da79c001c73,B07KL7HPXV,https://www.amazon.com/CeraVe-Mineral-Sunscreen-Titanium-Sensitive/dp/B07KL7HPXV,PRE_EXISTING,,CERAVE,CERAVE,title_prefix,"CERAVE DEVELOPED WITH DERMATOLOGISTS HYDRATING SUNSCREEN SPF 50 BODY LIGHTWEIGHT, NON-GREASY FEEL 3 ESSENTIAL CERAMIDES MINERAL SUNSCREEN","CERAVE DEVELOPED WITH DERMATOLOGISTS HYDRATING SUNSCREEN SPF 50 BODY LIGHTWEIGHT, NON-GREASY FEEL 3 ESSENTIAL CERAMIDES MINERAL SUNSCREEN (TITANIUM DIOXIDE AND ZINC OXIDE) LOTION [L'OREAL USA PRODUCTS INC]",L'OREAL USA PRODUCTS INC,sunscreen,lotion,TRUE,TRUE,FALSE,TRUE,2,TITANIUM DIOXIDE: 90 mg in 1 mL; ZINC OXIDE: 70 mg in 1 mL,40,WATER; GLYCERIN; ALKYL (C12-15) BENZOATE; DIMETHICONE; GLYCERYL MONOSTEARATE; ISODODECANE; BUTYLOCTYL SALICYLATE; DICAPRYLYL CARBONATE; PROPANEDIOL; STEARIC ACID; ALUMINUM HYDROXIDE; PEG-100 STEARATE; SORBITAN MONOSTEARATE; PEG-8 LAURATE; CERAMIDE NP; CERAMIDE AP; CERAMIDE 1; SORBITAN ISOSTEARATE; CARBOXYPOLYMETHYLENE; CETOSTEARYL ALCOHOL; POLYOXYL 20 CETOSTEARYL ETHER; TRIETHOXYCAPRYLYLSILANE; SODIUM CITRATE; SODIUM LAUROYL LACTYLATE; SODIUM DODECYLBENZENESULFONATE; MYRISTIC ACID; HYALURONATE SODIUM; CHOLESTEROL; PALMITIC ACID; PHENOXYETHANOL; CHLORPHENESIN; TOCOPHEROL; HYDROXYETHYL ACRYLATE/SODIUM ACRYLOYLDIMETHYL TAURATE COPOLYMER (45000 MPA.S AT 1%); CAPRYLYL GLYCOL; CITRIC ACID MONOHYDRATE; XANTHAN GUM; PHYTOSPHINGOSINE; POLYHYDROXYSTEARIC ACID (2300 MW); POLYSORBATE 60; ETHYLHEXYLGLYCERIN,spl_xml,49967-911-01,49967-911-01,cerave,"Jan 17, 2024",5,https://dailymed.nlm.nih.gov/dailymed/drugInfo.cfm?setid=4a243c9f-ca88-47fb-8777-1da79c001c73,
27d82e37-67ac-4cd3-83c0-fb8388d3a0dd,B00CICLTAI,https://www.amazon.com/CeraVe-Sunscreen-Mineral-Adults-Fragrance/dp/B00CICLTAI/ref=sr_1_1?dib=eyJ2Ij,PRE_EXISTING,,CERAVE,CERAVE,title_prefix,CERAVE DEVELOPED WITH DERMATOLOGISTS SUNSCREEN BROAD SPECTRUM SPF 50,"CERAVE DEVELOPED WITH DERMATOLOGISTS SUNSCREEN BROAD SPECTRUM SPF 50 (TITANIUM DIOXIDE, ZINC OXIDE) STICK [L'OREAL USA PRODUCTS INC]",L'OREAL USA PRODUCTS INC,sunscreen,stick,TRUE,TRUE,FALSE,TRUE,2,Titanium Dioxide: 0.80 g in 13.32 g; Zinc Oxide: 0.63 g in 13.32 g,24,ALKYL (C12-15) BENZOATE; BUTYLOCTYL SALICYLATE; NEOPENTYL GLYCOL DIETHYLHEXANOATE; PARAFFIN; CANDELILLA WAX; CERESIN; DIMETHICONE; YELLOW WAX; HIGH DENSITY POLYETHYLENE; CETYL ALCOHOL; CERAMIDE NP; CERAMIDE AP; CERAMIDE 1; CHOLESTEROL; PHYTOSPHINGOSINE; HYALURONATE SODIUM; POLYHYDROXYSTEARIC ACID (2300 MW); ALUMINUM HYDROXIDE; STEARIC ACID; BUTYLATED HYDROXYTOLUENE; TRIETHOXYCAPRYLYLSILANE; ISOSTEARIC ACID; SODIUM LAUROYL LACTYLATE; XANTHAN GUM,spl_xml,49967-014-01,49967-014-01,cerave,"Jan 01, 2024",4,https://dailymed.nlm.nih.gov/dailymed/drugInfo.cfm?setid=27d82e37-67ac-4cd3-83c0-fb8388d3a0dd,
06862b00-c937-41af-ab5d-cea34160d035,B01MSH6605,https://www.amazon.com/thinkbaby-Sunscreen-Stick-White-Orange/dp/B01MSH6605/ref=sr_1_1?dib=eyJ2IjoiM,PRE_EXISTING,,Thinkbaby,THINKOPERATIONS,title_prefix,THINKBABY SPF 30,"THINKBABY SPF 30 (ZINC OXIDE) STICK [THINKOPERATIONS,LLC]","THINKOPERATIONS,LLC",sunscreen,stick,TRUE,FALSE,FALSE,TRUE,1,ZINC OXIDE: 240 mg in 1 g,12,COCONUT OIL; SUNFLOWER OIL; CANDELILLA WAX; CARNAUBA WAX; CASTOR OIL; SHEA BUTTER; ALOE VERA LEAF; COCOA BUTTER; .ALPHA.-TOCOPHEROL; SQUALENE; .BETA.-SITOSTEROL; CITRIC ACID MONOHYDRATE,spl_xml,60781-4490-1,60781-4490-1,thinkbaby,"Apr 16, 2026",1,https://dailymed.nlm.nih.gov/dailymed/drugInfo.cfm?setid=06862b00-c937-41af-ab5d-cea34160d035,
7cd9c971-5556-42dc-af7b-3a88221b8c94,B09SQDNB64,https://www.amazon.com/Thinkbaby-Clear-Zinc-Sunscreen-Hypoallergenic/dp/B09SQDNB64/ref=sr_1_1?dib=ey,PRE_EXISTING,,Thinkbaby,THINKOPERATIONS,title_prefix,THINKBABY CLEAR ZINC SPF 30,"THINKBABY CLEAR ZINC SPF 30 (ZINC OXIDE) LOTION [THINKOPERATIONS,LLC]","THINKOPERATIONS,LLC",sunscreen,lotion,TRUE,FALSE,FALSE,TRUE,1,ZINC OXIDE: 200 mg in 1 mL,22,WATER; MEDIUM-CHAIN TRIGLYCERIDES; POLYGLYCERYL-4 ISOSTEARATE; GLYCERIN; GLYCERYL ABIETATE; HEXYL LAURATE; CETYL DIMETHICONE 150; SORBITAN SESQUIOLEATE; ALOE VERA LEAF; .ALPHA.-TOCOPHEROL; HYALURONATE SODIUM; BISPYRITHIONE MAGSULFEX ANHYDROUS; PAPAYA; CRANBERRY SEED OIL; SUNFLOWER OIL; JOJOBA OIL; OLIVE OIL; RASPBERRY SEED OIL; HYDROGENATED CASTOR OIL; CAPRYLHYDROXAMIC ACID; TRIETHOXYCAPRYLYLSILANE; GLYCERYL MONOCAPRYLATE,spl_xml,60781-4175-3,60781-4175-3,thinkbaby,"Jul 25, 2024",1,https://dailymed.nlm.nih.gov/dailymed/drugInfo.cfm?setid=7cd9c971-5556-42dc-af7b-3a88221b8c94,
77b63c0b-353b-4f5f-95c7-6f7eeab81471,B00K3JQO9Y,https://www.amazon.com/Thinksport-Sunscreen-SPF-50-Ounce/dp/B00K3JQO9Y/ref=sr_1_1?dib=eyJ2IjoiMSJ9.f,PRE_EXISTING,,Thinksport,THINKOPERATIONS,title_prefix,THINKSPORT MINERAL SPF 50 (ZINC OXIDE AND TITANIUM DIOXIDE) AEROSOL,"THINKSPORT MINERAL SPF 50 (ZINC OXIDE AND TITANIUM DIOXIDE) AEROSOL [THINKOPERATIONS,LLC]","THINKOPERATIONS,LLC",sunscreen,,TRUE,TRUE,FALSE,TRUE,2,ZINC OXIDE: 157 mg in 1 mL; TITANIUM DIOXIDE: 34 mg in 1 mL,27,"WATER; BUTYLOCTYL SALICYLATE; DICAPRYLYL CARBONATE; ISONONYL ISONONANOATE; PROPANEDIOL; ISOCETYL STEAROYL STEARATE; METHYL DEHYDROABIETATE; CETOSTEARYL ALCOHOL; ALOE VERA LEAF; BANANA; BENTONITE; GLYCERIN; .ALPHA.-TOCOPHEROL; CITRIC ACID MONOHYDRATE; ALUMINUM OXIDE; SODIUM GLUCONATE; .ALPHA.-BISABOLOL, (+)-; CAPRYLHYDROXAMIC ACID; CARBOXYMETHYLCELLULOSE; CAPRYLYL GLYCOL; COCO-GLUCOSIDE; MICROCRYSTALLINE CELLULOSE; POLYHYDROXYSTEARIC ACID (2300 MW); POLYESTER-8 (1400 MW, CYANODIPHENYLPROPENOYL CAPPED); SILICON DIOXIDE; SODIUM STEAROYL GLUTAMATE; C18-C21 ALKANE",spl_xml,60781-4708-6,60781-4708-6,thinksport,"Apr 28, 2026",4,https://dailymed.nlm.nih.gov/dailymed/drugInfo.cfm?setid=77b63c0b-353b-4f5f-95c7-6f7eeab81471,
33065919-9b4e-4b2b-9306-a706558241c8,B06X1CF173,https://www.amazon.com/Thinkbaby-Thinksport-Sun-Stick-Ounce/dp/B06X1CF173/ref=sr_1_1?dib=eyJ2IjoiMSJ,PRE_EXISTING,,Thinksport,THINKOPERATIONS,title_prefix,THINKSPORT SPF 30,"THINKSPORT SPF 30 (ZINC OXIDE) STICK [THINKOPERATIONS,LLC]","THINKOPERATIONS,LLC",sunscreen,stick,TRUE,FALSE,FALSE,TRUE,1,ZINC OXIDE: 200 mg in 1 g,13,COCONUT OIL; SUNFLOWER OIL; YELLOW WAX; CANDELILLA WAX; CARNAUBA WAX; CASTOR OIL; ALOE VERA LEAF; .ALPHA.-TOCOPHEROL; SHEA BUTTER; COCOA BUTTER; SQUALENE; .BETA.-SITOSTEROL; CITRIC ACID MONOHYDRATE,spl_xml,60781-4487-1,60781-4487-1,thinksport,"Apr 16, 2026",2,https://dailymed.nlm.nih.gov/dailymed/drugInfo.cfm?setid=33065919-9b4e-4b2b-9306-a706558241c8,
4db37efb-2d37-7428-e063-6394a90a10e4,B00HNNQLZ0,https://www.amazon.com/Babo-Botanicals-Clear-Zinc-Lotion/dp/B00HNNQLZ0/ref=sr_1_1?dib=eyJ2IjoiMSJ9.E,PRE_EXISTING,,Babo Botanicals,BABO BOTANICALS,title_prefix,BABO BOTANICALS HYDRATING MILK MINERAL SUNSCREEN SPF 30,"BABO BOTANICALS HYDRATING MILK MINERAL SUNSCREEN SPF 30 (ZINC OXIDE) LOTION [BABO BOTANICALS, INC.]","BABO BOTANICALS, INC.",sunscreen,lotion,TRUE,FALSE,FALSE,TRUE,1,ZINC OXIDE: 170 mg in 1 mL,19,"C13-15 ALKANE; COCO-CAPRYLATE/CAPRATE; PROPANEDIOL; STEARYL/OCTYLDODECYL CITRATE CROSSPOLYMER; CALENDULA OFFICINALIS FLOWER; FILIPENDULA ULMARIA FLOWER; 1,2-HEXANEDIOL; POLYGLYCERYL-6 POLYRICINOLEATE; CAPRYLIC/CAPRIC TRIGLYCERIDE; POLYHYDROXYSTEARIC ACID (2300 MW); POLYGLYCERYL-10 DIOLEATE; PASSIFLORA EDULIS SEED OIL; CHAMOMILE; WATER; CAPRYLHYDROXAMIC ACID; XANTHAN GUM; SODIUM CHLORIDE; HELIANTHUS ANNUUS (SUNFLOWER) SEED OIL; NASTURTIUM OFFICINALE",spl_xml,79265-8164-0,79265-8164-0,babo botanicals,"Mar 25, 2026",1,https://dailymed.nlm.nih.gov/dailymed/drugInfo.cfm?setid=4db37efb-2d37-7428-e063-6394a90a10e4,
08b7bcfd-0c7c-a14f-e063-6294a90a7797,B08QX3S2DN,https://www.amazon.com/Babo-Botanicals-Mineral-Sunscreen-Ingredients/dp/B08QX3S2DN/ref=sr_1_1?dib=ey,PRE_EXISTING,,Babo Botanicals,BABO BOTANICALS,title_prefix,BABO BOTANICALS SUPER SHIELD MINERAL SUNSCREEN SPF50,"BABO BOTANICALS SUPER SHIELD MINERAL SUNSCREEN SPF50 (ZINC OXIDE) LOTION [BABO BOTANICALS, INC]","BABO BOTANICALS, INC",sunscreen,lotion,TRUE,FALSE,FALSE,TRUE,1,ZINC OXIDE: 200 mg in 1 mL,30,"CALENDULA OFFICINALIS FLOWER; CAPRYLHYDROXAMIC ACID; CAPRYLYL GLYCOL; CARBOXYMETHYLCELLULOSE SODIUM, UNSPECIFIED FORM; CITRIC ACID MONOHYDRATE; METHYL DIHYDROABIETATE; NASTURTIUM OFFICINALE FLOWERING TOP; SODIUM GLUCONATE; HYALURONATE SODIUM; SODIUM STEAROYL GLUTAMATE; TOCOPHEROL; WATER; DOCOSANOL; LEVOMENOL; SHEA BUTTER; SAFFLOWER OIL; CETOSTEARYL ALCOHOL; CETYL ALCOHOL; COCO GLUCOSIDE; FILIPENDULA ULMARIA FLOWER; COCOA BUTTER; POLYHYDROXYSTEARIC ACID (2300 MW); CELLULOSE, MICROCRYSTALLINE; ARACHIDYL GLUCOSIDE; ARACHIDYL ALCOHOL; SUNFLOWER OIL; BUTYLOCTYL SALICYLATE; CHAMOMILE; COCONUT OIL; GLYCERIN",spl_xml,79265-7778-1,79265-7778-1,babo botanicals,"Feb 03, 2025",2,https://dailymed.nlm.nih.gov/dailymed/drugInfo.cfm?setid=08b7bcfd-0c7c-a14f-e063-6294a90a7797,
2990e4ff-5bdb-3008-e063-6294a90a9497,B00HNNQM1S,https://www.amazon.com/Babo-Botanicals-Clear-Sport-Sunscreen/dp/B00HNNQM1S/ref=sr_1_1?dib=eyJ2IjoiMS,PRE_EXISTING,,Babo Botanicals,BABO BOTANICALS,title_prefix,BABO BOTANICALS SHEER ZINC MINERAL SUNSCREEN SPF 30,"BABO BOTANICALS SHEER ZINC MINERAL SUNSCREEN SPF 30 (ZINC OXIDE) STICK [BABO BOTANICALS, INC.]","BABO BOTANICALS, INC.",sunscreen,stick,TRUE,FALSE,FALSE,TRUE,1,ZINC OXIDE: 150 mg in 1 g,13,"JOJOBA OIL, RANDOMIZED; JOJOBA OIL; COCOA BUTTER; TOCOPHEROL; AVOCADO OIL; RICE BRAN OIL; CANDELILLA WAX; OCTYLDODECYL OLEATE; SHEA BUTTER; CALOPHYLLUM TACAMAHACA SEED OIL; BEESWAX; LEVOMENOL; ORYZANOL",spl_xml,79265-5708-1,79265-5708-1,babo botanicals,"Dec 20, 2024",1,https://dailymed.nlm.nih.gov/dailymed/drugInfo.cfm?setid=2990e4ff-5bdb-3008-e063-6294a90a9497,
e3ca7840-4882-d605-e053-2a95a90af6ab,B01ALY9ARS,https://www.amazon.com/Babo-Botanicals-Natural-Fragrance-Sunscreen/dp/B01ALY9ARS/ref=sr_1_1?dib=eyJ2,PRE_EXISTING,,Babo Botanicals,BABO BOTANICALS,title_prefix,BABO BOTANICALS SUPER SHIELD SPORT SUNSCREEN SPF 50,"BABO BOTANICALS SUPER SHIELD SPORT SUNSCREEN SPF 50 (ZINC OXIDE) STICK [BABO BOTANICALS, INC.]","BABO BOTANICALS, INC.",sunscreen,stick,TRUE,FALSE,FALSE,TRUE,1,ZINC OXIDE: 197 mg in 1 g,17,"CALENDULA OFFICINALIS FLOWER; NASTURTIUM OFFICINALE; FILIPENDULA ULMARIA FLOWER; RICE BRAN OIL; SHEA BUTTER; SUNFLOWER OIL; HYDROGENATED JOJOBA OIL, RANDOMIZED; AVOCADO OIL; JOJOBA OIL; ORYZANOL; CANDELILLA WAX; OCTYLDODECYL OLEATE; TOCOPHEROL; LEVOMENOL; TAMANU OIL; COCOA BUTTER; CHAMOMILE",spl_xml,79265-8908-1,79265-8908-1,babo botanicals,"Dec 16, 2024",2,https://dailymed.nlm.nih.gov/dailymed/drugInfo.cfm?setid=e3ca7840-4882-d605-e053-2a95a90af6ab,
ee005198-56e2-1739-e053-2a95a90a7659,B00T4JQNLI,https://www.amazon.com/Babo-Botanicals-Sunscreen-Unscented-Sensitive/dp/B00T4JQNLI/ref=sr_1_1?dib=ey,PRE_EXISTING,,Babo Botanicals,BABO BOTANICALS,title_prefix,BABO BOTANICALS DAILY SHEER MINERAL SUNSCREEN SPF 40,"BABO BOTANICALS DAILY SHEER MINERAL SUNSCREEN SPF 40 (ZINC OXIDE, TITANIUM DIOXIDE) LOTION [BABO BOTANICALS, INC.]","BABO BOTANICALS, INC.",sunscreen,lotion,TRUE,TRUE,FALSE,TRUE,2,ZINC OXIDE: 33 mg in 1 mL; TITANIUM DIOXIDE: 59 mg in 1 mL,25,TRIETHOXYCAPRYLYLSILANE; ALUMINUM HYDROXIDE; ETHYLHEXYLGLYCERIN; JOJOBA OIL; CASTOR OIL; ROSA CANINA FRUIT; PHENYLETHYL ALCOHOL; CETOSTEARYL ALCOHOL; DEHYDROXANTHAN GUM; SUNFLOWER OIL; METHYL DIHYDROABIETATE; HYDROGEN DIMETHICONE (13 CST); HYDROXYETHYL ACRYLATE/SODIUM ACRYLOYLDIMETHYL TAURATE COPOLYMER (45000 MPA.S AT 1%); DICAPRYLYL CARBONATE; AVOCADO OIL; WATER; SHEA BUTTER; MYRISTYL ALCOHOL; MYRISTYL GLUCOSIDE; KARUM SEED OIL; COCO GLUCOSIDE; ALOE VERA LEAF; GLYCERIN; YELLOW WAX; GREEN TEA LEAF,spl_xml,79265-8708-1,79265-8708-1,babo botanicals,"Dec 16, 2024",2,https://dailymed.nlm.nih.gov/dailymed/drugInfo.cfm?setid=ee005198-56e2-1739-e053-2a95a90a7659,
f8b1ea3a-d62e-e00d-e053-6394a90a5689,B0C3LNPDRF,https://www.amazon.com/Babo-Botanicals-Sport-Mineral-Sunscreen/dp/B0C3LNPDRF/ref=sr_1_2?dib=eyJ2Ijoi,PRE_EXISTING,,Babo Botanicals,BABO BOTANICALS,title_prefix,BABO BOTANICALS SWIM AND SPORT MINERAL SUNSCREEN SPF 30,"BABO BOTANICALS SWIM AND SPORT MINERAL SUNSCREEN SPF 30 (ZINC OXIDE) SPRAY [BABO BOTANICALS, INC.]","BABO BOTANICALS, INC.",sunscreen,spray,TRUE,FALSE,FALSE,TRUE,1,ZINC OXIDE: 145 mg in 1 mL,26,"CAPRYLYL GLYCOL; POLYHYDROXYSTEARIC ACID (2300 MW); BENTONITE; CAPRYLHYDROXAMIC ACID; METHYL DIHYDROABIETATE; FILIPENDULA ULMARIA FLOWER; PASSIFLORA EDULIS SEED OIL; JOJOBA OIL; CETOSTEARYL ALCOHOL; CARBOXYMETHYLCELLULOSE SODIUM, UNSPECIFIED FORM; SUNFLOWER OIL; BUTYLOCTYL SALICYLATE; MEDIUM-CHAIN TRIGLYCERIDES; SAFFLOWER OIL; PROPANEDIOL; TETRADECANE; WATER; TOCOPHEROL; COCO GLUCOSIDE; LEVOMENOL; CALENDULA OFFICINALIS FLOWER; GLYCERIN; CHAMOMILE; NASTURTIUM OFFICINALE; JOJOBA OIL, RANDOMIZED; MICROCRYSTALLINE CELLULOSE",spl_xml,79265-8775-1,79265-8775-1,babo botanicals,"Dec 16, 2024",2,https://dailymed.nlm.nih.gov/dailymed/drugInfo.cfm?setid=f8b1ea3a-d62e-e00d-e053-6394a90a5689,
3c455d29-df4e-f4d5-e063-6394a90a97ba,B07J6N8M75,https://www.amazon.com/Sunscreen-Earth-Mama-Raspberry-Calendula/dp/B07J6N8M75/ref=sr_1_1?dib=eyJ2Ijo,PRE_EXISTING,,Earth Mama,ELEEO,title_prefix,EARTH MAMA TINTED MINERAL SUNSCREEN SPF 40,EARTH MAMA TINTED MINERAL SUNSCREEN SPF 40 (ZINC OXIDE) LOTION [ELEEO BRANDS LLC],ELEEO BRANDS LLC,sunscreen,lotion,TRUE,FALSE,FALSE,TRUE,1,ZINC OXIDE: 250 mg in 1 g,13,MEDIUM-CHAIN TRIGLYCERIDES; COCONUT OIL; OLIVE OIL; YELLOW WAX; RASPBERRY SEED OIL; POMEGRANATE SEED OIL; JOJOBA OIL; SHEA BUTTER; TOCOPHEROL; ARGAN OIL; CALENDULA OFFICINALIS FLOWER; FERRIC OXIDE RED; MICA,spl_xml,79747-153-01,79747-153-01,earth mama,"Aug 18, 2025",1,https://dailymed.nlm.nih.gov/dailymed/drugInfo.cfm?setid=3c455d29-df4e-f4d5-e063-6394a90a97ba,
3a10657a-bc16-181d-e063-6294a90a485b,B0GP2QGVGF,https://www.amazon.com/Pipette-Mineral-Sunscreen-Water-resistant-Sunblock/dp/B0GP2QGVGF/ref=sr_1_3?d,PRE_EXISTING,,Pipette,PIPETTE,title_prefix,PIPETTE MINERAL SUNSCREEN SPF 50 (ZINC OXIDE	) AEROSOL,"PIPETTE MINERAL SUNSCREEN SPF 50 (ZINC OXIDE	) AEROSOL, SPRAY [PIPETTE LLC]",PIPETTE LLC,sunscreen,spray,TRUE,FALSE,FALSE,TRUE,1,ZINC OXIDE: 20 mg in 1 mL,17,"SORBITAN OLIVATE; WATER; COCO-GLUCOSIDE; VINYLPYRROLIDONE/EICOSENE COPOLYMER; CAPRYLIC/CAPRIC TRIGLYCERIDE; ISOSTEARIC ACID; XANTHAN GUM; GLYCERIN; POLYGLYCERYL-3 PENTARICINOLEATE; CETEARYL ALCOHOL; BENTONITE; POLYHYDROXYSTEARIC ACID (2300 MW); SQUALANE; CAPRYLHYDROXAMIC ACID; SODIUM GLUCONATE; CETYL PALMITATE; LECITHIN, SUNFLOWER",spl_xml,84723-006-01,84723-006-01; 84723-006-02,pipette,"Aug 06, 2025",2,https://dailymed.nlm.nih.gov/dailymed/drugInfo.cfm?setid=3a10657a-bc16-181d-e063-6294a90a485b,
3491a921-44c3-ced9-e063-6294a90ac12c,B0GWFJBM7F,https://www.amazon.com/Pipette-Sunscreen-Water%E2%80%91Resistant-Lightweight-Blendable/dp/B0GWFJBM7F,PRE_EXISTING,,Pipette,PIPETTE,title_prefix,PIPETTE MINERAL SUNSCREEN BROAD SPECTRUM SPF 50 WATER RESISTANT 80 MINUTES,PIPETTE MINERAL SUNSCREEN BROAD SPECTRUM SPF 50 WATER RESISTANT 80 MINUTES (ZINC OXIDE) LOTION [PIPETTE LLC],PIPETTE LLC,sunscreen,lotion,TRUE,FALSE,FALSE,TRUE,1,ZINC OXIDE: 201 mg in 1 mL,14,WATER; CAPRYLIC/CAPRIC TRIGLYCERIDE; GLYCERIN; SQUALANE; CETEARYL ALCOHOL; SORBITAN OLIVATE; CETYL PALMITATE; COCO GLUCOSIDE; COPERNICIA CERIFERA (CARNAUBA) WAX; BENTONITE; POLYHYDROXYSTEARIC ACID (2300 MW); XANTHAN GUM; CAPRYLHYDROXAMIC ACID; SODIUM GLUCONATE,spl_xml,84723-001-01,84723-001-01; 84723-001-02,pipette,"May 09, 2025",1,https://dailymed.nlm.nih.gov/dailymed/drugInfo.cfm?setid=3491a921-44c3-ced9-e063-6294a90ac12c,
9e91e228-0b5e-4577-9d57-cdb9e9a705e8,B08K9H97WT,https://www.amazon.com/Aveeno-Moisturizing-Weightless-Paraben-free-Oxybenzone-free/dp/B08K9H97WT/ref,PRE_EXISTING,,Raw Elements,RAW ELEMENTS,title_prefix,RAW ELEMENTS ECO FORMULA SPF30 SAMPLE PACKS,RAW ELEMENTS ECO FORMULA SPF30 SAMPLE PACKS (ZINC OXIDE) LOTION [RAW ELEMENTS LLC],RAW ELEMENTS LLC,sunscreen,lotion,TRUE,FALSE,FALSE,TRUE,1,ZINC OXIDE: 230 mg in 1 g,6,GREEN TEA LEAF; WHITE WAX; FERRIC OXIDE RED; MANGIFERA INDICA SEED BUTTER; ROSEMARY OIL; TOCOPHEROL,spl_xml,70680-308-00,70680-308-00,raw elements,"Dec 14, 2023",2,https://dailymed.nlm.nih.gov/dailymed/drugInfo.cfm?setid=9e91e228-0b5e-4577-9d57-cdb9e9a705e8,
1d130543-9e12-42f4-80b4-915dbe0f85d4,B0C3PCCNCM,https://www.amazon.com/Raw-Elements-Moisturizer-All-Natural-Cruelty-Free/dp/B0C3PCCNCM/ref=sr_1_3?di,PRE_EXISTING,,Raw Elements,RAW ELEMENTS,title_prefix,RAW ELEMENTS ECO FORMULA 30 BROAD SPECTRUM SPF 30,RAW ELEMENTS ECO FORMULA 30 BROAD SPECTRUM SPF 30 (ZINC OXIDE) CREAM [RAW ELEMENTS LLC],RAW ELEMENTS LLC,sunscreen,cream,TRUE,FALSE,FALSE,TRUE,1,ZINC OXIDE: 230 mg in 1 mL,7,GREEN TEA LEAF; CANNABIS SATIVA SEED OIL; WHITE WAX; SUNFLOWER OIL; MANGIFERA INDICA SEED BUTTER; ROSEMARY OIL; TOCOPHEROL,spl_xml,70680-300-01,70680-300-01; 70680-300-02,raw elements,"Nov 10, 2023",4,https://dailymed.nlm.nih.gov/dailymed/drugInfo.cfm?setid=1d130543-9e12-42f4-80b4-915dbe0f85d4,
801a616a-5007-4951-8bc5-b8ffe9f0bb19,B0067LRAYU,https://www.amazon.com/Raw-Elements-Certified-Sunscreen-Moisturizing/dp/B0067LRAYU/ref=sr_1_1?dib=ey,PRE_EXISTING,,Raw Elements,RAW ELEMENTS,title_prefix,RAW ELEMENTS TINT 30 BROAD SPECTRUM SPF 30,RAW ELEMENTS TINT 30 BROAD SPECTRUM SPF 30 (ZINC OXIDE) STICK [RAW ELEMENTS LLC],RAW ELEMENTS LLC,sunscreen,stick,TRUE,FALSE,FALSE,TRUE,1,ZINC OXIDE: 227.5 mg in 1 g,8,GREEN TEA LEAF; CANNABIS SATIVA SEED OIL; WHITE WAX; SUNFLOWER OIL; FERRIC OXIDE RED; MANGIFERA INDICA SEED BUTTER; ROSEMARY OIL; TOCOPHEROL,spl_xml,70680-303-01,70680-303-01,raw elements,"Nov 10, 2023",4,https://dailymed.nlm.nih.gov/dailymed/drugInfo.cfm?setid=801a616a-5007-4951-8bc5-b8ffe9f0bb19,
92c5f11b-5585-4479-8ee3-315c7e72574f,B004XGPMFA,https://www.amazon.com/Sun-Bum-Moisturizing-SPF-Hypoallergenic/dp/B004XGPMFA/ref=sr_1_7?dib=eyJ2Ijoi,PRE_EXISTING,,Raw Elements,RAW ELEMENTS,title_prefix,RAW ELEMENTS DAILY MOISTURIZER BROAD SPECTRUM SPF30,RAW ELEMENTS DAILY MOISTURIZER BROAD SPECTRUM SPF30 (ZINC OXIDE) LOTION [RAW ELEMENTS LLC],RAW ELEMENTS LLC,sunscreen,lotion,TRUE,FALSE,FALSE,TRUE,1,ZINC OXIDE: 200 mg in 1 mL,11,WATER; SUNFLOWER OIL; COCOA BUTTER; YELLOW WAX; LEUCONOSTOC/RADISH ROOT FERMENT FILTRATE; ARGAN OIL; .ALPHA.-TOCOPHEROL ACETATE; CANNABIS SATIVA SEED OIL; ROSEMARY; LEVOMENOL; ROSEMARY OIL,spl_xml,70680-305-00,70680-305-00,raw elements,"Nov 10, 2023",2,https://dailymed.nlm.nih.gov/dailymed/drugInfo.cfm?setid=92c5f11b-5585-4479-8ee3-315c7e72574f,
bcce6d5b-d641-4484-a4dd-06b81170f863,B0C3P8ZCXK,https://www.amazon.com/sspa/click?ie=UTF8&spc=MTo0MTQzNjk5NjIxMjY1NjA2OjE3NzgyMDgwNTk6c3BfYXRmOjMwMD,PRE_EXISTING,,Raw Elements,RAW ELEMENTS,title_prefix,RAW ELEMENTS ECO 30 BROAD SPECTRUM SPF 30,RAW ELEMENTS ECO 30 BROAD SPECTRUM SPF 30 (ZINC OXIDE) STICK [RAW ELEMENTS LLC],RAW ELEMENTS LLC,sunscreen,stick,TRUE,FALSE,FALSE,TRUE,1,ZINC OXIDE: 227.5 mg in 1 g,7,GREEN TEA LEAF; CANNABIS SATIVA SEED OIL; WHITE WAX; SUNFLOWER OIL; MANGIFERA INDICA SEED BUTTER; ROSEMARY OIL; TOCOPHEROL,spl_xml,70680-302-01,70680-302-01,raw elements,"Nov 10, 2023",4,https://dailymed.nlm.nih.gov/dailymed/drugInfo.cfm?setid=bcce6d5b-d641-4484-a4dd-06b81170f863,
4e67b76e-b791-4e26-e063-6294a90aa991,B07ZPF7FVB,https://www.amazon.com/All-Good-Sport-Mineral-Sunscreen/dp/B07ZPF7FVB/ref=sr_1_4?dib=eyJ2IjoiMSJ9.XU,PRE_EXISTING,,All Good,ELEMENTAL HERBS,title_prefix,ALL GOOD MINERAL SPORT SUNSCREEN SUNSTICK SPF 30,"ALL GOOD MINERAL SPORT SUNSCREEN SUNSTICK SPF 30 (ZINC OXIDE) STICK [ELEMENTAL HERBS, INC.]","ELEMENTAL HERBS, INC.",sunscreen,stick,TRUE,FALSE,FALSE,TRUE,1,ZINC OXIDE: 20 g in 100 g,12,COCONUT OIL; TOCOPHEROL; WHITE WAX; JOJOBA OIL; THEOBROMA CACAO (COCOA) SEED BUTTER; PERSEA GRATISSIMA (AVOCADO) OIL; BUTYROSPERMUM PARKII (SHEA) BUTTER; TAPIOCA STARCH; MAURITIA FLEXUOSA FRUIT OIL; COPERNICIA CERIFERA (CARNAUBA) WAX; CANDELILLA WAX; SESAMUM INDICUM (SESAME) SEED OIL,spl_xml,75786-220-01,75786-220-01,all good,"Apr 02, 2026",1,https://dailymed.nlm.nih.gov/dailymed/drugInfo.cfm?setid=4e67b76e-b791-4e26-e063-6294a90aa991,
4e67e89b-a7be-a540-e063-6294a90a6d8f,B0BCZG5CN2,https://www.amazon.com/sspa/click?ie=UTF8&spc=MTo3NjQ2NDcxMjY0MzI0MjQ2OjE3NzgyMDgxMDc6c3BfYXRmOjMwMD,PRE_EXISTING,,All Good,ELEMENTAL HERBS,title_prefix,ALL GOOD COCONUT MINERAL SUNSCREEN SUNSTICK SPF 30,"ALL GOOD COCONUT MINERAL SUNSCREEN SUNSTICK SPF 30 (ZINC OXIDE) STICK [ELEMENTAL HERBS, INC.]","ELEMENTAL HERBS, INC.",sunscreen,stick,TRUE,FALSE,FALSE,TRUE,1,ZINC OXIDE: 20 g in 100 g,12,COCONUT OIL; TOCOPHEROL; WHITE WAX; JOJOBA OIL; THEOBROMA CACAO (COCOA) SEED BUTTER; PERSEA GRATISSIMA (AVOCADO) OIL; BUTYROSPERMUM PARKII (SHEA) BUTTER; CANDELILLA WAX; SESAMUM INDICUM (SESAME) SEED OIL; MAURITIA FLEXUOSA FRUIT OIL; TAPIOCA STARCH; COPERNICIA CERIFERA (CARNAUBA) WAX,spl_xml,75786-221-01,75786-221-01,all good,"Apr 02, 2026",1,https://dailymed.nlm.nih.gov/dailymed/drugInfo.cfm?setid=4e67e89b-a7be-a540-e063-6294a90a6d8f,
fe2bf779-e8b3-933f-e053-6394a90a369f,B0C3J1QVPJ,https://www.amazon.com/All-Good-Anti-Aging-Moisturizer-Niacinamide/dp/B0C3J1QVPJ/ref=sr_1_1?dib=eyJ2,PRE_EXISTING,,All Good,ELEMENTAL HERBS,title_prefix,ALL GOOD TINTED MINERAL SUNSCREEN BUTTER SPF 50,"ALL GOOD TINTED MINERAL SUNSCREEN BUTTER SPF 50 (ZINC OXIDE) OINTMENT [ELEMENTAL HERBS, INC.]","ELEMENTAL HERBS, INC.",sunscreen,ointment,TRUE,FALSE,FALSE,TRUE,1,ZINC OXIDE: 25 g in 100 g,9,COCONUT OIL; TOCOPHEROL; CALENDULA OFFICINALIS FLOWER; WHITE WAX; JOJOBA OIL; HYDROLYZED JOJOBA ESTERS (POTASSIUM SALTS); BROWN IRON OXIDE; OCTYLDODECANOL; TRIHYDROXYSTEARIN,spl_xml,75786-226-29,75786-226-29,all good,"Mar 25, 2026",3,https://dailymed.nlm.nih.gov/dailymed/drugInfo.cfm?setid=fe2bf779-e8b3-933f-e053-6394a90a369f,
ff334e9c-dd12-92bc-e053-6394a90aa24b,B06XZMTBPG,https://www.amazon.com/All-Good-Sport-Sunscreen-Lotion/dp/B06XZMTBPG/ref=sr_1_1?dib=eyJ2IjoiMSJ9.ZMI,PRE_EXISTING,,All Good,ELEMENTAL HERBS,title_prefix,ALL GOOD MINERAL SPORT SUNSCREEN BUTTER,"ALL GOOD MINERAL SPORT SUNSCREEN BUTTER (ZINC OXIDE) OINTMENT [ELEMENTAL HERBS, INC.]","ELEMENTAL HERBS, INC.",sunscreen,ointment,TRUE,FALSE,FALSE,TRUE,1,ZINC OXIDE: 25 g in 100 g,5,COCONUT OIL; TOCOPHEROL; CALENDULA OFFICINALIS FLOWER; WHITE WAX; JOJOBA OIL,spl_xml,75786-223-29,75786-223-29,all good,"Mar 25, 2026",3,https://dailymed.nlm.nih.gov/dailymed/drugInfo.cfm?setid=ff334e9c-dd12-92bc-e053-6394a90aa24b,
34678a96-4d3b-185b-e063-6394a90a1187,B0GPRFCTN2,https://www.amazon.com/sspa/click?ie=UTF8&spc=MToxMzAxNjA4NDY2MzYwNDg0OjE3NzgyMDgxNDU6c3BfYXRmOjMwMT,PRE_EXISTING,,All Good,ELEMENTAL HERBS,title_prefix,ALL GOOD MINERAL SPORT SUNSCREEN BUTTER STICK SPF 50,"ALL GOOD MINERAL SPORT SUNSCREEN BUTTER STICK SPF 50 (ZINC OXIDE) OINTMENT [ELEMENTAL HERBS, INC.]","ELEMENTAL HERBS, INC.",sunscreen,ointment,TRUE,FALSE,FALSE,TRUE,1,ZINC OXIDE: 25 g in 100 g,5,COCONUT OIL; TOCOPHEROL; CALENDULA OFFICINALIS FLOWER; WHITE WAX; JOJOBA OIL,spl_xml,75786-239-78,75786-239-78,all good,"May 07, 2025",1,https://dailymed.nlm.nih.gov/dailymed/drugInfo.cfm?setid=34678a96-4d3b-185b-e063-6394a90a1187,
77370d4e-6888-4cb7-b6b9-1011a71dbf7a,B085VMGLYK,https://www.amazon.com/Badger-Sunscreen-Unscented-Certified-Moisturizing/dp/B085VMGLYK/ref=sr_1_9?di,PRE_EXISTING,,All Good,RAINING ROSE,title_prefix,ALL GOOD BROAD SPECTRUM SPF 15 SPEARMINT LIP BALM,"ALL GOOD BROAD SPECTRUM SPF 15 SPEARMINT LIP BALM (BROAD SPECTRUM SPF 15 SPEARMINT LIP BALM) STICK [RAINING ROSE, INC.]","RAINING ROSE, INC.",sunscreen,stick,TRUE,FALSE,FALSE,TRUE,1,ZINC OXIDE: 35 mg in 1 g,9,CALENDULA OFFICINALIS FLOWER; COMFREY LEAF; LAVANDULA ANGUSTIFOLIA FLOWER; PLANTAGO MAJOR LEAF; ACHILLEA MILLEFOLIUM FLOWER; OLIVE OIL; YELLOW WAX; SPEARMINT OIL; TOCOPHEROL,spl_xml,65692-0313-1,65692-0313-1,all good,"Nov 06, 2023",2,https://dailymed.nlm.nih.gov/dailymed/drugInfo.cfm?setid=77370d4e-6888-4cb7-b6b9-1011a71dbf7a,
0cf9361f-f292-6429-e063-6294a90add0e,B0GT6RL665,https://www.amazon.com/Alba-Botanica-Sunscreen-Sensitive-Fragrance/dp/B0GT6RL665/ref=sr_1_1?dib=eyJ2,PRE_EXISTING,,Alba Botanica,ALBA BOTANICA SHEER,title_prefix,ALBA BOTANICA SHEER MINERAL SPF30,"ALBA BOTANICA SHEER MINERAL SPF30 (ZINC OXIDE) LOTION [THE HAIN CELESTIAL GROUP, INC.]","THE HAIN CELESTIAL GROUP, INC.",sunscreen,lotion,TRUE,FALSE,FALSE,TRUE,1,ZINC OXIDE: 24.1 g in 100 g,18,ETHYLHEXYLGLYCERIN; POTASSIUM CETYL PHOSPHATE; WATER; PHENOXYETHANOL; HEXASODIUM PHYTATE; GLYCERIN; .ALPHA.-TOCOPHEROL ACETATE; XANTHAN GUM; ALCOHOL; ETHYLHEXYL OLEATE; BUTYLOCTYL SALICYLATE; VINYLPYRROLIDONE/HEXADECENE COPOLYMER; CAPRYLIC/CAPRIC ACID; GLYCERYL STEARATE SE; ISOAMYL LAURATE; NIACINAMIDE; POLYHYDROXYSTEARIC ACID (2300 MW); SQUALANE,spl_xml,61995-2033-1,61995-2033-1; 61995-2033-2; 61995-2033-3,alba botanica,"Nov 28, 2025",5,https://dailymed.nlm.nih.gov/dailymed/drugInfo.cfm?setid=0cf9361f-f292-6429-e063-6294a90add0e,
0cf9c4b9-8e85-980c-e063-6394a90a9e7e,B0BM5D9SQ9,https://www.amazon.com/Alba-Botanica-Sunscreen-Fragrance-Free-Biodegradable/dp/B0BM5D9SQ9/ref=sr_1_1,PRE_EXISTING,,Alba Botanica,ALBA BOTANICA SHEER,title_prefix,ALBA BOTANICA SHEER MINERAL SPF50,"ALBA BOTANICA SHEER MINERAL SPF50 (ZINC OXIDE) LOTION [THE HAIN CELESTIAL GROUP, INC.]","THE HAIN CELESTIAL GROUP, INC.",sunscreen,lotion,TRUE,FALSE,FALSE,TRUE,1,ZINC OXIDE: 24.1 g in 100 g,18,ETHYLHEXYLGLYCERIN; POTASSIUM CETYL PHOSPHATE; WATER; PHENOXYETHANOL; HEXASODIUM PHYTATE; GLYCERIN; .ALPHA.-TOCOPHEROL ACETATE; XANTHAN GUM; ALCOHOL; ETHYLHEXYL OLEATE; BUTYLOCTYL SALICYLATE; VINYLPYRROLIDONE/HEXADECENE COPOLYMER; CAPRYLIC/CAPRIC ACID; GLYCERYL STEARATE SE; ISOAMYL LAURATE; NIACINAMIDE; POLYHYDROXYSTEARIC ACID (2300 MW); SQUALANE,spl_xml,61995-2035-1,61995-2035-1; 61995-2035-2; 61995-2035-3,alba botanica,"Nov 28, 2025",5,https://dailymed.nlm.nih.gov/dailymed/drugInfo.cfm?setid=0cf9c4b9-8e85-980c-e063-6394a90a9e7e,
4484b16f-f29a-60cc-e063-6294a90a2b9d,B0G1CSHNMT,https://www.amazon.com/Alba-Botanica-Sensitive-Mineral-Sunscreen/dp/B0G1CSHNMT/ref=sr_1_1?dib=eyJ2Ij,PRE_EXISTING,,Alba Botanica,ALBA BOTANICA,title_prefix,ALBA BOTANICA SENSITIVE MINERAL SPF 50,"ALBA BOTANICA SENSITIVE MINERAL SPF 50 (ZINC OXIDE) LOTION [THE HAIN CELESTIAL GROUP, INC.]","THE HAIN CELESTIAL GROUP, INC.",sunscreen,lotion,TRUE,FALSE,FALSE,TRUE,1,ZINC OXIDE: 24.1 g in 100 g,19,ETHYLHEXYL OLIVATE; BUTYLOCTYL SALICYLATE; VINYLPYRROLIDONE/HEXADECENE COPOLYMER; GLYCERYL STEARATE; ISOAMYL LAURATE; NIACINAMIDE; POLYHYDROXYSTEARIC ACID (2300 MW); SQUALANE; ETHYLHEXYLGLYCERIN; POTASSIUM CETYL PHOSPHATE; WATER; PHENOXYETHANOL; GLYCERIN; .ALPHA.-TOCOPHEROL ACETATE; XANTHAN GUM; ALCOHOL; CAPRYLIC/CAPRIC TRIGLYCERIDE; SODIUM PHYTATE; TRIETHOXYCAPRYLYLSILANE,spl_xml,61995-2036-1,61995-2036-1; 61995-2036-2; 61995-2036-3,alba botanica,"Nov 28, 2025",2,https://dailymed.nlm.nih.gov/dailymed/drugInfo.cfm?setid=4484b16f-f29a-60cc-e063-6294a90a2b9d,
02ab5646-3685-b888-e063-6294a90ab00c,B00142DXVG,https://www.amazon.com/Alba-Botanica-Sensitive-Fragrance-Sunscreen/dp/B00142DXVG/ref=sr_1_1?dib=eyJ2,PRE_EXISTING,,Alba Botanica,ALBA BOTANICA,title_prefix,ALBA BOTANICA SENSITIVE MINERAL SUNSCREEN SPF 33 (ZINC OXIDE) AEROSOL,"ALBA BOTANICA SENSITIVE MINERAL SUNSCREEN SPF 33 (ZINC OXIDE) AEROSOL [THE HAIN CELESTIAL GROUP, INC.]","THE HAIN CELESTIAL GROUP, INC.",sunscreen,,TRUE,FALSE,FALSE,TRUE,1,ZINC OXIDE: 18.3 g in 100 g,26,".ALPHA.-TOCOPHEROL; CAMELLIA SINENSIS FLOWER; MATRICARIA CHAMOMILLA FLOWERING TOP OIL; HYDROLYZED JOJOBA ESTERS (ACID FORM); SODIUM GLUCONATE; WATER; GLYCERIN; SUNFLOWER OIL; PROPANEDIOL; COCO GLUCOSIDE; CELLULOSE, MICROCRYSTALLINE; .BETA.-BISABOLOL; CAPRYLHYDROXAMIC ACID; CAPRYLOYL GLYCERIN/SEBACIC ACID COPOLYMER (2000 MPA.S); METHYL DIHYDROABIETATE; ALOE VERA LEAF; BENTONITE; CARBOXYMETHYLCELLULOSE; CETYL ALCOHOL; BUTYLOCTYL SALICYLATE; ETHYL MACADAMIATE; CALENDULA OFFICINALIS FLOWER; PEG-4 CAPRYLIC/CAPRIC GLYCERIDES; GINKGO BILOBA LEAF OIL; GLYCERYL CAPRYLATE; SHEA BUTTER ETHYL ESTERS",spl_xml,61995-3033-1,61995-3033-1; 61995-3033-2; 61995-3033-3,alba botanica,"Dec 02, 2024",2,https://dailymed.nlm.nih.gov/dailymed/drugInfo.cfm?setid=02ab5646-3685-b888-e063-6294a90ab00c,
fe07d84c-08c4-5868-e053-6294a90a0d05,B0BG6SPKZQ,https://www.amazon.com/Alba-Botanica-Sunscreen-Fragrance-Free-Biodegradable/dp/B0BG6SPKZQ/ref=sr_1_1,PRE_EXISTING,,Alba Botanica,ALBA BOTANICA SHEER,title_prefix,"ALBA BOTANICA SHEER MINERAL SPF 50 (ZINC OXIDE, TITANIUM DIOXIDE) AEROSOL","ALBA BOTANICA SHEER MINERAL SPF 50 (ZINC OXIDE, TITANIUM DIOXIDE) AEROSOL [THE HAIN CELESTIAL GROUP, INC.]","THE HAIN CELESTIAL GROUP, INC.",sunscreen,,TRUE,TRUE,FALSE,TRUE,2,ZINC OXIDE: 14.7 g in 100 g; TITANIUM DIOXIDE: 4.3 g in 100 g,26,"WATER; GLYCERIN; .ALPHA.-TOCOPHEROL ACETATE; POLYHYDROXYSTEARIC ACID (2300 MW); SODIUM GLUCONATE; COCO GLUCOSIDE; SUNFLOWER OIL; CAPRYLYL GLYCOL; PROPANEDIOL; CELLULOSE, MICROCRYSTALLINE; .BETA.-BISABOLOL; CAPRYLOYL GLYCERIN/SEBACIC ACID COPOLYMER (2000 MPA.S); CAPRYLHYDROXAMIC ACID; SILICON DIOXIDE; BUTYLOCTYL SALICYLATE; ANHYDROUS CITRIC ACID; METHYL DIHYDROABIETATE; OLIVE OIL; COCONUT OIL; HEPTYL UNDECYLENATE; CARBOXYMETHYLCELLULOSE; ALOE VERA LEAF; CETEARYL GLUCOSIDE; SODIUM STEAROYL GLUTAMATE; BENTONITE; ALUMINUM OXIDE",spl_xml,61995-3032-1,61995-3032-1; 61995-3032-2; 61995-3032-3,alba botanica,"Dec 02, 2024",3,https://dailymed.nlm.nih.gov/dailymed/drugInfo.cfm?setid=fe07d84c-08c4-5868-e053-6294a90a0d05,
62d61240-444d-4ba4-e053-2991aa0aace7,B0CP66XK87,https://www.amazon.com/Alba-Botanica-Sunscreen-Resistant-Fragrance-Free/dp/B0CP66XK87/ref=sr_1_1?dib,PRE_EXISTING,,Alba Botanica,ALBA BOTANICA,title_prefix,ALBA BOTANICA MINERAL SPORT FF SUNSCREEN SPF45,"ALBA BOTANICA MINERAL SPORT FF SUNSCREEN SPF45 (ZINC OXIDE, TITANIUM DIOXIDE) CREAM [THE HAIN CELESTIAL GROUP, INC.]","THE HAIN CELESTIAL GROUP, INC.",sunscreen,cream,TRUE,TRUE,FALSE,TRUE,2,TITANIUM DIOXIDE: 7 g in 100 g; ZINC OXIDE: 9 g in 100 g,26,"GLYCERIN; ALCOHOL; BENZYL ALCOHOL; PHENOXYETHANOL; POTASSIUM SORBATE; SODIUM BENZOATE; ALOE VERA LEAF; ISOAMYL LAURATE; COCONUT ALKANES; POLYGLYCERYL-3 RICINOLEATE; CRAMBE HISPANICA SUBSP. ABYSSINICA SEED OIL; WATER; POLYGONUM AVICULARE TOP; SHEA BUTTER; GREEN TEA LEAF; GINKGO; ALUMINUM OXIDE; COCO-CAPRYLATE/CAPRATE; MAGNESIUM SULFATE, UNSPECIFIED FORM; SODIUM CHLORIDE; SORBITAN SESQUIOLEATE; STEARIC ACID; ECHINACEA PURPUREA ROOT; POLYHYDROXYSTEARIC ACID (2300 MW); MEDIUM-CHAIN TRIGLYCERIDES; .ALPHA.-TOCOPHEROL ACETATE",spl_xml,61995-2040-4,61995-2040-4,alba botanica,"Apr 13, 2021",5,https://dailymed.nlm.nih.gov/dailymed/drugInfo.cfm?setid=62d61240-444d-4ba4-e053-2991aa0aace7,
639e786b-03fb-ac2d-e053-2a91aa0a9d02,B001N2QQXE,https://www.amazon.com/Alba-Botanica-Fragrance-Sensitive-Sunscreen/dp/B001N2QQXE/ref=sr_1_1?dib=eyJ2,PRE_EXISTING,,Alba Botanica,ALBA BOTANICA,title_prefix,ALBA BOTANICA MINERAL SUNSCREEN FF SPF30,"ALBA BOTANICA MINERAL SUNSCREEN FF SPF30 (ZINC OXIDE, TITANIUM DIOXIDE) CREAM [THE HAIN CELESTIAL GROUP, INC.]","THE HAIN CELESTIAL GROUP, INC.",sunscreen,cream,TRUE,TRUE,FALSE,TRUE,2,ZINC OXIDE: 14.5 g in 100 g; TITANIUM DIOXIDE: 2 g in 100 g,22,"SORBITAN SESQUIOLEATE; GLYCERIN; DIMETHICONE; PHENOXYETHANOL; SHEA BUTTER; POLYGLYCERYL-3 RICINOLEATE; .ALPHA.-TOCOPHEROL ACETATE; ALCOHOL; SILICON DIOXIDE; WATER; MEDIUM-CHAIN TRIGLYCERIDES; ETHYLHEXYL PALMITATE; GLYCERYL ISOSTEARATE; ALOE; CALENDULA OFFICINALIS FLOWER; MAGNESIUM SULFATE, UNSPECIFIED FORM; POLYHYDROXYSTEARIC ACID (2300 MW); SODIUM CHLORIDE; CHAMOMILE; SUNFLOWER OIL; GRAPE SEED OIL; BENZYL ALCOHOL",spl_xml,61995-2089-5,61995-2089-5,alba botanica,"Apr 13, 2021",5,https://dailymed.nlm.nih.gov/dailymed/drugInfo.cfm?setid=639e786b-03fb-ac2d-e053-2a91aa0a9d02,
fbf8be03-93e2-4d7e-e053-6294a90a4fd5,B0G5VYXX2T,https://www.amazon.com/Aveeno-Moisturizer-Broad-Spectrum-Protection-Hypoallergenic/dp/B0G5VYXX2T/ref,PRE_EXISTING,,Aveeno,AVEENO CALM PLUS RESTORE DAILY,title_prefix,AVEENO CALM PLUS RESTORE DAILY MOISTURIZER MINERAL SUNSCREEN BROAD SPECTRUM SPF 30,"AVEENO CALM PLUS RESTORE DAILY MOISTURIZER MINERAL SUNSCREEN BROAD SPECTRUM SPF 30 (TITANIUM DIOXIDE, ZINC OXIDE) LOTION [KENVUE BRANDS LLC]",KENVUE BRANDS LLC,sunscreen,lotion,TRUE,TRUE,FALSE,TRUE,2,TITANIUM DIOXIDE: 58 mg in 1 mL; ZINC OXIDE: 125 mg in 1 mL,26,SORBITAN OLIVATE; FERROUS OXIDE; CETOSTEARYL ALCOHOL; MEDIUM-CHAIN TRIGLYCERIDES; VINYLPYRROLIDONE/HEXADECENE COPOLYMER; TANACETUM PARTHENIUM; CETEARYL OLIVATE; TRIETHOXYCAPRYLYLSILANE; SODIUM CHLORIDE; CHLORPHENESIN; TRIACONTANYL PVP (WP-660); OAT; WATER; ETHYLHEXYL METHOXYCRYLENE; ALUMINUM HYDROXIDE; GLYCERYL MONOSTEARATE; PEG-100 STEARATE; XANTHAN GUM; STEARIC ACID; ETHYLHEXYLGLYCERIN; EDETATE DISODIUM ANHYDROUS; .ALPHA.-TOCOPHEROL ACETATE; DIMETHICONE; PHENOXYETHANOL; GLYCERIN; POLYHYDROXYSTEARIC ACID (2300 MW),spl_xml,69968-0813-1,69968-0813-1; 69968-0813-2,aveeno,"Jun 13, 2025",3,https://dailymed.nlm.nih.gov/dailymed/drugInfo.cfm?setid=fbf8be03-93e2-4d7e-e053-6294a90a4fd5,
4ef5baf7-00b1-97aa-e063-6294a90aab9c,B01MYQW5SM,https://www.amazon.com/Neutrogena-Dry-Touch-Resistant-Non-Greasy-Sunscreen/dp/B01MYQW5SM/ref=sr_1_1?,PRE_EXISTING,,Neutrogena,ACUPAC PACKAGING,title_prefix,NEUTROGENA COLLAGEN BANK SPF MOISTURIZER SUNSCREEN BROAD SPECTRUM SPF 30 AND NEUTROGENA COLLAGEN BANK MOISTURIZER,"NEUTROGENA COLLAGEN BANK SPF MOISTURIZER SUNSCREEN BROAD SPECTRUM SPF 30 AND NEUTROGENA COLLAGEN BANK MOISTURIZER (AVOBENZONE, HOMOSALATE, OCTISALATE, OCTOCRYLENE) LOTION [ACUPAC PACKAGING, INC.]","ACUPAC PACKAGING, INC.",sunscreen,lotion,TRUE,TRUE,FALSE,TRUE,2,ZINC OXIDE: 216 mg in 1 mL; TITANIUM DIOXIDE: 32 mg in 1 mL,18,ALUMINUM HYDROXIDE; ISOHEXADECANE; DICAPRYLYL CARBONATE; STEARIC ACID; ISOPROPYL PALMITATE; PHENOXYETHANOL; .ALPHA.-TOCOPHEROL ACETATE; SODIUM CHLORIDE; SORBITAN SESQUIOLEATE; DIMETHICONE; DIMETHICONE CROSSPOLYMER (450000 MPA.S AT 12% IN CYCLOPENTASILOXANE); ETHYLHEXYLGLYCERIN; ALKYL (C12-15) BENZOATE; XANTHAN GUM; FERRIC OXIDE RED; ISONONYL ISONONANOATE; TRIETHOXYCAPRYLYLSILANE; CETYL DIMETHICONE 25,spl_xml,52328-306-01,52328-306-01; 52328-306-02,neutrogena,"Apr 27, 2026",1,https://dailymed.nlm.nih.gov/dailymed/drugInfo.cfm?setid=4ef5baf7-00b1-97aa-e063-6294a90aab9c,
4ef5dcd4-b2d0-bcd1-e063-6294a90a871f,B005IHT94S,https://www.amazon.com/Neutrogena-Ultra-Dry-Touch-Sunscreen-Spectrum/dp/B005IHT94S/ref=sr_1_2?dib=ey,PRE_EXISTING,,Neutrogena,ACUPAC PACKAGING,title_prefix,NEUTROGENA MINERAL ULTRA SHEER FACE SPF 70,"NEUTROGENA MINERAL ULTRA SHEER FACE SPF 70 (TITANIUM DIOXIDE, ZINC OXIDE) LOTION [ACUPAC PACKAGING, INC.]","ACUPAC PACKAGING, INC.",sunscreen,lotion,TRUE,TRUE,FALSE,TRUE,2,ZINC OXIDE: 144 mg in 1 mL; TITANIUM DIOXIDE: 66 mg in 1 mL,24,XANTHAN GUM; POLYHYDROXYSTEARIC ACID (2300 MW); CAPRYLYL GLYCOL; PHENOXYETHANOL; GLYCERIN; ETHYLHEXYL METHOXYCRYLENE; VINYLPYRROLIDONE/HEXADECENE COPOLYMER; DIMETHICONE; TRIETHOXYCAPRYLYLSILANE; CETEARYL OLIVATE; CHLORPHENESIN; STEARIC ACID; SODIUM CHLORIDE; ETHYLHEXYLGLYCERIN; ALUMINUM HYDROXIDE; BUTYLOCTYL SALICYLATE; TRICONTANYL POVIDONE; CALCIUM SODIUM BOROSILICATE; SORBITAN OLIVATE; MEDIUM-CHAIN TRIGLYCERIDES; .ALPHA.-TOCOPHEROL ACETATE; EDETATE DISODIUM; STEARETH-21; WATER,spl_xml,52328-307-01,52328-307-01; 52328-307-02,neutrogena,"Apr 27, 2026",1,https://dailymed.nlm.nih.gov/dailymed/drugInfo.cfm?setid=4ef5dcd4-b2d0-bcd1-e063-6294a90a871f,
4c335d9c-40ca-c0ce-e063-6394a90ac20a,B01BF6UX5E,https://www.amazon.com/Neutrogena-Healthy-Anti-Aging-Perfector-Treatment/dp/B01BF6UX5E/ref=sr_1_1?di,PRE_EXISTING,,Neutrogena,NEUTROGENA HEALTHY,title_prefix,NEUTROGENA HEALTHY SKIN LIQUID MAKEUP BROAD SPECTRUM SPF 20 - NATURAL IVORY 300C (TITANIUM DIOXIDE) LIQUID NEUTROGENA HEALTHY SKIN LIQUID MAKEUP BROAD SPECTRUM SPF 20 - COOL BRONZE 440C (TITANIUM DIOXIDE) LIQUID NEUTROGENA HEALTHY SKIN LIQUID MAKEUP BROAD SPECTRUM SPF 20 - SOFT TAN 400C (TITANIUM DIOXIDE) LIQUID NEUTROGENA HEALTHY SKIN LIQUID MAKEUP ....... 20 - BRONZE 430N (TITANIUM DIOXIDE) LIQUID NEUTROGENA HEALTHY SKIN LIQUID MAKEUP BROAD SPECTRUM SPF 20 - WARM BRONZE 420W (TITANIUM DIOXIDE) LIQUID NEUTROGENA HEALTHY SKIN LIQUID MAKEUP BROAD SPECTRUM SPF 20 - RICH GOLDEN 540N (TITANIUM DIOXIDE) LIQUID NEUTROGENA HEALTHY SKIN LIQUID MAKEUP BROAD SPECTRUM SPF 20 - CLASSIC BEIGE 210W (TITANIUM DIOXIDE) LIQUID,NEUTROGENA HEALTHY SKIN LIQUID MAKEUP BROAD SPECTRUM SPF 20 - NATURAL IVORY 300C (TITANIUM DIOXIDE) LIQUID NEUTROGENA HEALTHY SKIN LIQUID MAKEUP BROAD SPECTRUM SPF 20 - COOL BRONZE 440C (TITANIUM DIOXIDE) LIQUID NEUTROGENA HEALTHY SKIN LIQUID MAKEUP BROAD SPECTRUM SPF 20 - SOFT TAN 400C (TITANIUM DIOXIDE) LIQUID NEUTROGENA HEALTHY SKIN LIQUID MAKEUP ....... 20 - BRONZE 430N (TITANIUM DIOXIDE) LIQUID NEUTROGENA HEALTHY SKIN LIQUID MAKEUP BROAD SPECTRUM SPF 20 - WARM BRONZE 420W (TITANIUM DIOXIDE) LIQUID NEUTROGENA HEALTHY SKIN LIQUID MAKEUP BROAD SPECTRUM SPF 20 - RICH GOLDEN 540N (TITANIUM DIOXIDE) LIQUID NEUTROGENA HEALTHY SKIN LIQUID MAKEUP BROAD SPECTRUM SPF 20 - CLASSIC BEIGE 210W (TITANIUM DIOXIDE) LIQUID [KENVUE BRANDS LLC],KENVUE BRANDS LLC,sunscreen,,FALSE,TRUE,FALSE,TRUE,1,TITANIUM DIOXIDE: 36 mg in 1 mL,38,PPG-12/SMDI COPOLYMER; PENTAERYTHRITYL TETRA-DI-T-BUTYL HYDROXYHYDROCINNAMATE; FERROUS OXIDE; ETHYLHEXYL PALMITATE; C12-15 ALKYL BENZOATE; POLYHYDROXYSTEARIC ACID (2300 MW); QUATERNIUM-90 BENTONITE; CYCLOPENTASILOXANE; GLYCERIN; TRIETHOXYCAPRYLYLSILANE; WATER; CYCLOHEXASILOXANE; ALUMINA; PANTHENOL; PROPYLENE CARBONATE; BUTYLENE GLYCOL; ALUMINUM STEARATE; SILICA; SORBIC ACID; BENZOTRIAZOLYL DODECYL P-CRESOL; ALUMINUM DIMYRISTATE; MAGNESIUM SULFATE; PHENOXYETHANOL; DIMETHICONE/VINYL DIMETHICONE CROSSPOLYMER (SOFT PARTICLE); ALUMINUM STARCH OCTENYLSUCCINATE; DISODIUM STEAROYL GLUTAMATE; ASCORBIC ACID; CAPRYLYL GLYCOL; EDETATE DISODIUM; BUTYL ACRYLATE/METHYL METHACRYLATE/METHACRYLIC ACID COPOLYMER (18000 MW); NIACINAMIDE; MAGNESIUM CARBONATE; POLYGLYCERYL-4 DIISOSTEARATE/POLYHYDROXYSTEARATE/SEBACATE; CETYL PEG/PPG-10/1 DIMETHICONE (HLB 5); HDI/TRIMETHYLOL HEXYLLACTONE CROSSPOLYMER; TOCOPHEROL; CETYL DIMETHICONE 25; BORON NITRIDE,spl_xml,69968-0966-1,69968-0966-1; 69968-0967-1; 69968-0968-1; 69968-0969-1; 69968-0970-1; 69968-0971-1; 69968-0972-1; 69968-0973-1; 69968-0974-1; 69968-0975-1; 69968-0976-1; 69968-0977-1; 69968-0978-1; 69968-0979-1; 69968-0980-1; 69968-0981-1; 69968-0982-1; 69968-0983-1; 69968-0984-1; 69968-0985-1; 69968-0986-1; 69968-0987-1; 69968-0988-1; 69968-0989-1; 69968-0990-1; 69968-0991-1; 69968-0992-1; 69968-0993-1; 69968-0994-1; 69968-0995-1; 69968-0996-1; 69968-0997-1; 69968-0998-1; 69968-0999-1; 69968-1000-1,neutrogena,"Apr 06, 2026",1,https://dailymed.nlm.nih.gov/dailymed/drugInfo.cfm?setid=4c335d9c-40ca-c0ce-e063-6394a90ac20a,
1907126c-fd95-86e8-e063-6394a90a23ca,B00HNSSV0S,https://www.amazon.com/Neutrogena-Sunscreen-Lightweight-Water-Resistant-PABA-Free/dp/B00HNSSV0S/ref=,PRE_EXISTING,,Neutrogena,NEUTROGENA ULTRA SHEER,title_prefix,NEUTROGENA ULTRA SHEER FACE AND BODY SUNSCREEN BROAD SPECTRUM SPF 50,NEUTROGENA ULTRA SHEER FACE AND BODY SUNSCREEN BROAD SPECTRUM SPF 50 (ZINC OXIDE) STICK [KENVUE BRANDS LLC],KENVUE BRANDS LLC,sunscreen,stick,TRUE,FALSE,FALSE,TRUE,1,ZINC OXIDE: 216 mg in 1 g,12,OCTYLDODECYL NEOPENTANOATE; ALKYL (C12-15) BENZOATE; PARAFFIN; SILICON DIOXIDE; NEOPENTYL GLYCOL DIETHYLHEXANOATE; CERESIN; ISOPROPYL MYRISTATE; ADIPIC ACID/DIGLYCOL CROSSPOLYMER (20000 MPA.S); TRIETHOXYCAPRYLYLSILANE; NEOPENTYL GLYCOL DIISOSTEARATE; CAPRYLYL GLYCOL; .ALPHA.-TOCOPHEROL ACETATE,spl_xml,69968-0893-2,69968-0893-2,neutrogena,"Mar 24, 2025",3,https://dailymed.nlm.nih.gov/dailymed/drugInfo.cfm?setid=1907126c-fd95-86e8-e063-6394a90a23ca,
41ff1a98-69ff-4d7a-bc89-d986a803cee3,B08JR9Y2NS,https://www.amazon.com/Neutrogena-Sunscreen-Water-Resistant-Hypoallergenic-PABA-Free/dp/B08JR9Y2NS,PRE_EXISTING,,Neutrogena Pure,NEUTROGENA,title_prefix,NEUTROGENA PURE AND FREE SUNSCREEN BROAD SPECTRUM SPF 50,NEUTROGENA PURE AND FREE SUNSCREEN BROAD SPECTRUM SPF 50 (ZINC OXIDE) STICK [KENVUE BRANDS LLC],KENVUE BRANDS LLC,sunscreen,stick,TRUE,FALSE,FALSE,TRUE,1,ZINC OXIDE: 216 mg in 1 g,12,OCTYLDODECYL NEOPENTANOATE; ALKYL (C12-15) BENZOATE; PARAFFIN; SILICON DIOXIDE; NEOPENTYL GLYCOL DIETHYLHEXANOATE; CERESIN; ISOPROPYL MYRISTATE; ADIPIC ACID/DIGLYCOL CROSSPOLYMER (20000 MPA.S); TRIETHOXYCAPRYLYLSILANE; NEOPENTYL GLYCOL DIISOSTEARATE; CAPRYLYL GLYCOL; OAT KERNEL OIL,spl_xml,69968-0677-1,69968-0677-1,neutrogena,"Mar 17, 2025",9,https://dailymed.nlm.nih.gov/dailymed/drugInfo.cfm?setid=41ff1a98-69ff-4d7a-bc89-d986a803cee3,
20cd4d96-2046-3a50-e063-6394a90a1219,B00AKG404Q,https://www.amazon.com/Neutrogena-Resistant-Sunscreen-Spectrum-Fast-Absorbing/dp/B00AKG404Q/ref=sr_1,PRE_EXISTING,,Neutrogena,NEUTROGENA HEALTHY,title_prefix,NEUTROGENA HEALTHY SKIN INVISIBLY RADIANT UV PRIMER SPF 30,"NEUTROGENA HEALTHY SKIN INVISIBLY RADIANT UV PRIMER SPF 30 (TITANIUM DIOXIDE, ZINC OXIDE) LOTION [KENVUE BRANDS LLC]",KENVUE BRANDS LLC,sunscreen,lotion,TRUE,TRUE,FALSE,TRUE,2,ZINC OXIDE: 216 mg in 1 mL; TITANIUM DIOXIDE: 49 mg in 1 mL,21,DICAPRYLYL ETHER; FERROUS OXIDE; PROPYLENE GLYCOL; SODIUM CHLORIDE; ALUMINUM HYDROXIDE; STEARIC ACID; POLYHYDROXYSTEARIC ACID (2300 MW); ALPHA-TOCOPHEROL ACETATE; WATER; ISONONYL ISONONANOATE; ALKYL (C12-15) BENZOATE; DIMETHICONE; SORBITAN SESQUIOLEATE; PHENOXYETHANOL; GINGER; ETHYLHEXYLGLYCERIN; TRICONTANYL POVIDONE; MICA; TRIETHOXYCAPRYLYLSILANE; POLYGLYCERYL-2 DIPOLYHYDROXYSTEARATE; CALCIUM SODIUM BOROSILICATE,spl_xml,69968-0900-1,69968-0900-1,neutrogena,"Feb 24, 2025",3,https://dailymed.nlm.nih.gov/dailymed/drugInfo.cfm?setid=20cd4d96-2046-3a50-e063-6394a90a1219,
0a0654cc-ad47-2167-e063-6294a90a52f4,B07GRBQXTV,https://www.amazon.com/Neutrogena-Hyaluronic-Antioxidants-Alcohol-free-Non-comedogenic/dp/B07GRBQXTV,PRE_EXISTING,,Neutrogena,NEUTROGENA HEALTHY,title_prefix,"NEUTROGENA HEALTHY SKIN RADIANT TINTED MOISTURIZER SUNSCREEN BROAD SPECTRUM SPF 25, SHEER IVORY 10 (TITANIUM DIOXIDE, ZINC OXIDE) LOTION NEUTROGENA HEALTHY SKIN RADIANT TINTED MOISTURIZER SUNSCREEN BROAD SPECTRUM SPF 25, SHEER TAN 30 (TITANIUM DIOXIDE, ZINC OXIDE) LOTION NEUTROGENA HEALTHY SKIN RADIANT TINTED MOISTURIZER SUNSCREEN BROAD SPECTRUM SPF 25, SHEER FAIR 20","NEUTROGENA HEALTHY SKIN RADIANT TINTED MOISTURIZER SUNSCREEN BROAD SPECTRUM SPF 25, SHEER IVORY 10 (TITANIUM DIOXIDE, ZINC OXIDE) LOTION NEUTROGENA HEALTHY SKIN RADIANT TINTED MOISTURIZER SUNSCREEN BROAD SPECTRUM SPF 25, SHEER TAN 30 (TITANIUM DIOXIDE, ZINC OXIDE) LOTION NEUTROGENA HEALTHY SKIN RADIANT TINTED MOISTURIZER SUNSCREEN BROAD SPECTRUM SPF 25, SHEER FAIR 20 (TITANIUM DIOXIDE, ZINC OXIDE) LOTION [KENVUE BRANDS LLC]",KENVUE BRANDS LLC,sunscreen,lotion,TRUE,TRUE,FALSE,TRUE,2,ZINC OXIDE: 92.8 mg in 1 mL; TITANIUM DIOXIDE: 60 mg in 1 mL,28,WATER; TOCOPHEROL; POLYSORBATE 20; ETHYLHEXYLGLYCERIN; CETYL DIMETHICONE/BIS-VINYLDIMETHICONE CROSSPOLYMER; HYDROXYETHYL ACRYLATE/SODIUM ACRYLOYLDIMETHYL TAURATE COPOLYMER (45000 MPA.S AT 1%); TRIETHOXYCAPRYLYLSILANE; TRISODIUM ETHYLENEDIAMINE DISUCCINATE; ALKYL (C12-15) BENZOATE; ETHYLHEXYL PALMITATE; PEG-100 STEARATE; BARIUM SULFATE; MAGNESIUM ALUMINUM SILICATE; ASCORBIC ACID; FERRIC OXIDE RED; SQUALANE; CETOSTEARYL ALCOHOL; GLYCYRRHIZINATE DIPOTASSIUM; BUTYLENE GLYCOL; GLYCERYL MONOSTEARATE; SILICON DIOXIDE; PHENOXYETHANOL; BUTYLOCTYL SALICYLATE; ALUMINUM STEARATE; ALUMINUM OXIDE; LEVOMENOL; XANTHAN GUM; POLYSORBATE 60,spl_xml,69968-0830-1,69968-0830-1; 69968-0831-1; 69968-0832-1,neutrogena,"Dec 16, 2024",3,https://dailymed.nlm.nih.gov/dailymed/drugInfo.cfm?setid=0a0654cc-ad47-2167-e063-6294a90a52f4,
8f34c1f6-51fe-4719-ba1f-1e23c05e937b,B09MV4618C,https://www.amazon.com/Neutrogena-Mineral-Sunscreen-Sensitive-Non-Comedogenic/dp/B09MV4618C/ref=sr_1,PRE_EXISTING,,Neutrogena,NEUTROGENA,title_prefix,NEUTROGENA MINERAL ULTRA SHEER DRY-TOUCH FACE AND BODY SUNSCREEN BROAD SPECTRUM UVA-UVB SPF 50,NEUTROGENA MINERAL ULTRA SHEER DRY-TOUCH FACE AND BODY SUNSCREEN BROAD SPECTRUM UVA-UVB SPF 50 (ZINC OXIDE) STICK [KENVUE BRANDS LLC],KENVUE BRANDS LLC,sunscreen,stick,TRUE,FALSE,FALSE,TRUE,1,ZINC OXIDE: 216 mg in 1 g,12,OCTYLDODECYL NEOPENTANOATE; ALKYL (C12-15) BENZOATE; PARAFFIN; SILICON DIOXIDE; NEOPENTYL GLYCOL DIETHYLHEXANOATE; CERESIN; ISOPROPYL MYRISTATE; ADIPIC ACID/DIGLYCOL CROSSPOLYMER (20000 MPA.S); TRIETHOXYCAPRYLYLSILANE; NEOPENTYL GLYCOL DIISOSTEARATE; CAPRYLYL GLYCOL; .ALPHA.-TOCOPHEROL ACETATE,spl_xml,69968-0715-2,69968-0715-2,neutrogena,"Nov 04, 2024",5,https://dailymed.nlm.nih.gov/dailymed/drugInfo.cfm?setid=8f34c1f6-51fe-4719-ba1f-1e23c05e937b,
32d78048-d281-1d80-e063-6394a90aec19,B084ZP848Y,https://www.amazon.com/Blue-Lizard-Sensitive-Mineral-Sunscreen/dp/B084ZP848Y/ref=sr_1_1?dib=eyJ2Ijoi,PRE_EXISTING,,Blue Lizard,BLUE LIZARD,title_prefix,BLUE LIZARD SENSITIVE SPF 50 SUNSCREEN,BLUE LIZARD SENSITIVE SPF 50 SUNSCREEN (TITANIUM DIOXIDE AND ZINC OXIDE) LOTION [CROWN LABORATORIES],CROWN LABORATORIES,sunscreen,lotion,TRUE,TRUE,FALSE,TRUE,2,TITANIUM DIOXIDE: 89.6 mg in 1 mL; ZINC OXIDE: 112 mg in 1 mL,28,"1,2-HEXANEDIOL; EUPHORBIA CERIFERA (CANDELILLA) WAX; ALOE BARBADENSIS LEAF; HYDROXYACETOPHENONE; .ALPHA.-TOCOPHEROL ACETATE; POLYGLYCERYL-4 ISOSTEARATE; PROPANEDIOL; WATER; HEXADECYL POVIDONE (4 HEXADECYL BRANCHES/REPEAT); DIMETHICONE; TRIMETHYLSILOXYSILICATE (M/Q 0.8-1.0); PEG-7 HYDROGENATED CASTOR OIL; POLYHYDROXYSTEARIC ACID (2300 MW); CETYL DIMETHICONE 25; ALUMINUM STEARATE; TRIETHOXYCAPRYLYLSILANE; ETHYLHEXYL PALMITATE; ALUMINUM OXIDE; ALKYL (C12-15) BENZOATE; CETYL PEG/PPG-10/1 DIMETHICONE (HLB 5); EDETATE DISODIUM; ETHYLHEXYL STEARATE; CAPRYLYL GLYCOL; HEXYL LAURATE; METHYL GLUCOSE DIOLEATE; OCTYLDODECYL NEOPENTANOATE; TOCOPHEROL; BUTYLOCTYL SALICYLATE",spl_xml,0316-2046-31,0316-2046-31; 0316-2046-46; 0316-2046-51; 0316-2046-55; 0316-2046-82,blue lizard,"Feb 27, 2026",3,https://dailymed.nlm.nih.gov/dailymed/drugInfo.cfm?setid=32d78048-d281-1d80-e063-6394a90aec19,
1bf8fb7e-9d5b-86d4-e063-6294a90afddc,B083VTP119,https://www.amazon.com/BLUE-LIZARD-Sensitive-Mineral-Sunscreen/dp/B083VTP119/ref=sr_1_1?dib=eyJ2Ijoi,PRE_EXISTING,,Blue Lizard,BLUE LIZARD,title_prefix,BLUE LIZARD SPF 15 LIP BALM,BLUE LIZARD SPF 15 LIP BALM (ZINC OXIDE) STICK [CROWN LABORATORIES],CROWN LABORATORIES,sunscreen,stick,TRUE,FALSE,FALSE,TRUE,1,ZINC OXIDE: 10 mg in 1 g,21,"CASTOR OIL; CARNAUBA WAX; .ALPHA.-TOCOPHEROL, D-; RICE BRAN; ALMOND OIL; HELIANTHUS ANNUUS SEED WAX; JOJOBA OIL; TEA TREE OIL; SOYBEAN OIL; ROSEMARY; HELIANTHUS ANNUUS FLOWERING TOP; BEHENYL BEHENATE; COCONUT OIL; POLYHYDROXYSTEARIC ACID STEARATE; MEDIUM-CHAIN TRIGLYCERIDES; SUNFLOWER OIL; CANDELILLA WAX; SHEA BUTTER; AVOCADO OIL; KAKADU PLUM; OLIVE OIL",spl_xml,0316-2085-15,0316-2085-15,blue lizard,"Jan 14, 2026",3,https://dailymed.nlm.nih.gov/dailymed/drugInfo.cfm?setid=1bf8fb7e-9d5b-86d4-e063-6294a90afddc,
081484f8-58f5-f2a4-e063-6394a90a3379,B07MH4TDPZ,https://www.amazon.com/Coppertone-Hypoallergenic-Dermatologically-Botanicals-Protection/dp/B07MH4TDP,PRE_EXISTING,,Coppertone Pure,COPPERTONE,title_prefix,COPPERTONE PURE AND SIMPLE SUNSCREEN SPF 50,COPPERTONE PURE AND SIMPLE SUNSCREEN SPF 50 (ZINC OXIDE 24.08%) LOTION [BEIERSDORF INC],BEIERSDORF INC,sunscreen,lotion,TRUE,FALSE,FALSE,TRUE,1,ZINC OXIDE: 24.08 g in 100 g,21,"ETHYLHEXYL ISONONANOATE; CETYL PEG/PPG-10/1 DIMETHICONE (HLB 2); CYCLOMETHICONE 5; ETHYLHEXYL PELARGONATE; BIS-OCTYLDODECYL DIMER DILINOLEATE/PROPANEDIOL COPOLYMER; ETHYLHEXYL METHOXYCRYLENE; TRIETHOXYCAPRYLYLSILANE; SYNTHETIC BEESWAX; CAPRYLYL GLYCOL; 1,2-HEXANEDIOL; WATER; ISOPROPYL PALMITATE; BUTYLOCTYL SALICYLATE; DIPROPYLENE GLYCOL; TOCOPHEROL; HYDROXYACETOPHENONE; PEG-12 DIMETHICONE; POLYESTER-7; DIMETHICONE; SODIUM CHLORIDE; ALKYL (C12-15) BENZOATE",spl_xml,66800-2883-7,66800-2883-7,coppertone,"Jan 02, 2026",4,https://dailymed.nlm.nih.gov/dailymed/drugInfo.cfm?setid=081484f8-58f5-f2a4-e063-6394a90a3379,
b6861830-fdad-3829-e053-2a95a90a0971,B08NGKJB3P,https://www.amazon.com/Coppertone-Sport-Mineral-Sunscreen-Resistant/dp/B08NGKJB3P/ref=sr_1_1?dib=eyJ,PRE_EXISTING,,Coppertone,COPPERTONE SPORT,title_prefix,COPPERTONE SPORT MINERAL SUNSCREEN SPF 50 (ZINC OXIDE) AEROSOL,"COPPERTONE SPORT MINERAL SUNSCREEN SPF 50 (ZINC OXIDE) AEROSOL, SPRAY [BEIERSDORF INC]",BEIERSDORF INC,sunscreen,spray,TRUE,FALSE,FALSE,TRUE,1,ZINC OXIDE: 240.8 mg in 1 g,21,"ISOBUTANE; ETHYLHEXYL ISONONANOATE; TRIETHOXYCAPRYLYLSILANE; ALKYL (C12-15) BENZOATE; BIS-OCTYLDODECYL DIMER DILINOLEATE/PROPANEDIOL COPOLYMER; CAPRYLYL TRISILOXANE; 1,2-HEXANEDIOL; ISOPROPYL PALMITATE; BUTYLOCTYL SALICYLATE; HYDROXYACETOPHENONE; POLYESTER-7; PROPYLENE GLYCOL; CYCLOMETHICONE 5; DIMETHICONE 1000; CETYL DIMETHICONE 150; CAPRYLYL GLYCOL; CETYL PEG/PPG-10/1 DIMETHICONE (HLB 2); PEG-12 DIMETHICONE; ETHYLHEXYL METHOXYCRYLENE; SYNTHETIC BEESWAX; SODIUM CHLORIDE",spl_xml,66800-4724-5,66800-4724-5,coppertone,"Jan 02, 2026",5,https://dailymed.nlm.nih.gov/dailymed/drugInfo.cfm?setid=b6861830-fdad-3829-e053-2a95a90a0971,
d46359e7-b585-c43a-e053-2995a90a0863,B086CS8YX9,https://www.amazon.com/Coppertone-Simple-Stick-Sunscreen-Mineral/dp/B086CS8YX9/ref=sr_1_1?dib=eyJ2Ij,PRE_EXISTING,,Coppertone,COPPERTONE,title_prefix,COPPERTONE SUNSCREEN SPF 50,COPPERTONE SUNSCREEN SPF 50 (ZINC OXIDE 20%) STICK [BEIERSDORF INC],BEIERSDORF INC,sunscreen,stick,TRUE,FALSE,FALSE,TRUE,1,ZINC OXIDE: 20 g in 100 g,13,COCONUT OIL; BEHENYL BEHENATE; COCOA BUTTER; RICINUS COMMUNIS SEED; SUNFLOWER SEED; CANDELILLA WAX; POLYHYDROXYSTEARIC ACID (2300 MW); SQUALANE; SHEA BUTTER; JOJOBA OIL; CAPRYLIC/CAPRIC/LAURIC TRIGLYCERIDE; TOCOPHEROL; ALOE VERA LEAF,spl_xml,66800-4115-0,66800-4115-0; 66800-4115-1; 66800-4115-2,coppertone,"Jan 02, 2026",7,https://dailymed.nlm.nih.gov/dailymed/drugInfo.cfm?setid=d46359e7-b585-c43a-e053-2995a90a0863,
ec96dee8-85e8-3147-e053-2995a90aaf53,B07R4C9SKP,https://www.amazon.com/Bare-Republic-Mineral-vanilla-coco-sunscreen/dp/B07R4C9SKP/ref=sr_1_1?dib=eyJ,PRE_EXISTING,,Bare Republic,COOLA,title_prefix,BARE REPUBLIC SPF 50 MINERAL SUNSCREEN VANILLA COCO,"BARE REPUBLIC SPF 50 MINERAL SUNSCREEN VANILLA COCO (TITANIUM DIOXIDE, ZINC OXIDE) SPRAY [COOLA, LLC]","COOLA, LLC",sunscreen,spray,TRUE,TRUE,FALSE,TRUE,2,ZINC OXIDE: 15 g in 100 mL; TITANIUM DIOXIDE: 4.3 g in 100 mL,35,"PIPERONAL; OLIVE OIL; POLYESTER-8 (1400 MW, CYANODIPHENYLPROPENOYL CAPPED); WATER; TRIETHYL CITRATE; TOCOPHEROL; PROPANEDIOL; SODIUM GLUCONATE; SODIUM STEAROYL GLUTAMATE; CAPRYLHYDROXAMIC ACID; POLYSORBATE 20; ALOE VERA LEAF; CARROT SEED OIL; SUNFLOWER OIL; CETOSTEARYL ALCOHOL; ALCOHOL; VANILLIN; .GAMMA.-OCTALACTONE; GRAPE SEED OIL; BUTYLOCTYL SALICYLATE; ISOCETYL STEAROYL STEARATE; METHYL DIHYDROABIETATE; SILICON DIOXIDE; MICROCRYSTALLINE CELLULOSE; CARBOXYMETHYLCELLULOSE SODIUM, UNSPECIFIED FORM; ALUMINUM OXIDE; CITRIC ACID MONOHYDRATE; COCO GLUCOSIDE; 4-(P-HYDROXYPHENYL)-2-BUTANONE; MEDIUM-CHAIN TRIGLYCERIDES; .GAMMA.-NONALACTONE; ALLYL HEPTANOATE; BENTONITE; RASPBERRY SEED OIL; LEVOMENOL",spl_xml,79753-048-01,79753-048-01,bare republic,"May 24, 2024",3,https://dailymed.nlm.nih.gov/dailymed/drugInfo.cfm?setid=ec96dee8-85e8-3147-e053-2995a90aaf53,
eca9ae89-19dc-516d-e053-2995a90a4698,B07R5CLB5D,https://www.amazon.com/Bare-Republic-Mineral-Sunscreen-Natural/dp/B07R5CLB5D/ref=sr_1_1?dib=eyJ2Ijoi,PRE_EXISTING,,Bare Republic,COOLA,title_prefix,BARE REPUBLIC SPF 30 MINERAL SUNSCREEN COCO MANGO,"BARE REPUBLIC SPF 30 MINERAL SUNSCREEN COCO MANGO (ZINC OXIDE) SPRAY [COOLA, LLC]","COOLA, LLC",sunscreen,spray,TRUE,FALSE,FALSE,TRUE,1,ZINC OXIDE: 14 g in 100 mL,21,"WATER; TOCOPHEROL; HYDROGENATED JOJOBA OIL, RANDOMIZED; CAPRYLHYDROXAMIC ACID; POLYESTER-8 (1400 MW, CYANODIPHENYLPROPENOYL CAPPED); CARROT SEED OIL; CETOSTEARYL ALCOHOL; GRAPE SEED OIL; BUTYLOCTYL SALICYLATE; METHYL DIHYDROABIETATE; MICROCRYSTALLINE CELLULOSE; CARBOXYMETHYLCELLULOSE SODIUM, UNSPECIFIED FORM; BENTONITE; RASPBERRY SEED OIL; COCO GLUCOSIDE; SHEA BUTTER ETHYL ESTERS; GLYCERIN; C14-22 ALCOHOLS; OCTYLDODECYL OLEATE; CAPRYLYL GLYCOL; C12-20 ALKYL GLUCOSIDE",spl_xml,79753-050-01,79753-050-01,bare republic,"May 24, 2024",3,https://dailymed.nlm.nih.gov/dailymed/drugInfo.cfm?setid=eca9ae89-19dc-516d-e053-2995a90a4698,
05574910-ddf9-b138-e063-6394a90adc8c,B07HF7VMXZ,https://www.amazon.com/Roche-Posay-Anthelios-Mineral-Sunscreen-Gentle/dp/B07HF7VMXZ/ref=sr_1_1?dib=e,PRE_EXISTING,,Pml Nyc,PML NYC,cleaned_labeler,DAILY SUPERGOOP DOSE BIORETINOL MINERAL SPF 40,"DAILY SUPERGOOP DOSE BIORETINOL MINERAL SPF 40 (DAILY DOSE BIORETINOL MINERAL SPF 40) LOTION [PML NYC, LLC]","PML NYC, LLC",sunscreen,lotion,TRUE,FALSE,FALSE,TRUE,1,ZINC OXIDE: 16.5 g in 100 mL,27,TOCOPHEROL; PROPYLENE CARBONATE; PEG-6 SORBITAN OLEATE; SODIUM CHLORIDE; ETHYLHEXYLGLYCERIN; VITIS VINIFERA SEED; PROPANEDIOL; BAKUCHIOL; QUERCUS ROBUR TWIG BARK; CAMELLIA SINENSIS FLOWER; OLIVE OIL POLYGLYCERYL-6 ESTERS; VINYLPYRROLIDONE/HEXADECENE COPOLYMER; DISTEARDIMONIUM HECTORITE; POLYGLYCERYL-6 DIOLEATE; ISODODECANE; BUTYLOCTYL SALICYLATE; QUERCUS ROBUR WOOD; ISOHEXADECANE; DICAPRYLYL ETHER; POLYGLYCERYL-4 DIISOSTEARATE/POLYHYDROXYSTEARATE/SEBACATE; WATER; SILICON DIOXIDE; POLYHYDROXYSTEARIC ACID (2300 MW); GLYCERIN; TRISODIUM ETHYLENEDIAMINE DISUCCINATE; CARNOSINE; MEDIUM-CHAIN TRIGLYCERIDES,spl_xml,59735-614-01,59735-614-01; 59735-614-02,supergoop,"Apr 16, 2026",4,https://dailymed.nlm.nih.gov/dailymed/drugInfo.cfm?setid=05574910-ddf9-b138-e063-6394a90adc8c,
4fe1d3c6-7748-d966-e063-6394a90a97ff,,,Not yet launched ,,Johnsons Baby,JOHNSONS,title_prefix,JOHNSONS BABY MINERAL SUNSCREEN STICK SPF 50,JOHNSONS BABY MINERAL SUNSCREEN STICK SPF 50 (ZINC OXIDE) STICK [KENVUE BRANDS LLC],KENVUE BRANDS LLC,sunscreen,stick,TRUE,FALSE,FALSE,TRUE,1,ZINC OXIDE: 216 mg in 1 g,12,OCTYLDODECYL NEOPENTANOATE; ALKYL (C12-15) BENZOATE; PARAFFIN; SILICON DIOXIDE; NEOPENTYL GLYCOL DIETHYLHEXANOATE; ISOPROPYL MYRISTATE; ADIPIC ACID/DIGLYCOL CROSSPOLYMER (20000 MPA.S); TRIETHOXYCAPRYLYLSILANE; NEOPENTYL GLYCOL DIISOSTEARATE; CAPRYLYL GLYCOL; ALPHA-TOCOPHEROL ACETATE; COCOS NUCIFERA (COCONUT) OIL,spl_xml,69968-1002-1,69968-1002-1,baby,"Apr 30, 2026",1,https://dailymed.nlm.nih.gov/dailymed/drugInfo.cfm?setid=4fe1d3c6-7748-d966-e063-6394a90a97ff,
1cb7fbca-0874-ae53-e063-6294a90ab42a,,,,,Senmai,GUANGZHOU SENMAI BIOTECHNOLOGY,labeler_map,SUNSCREEN FOR BABY SPF50PLUS,"SUNSCREEN FOR BABY SPF50PLUS (OCTOCRYLENE,ETHYLHEXYL METHOXYCINNAMATE,TITANIUM DIOXIDE,ETHYLHEXYL SALICYLATE) LOTION [GUANGZHOU SENMAI BIOTECHNOLOGY CO., LTD.]","GUANGZHOU SENMAI BIOTECHNOLOGY CO., LTD.",sunscreen,lotion,FALSE,TRUE,TRUE,TRUE,4,OCTOCRYLENE: 3000 mg in 30 mL; TITANIUM DIOXIDE: 2400 mg in 30 mL; OCTINOXATE: 3000 mg in 30 mL; OCTISALATE: 1500 mg in 30 mL,24,"ISONONYL ISONONANOATE; DIMETHICONE; PHENYL TRIMETHICONE; PROPYLENE CARBONATE; WATER; TRICAPRILIN; CETYL PEG/PPG-10/1 DIMETHICONE (HLB 5); BUTYLENE GLYCOL; CYCLOMETHICONE 5; HYDROXYACETOPHENONE; BENTOQUATAM; 1,2-HEXANEDIOL; BUTYLATED HYDROXYTOLUENE; .ALPHA.-TOCOPHEROL; GLYCERIN; .ALPHA.-TOCOPHEROL ACETATE; ALUMINUM HYDROXIDE; DICAPRYLYL CARBONATE; AMINO ACIDS, CORN GLUTEN; MAGNESIUM SULFATE, UNSPECIFIED; STEARIC ACID; DISTEARDIMONIUM HECTORITE; FRAGRANCE 13576; MAGNESIUM STEARATE",spl_xml,84509-105-01,84509-105-01,baby,"Apr 03, 2026",7,https://dailymed.nlm.nih.gov/dailymed/drugInfo.cfm?setid=1cb7fbca-0874-ae53-e063-6294a90ab42a,
4fe04c4b-2751-0561-e063-6394a90af768,,,Not yet launched ,,Johnsons Baby,JOHNSONS,title_prefix,JOHNSONS BABY MINERAL SUNSCREEN SPF 30,"JOHNSONS BABY MINERAL SUNSCREEN SPF 30 (TITANIUM DIOXIDE, ZINC OXIDE) LOTION [KENVUE BRANDS LLC]",KENVUE BRANDS LLC,sunscreen,lotion,TRUE,TRUE,FALSE,TRUE,2,ZINC OXIDE: 187 mg in 1 mL; TITANIUM DIOXIDE: 65 mg in 1 mL,22,WATER; CETYL ALCOHOL; C12-15 ALKYL BENZOATE; EDETATE DISODIUM; ALPHA-TOCOPHEROL ACETATE; ETHYLHEXYLGLYCERIN; STEARETH-21; GLYCERIN; CALCIUM SODIUM BOROSILICATE; PEG-100 STEARATE; CHLORPHENESIN; ETHYLHEXYL METHOXYCRYLENE; ISOHEXADECANE; BEHENYL ALCOHOL; GLYCERYL STEARATE; STEARIC ACID; ALUMINUM HYDROXIDE; TRIETHOXYCAPRYLYLSILANE; EUPHORBIA CERIFERA (CANDELILLA) WAX; PHENOXYETHANOL; ALOE BARBADENSIS LEAF; XANTHAN GUM,spl_xml,69968-1001-3,69968-1001-3,baby,"Apr 30, 2026",1,https://dailymed.nlm.nih.gov/dailymed/drugInfo.cfm?setid=4fe04c4b-2751-0561-e063-6394a90af768,
9f12dee2-7afa-45e9-a729-0fd42bb77715,B01IAHY0U0,https://www.amazon.com/Caldesene-Baby-Cornstarch-Powder-Oxide/dp/B01IAHY0U0,Manual Search on 5/11,,Caldesene,INSIGHT PHARMACEUTICALS,title_prefix,CALDESENE BABY,"CALDESENE BABY (STARCH, CORN AND ZINC OXIDE) POWDER [INSIGHT PHARMACEUTICALS LLC]",INSIGHT PHARMACEUTICALS LLC,,powder,TRUE,FALSE,FALSE,TRUE,2,"STARCH, CORN: 115 g in 142 g; ZINC OXIDE: 21 g in 142 g",4,ALOE VERA LEAF; CHAMOMILE; KAOLIN; TRICALCIUM PHOSPHATE,spl_xml,63736-305-05,63736-305-05,baby,"Apr 22, 2026",6,https://dailymed.nlm.nih.gov/dailymed/drugInfo.cfm?setid=9f12dee2-7afa-45e9-a729-0fd42bb77715,
f09ba452-e1a6-4f45-901f-bb63d4f8e884,B08PSDLRLD,https://www.amazon.com/JAFRA-Delicate-Baby-Bottom-Balm/dp/B08PSDLRLD,Manual Search on 5/11,,Tender Moments,"DISTRIBUIDORA COMERCIAL JAFRA, S.A. DE C.V",title_prefix,TENDER MOMENTS DELICATE BABY DIAPER RASH BALM,"TENDER MOMENTS DELICATE BABY DIAPER RASH BALM (DIMETHICONE,ZINC OXIDE) CREAM [DISTRIBUIDORA COMERCIAL JAFRA, S.A. DE C.V.]","DISTRIBUIDORA COMERCIAL JAFRA, S.A. DE C.V.",diaper_cream,cream,TRUE,FALSE,FALSE,TRUE,2,DIMETHICONE: 2 g in 100 mL; ZINC OXIDE: 10 g in 100 mL,16,"WATER; PETROLATUM; ISOPROPYL PALMITATE; DIISOSTEAROYL POLYGLYCERYL-3 DIMER DILINOLEATE; ETHYLHEXYL STEARATE; CETYL DIMETHICONE 25; MAGNESIUM SULFATE, UNSPECIFIED FORM; WHITE WAX; SHEA BUTTER; PANTHENOL; BUTYLENE GLYCOL; OAT; SOYBEAN OIL; PHENOXYETHANOL; ETHYLHEXYLGLYCERIN; ALOE VERA LEAF",spl_xml,68828-700-01,68828-700-01,baby,"Mar 16, 2026",7,https://dailymed.nlm.nih.gov/dailymed/drugInfo.cfm?setid=f09ba452-e1a6-4f45-901f-bb63d4f8e884,
4b8f7a5a-2fc4-ea00-e063-6294a90ab95b,,,,,Kenvue,KENVUE,cleaned_labeler,GENTLE CARE KIT (ZINC OXIDE) KIT,GENTLE CARE KIT (ZINC OXIDE) KIT [KENVUE BRANDS LLC],KENVUE BRANDS LLC,,,TRUE,FALSE,FALSE,TRUE,2,ACETAMINOPHEN: 160 mg in 5 mL; ZINC OXIDE: 400 mg in 1 g,18,SORBITOL SOLUTION; ANHYDROUS CITRIC ACID; XANTHAN GUM; CARBOXYMETHYLCELLULOSE SODIUM; SUCROSE; WATER; MICROCRYSTALLINE CELLULOSE; SUCRALOSE; POTASSIUM SORBATE; GLYCERIN; PETROLATUM; LANOLIN; COD LIVER OIL; SORBITAN SESQUIOLEATE; ALPHA-TOCOPHEROL ACETATE; BEESWAX; PENTAERYTHRITYL TETRA-DI-T-BUTYL HYDROXYHYDROCINNAMATE; ZEA MAYS (CORN) STARCH,spl_xml,50580-599-03,50580-599-03; 69968-0848-2; 69968-0964-9,baby; infant; desitin,"Mar 02, 2026",1,https://dailymed.nlm.nih.gov/dailymed/drugInfo.cfm?setid=4b8f7a5a-2fc4-ea00-e063-6294a90ab95b,
04bec667-a11e-42d2-a4b3-1416eebf1e8d,,,,,Meijer,MEIJER,cleaned_labeler,BABY DIAPER RASH,"BABY DIAPER RASH (ZINC OXIDE) OINTMENT [MEIJER, INC.]","MEIJER, INC.",diaper_cream,ointment,TRUE,FALSE,FALSE,TRUE,1,ZINC OXIDE: 130 mg in 1 g,17,"WATER; MINERAL OIL; PETROLATUM; YELLOW WAX; DIMETHICONE; SORBITAN SESQUIOLEATE; MICROCRYSTALLINE WAX; PEG-30 DIPOLYHYDROXYSTEARATE; ALOE VERA LEAF; GLYCERIN; TROPOLONE; .ALPHA.-TOCOPHEROL ACETATE; 1,2-HEXANEDIOL; CAPRYLYL GLYCOL; MAGNESIUM SULFATE MONOHYDRATE; POTASSIUM HYDROXIDE; PHENOXYETHANOL",spl_xml,41250-226-26,41250-226-26,baby,"Feb 23, 2026",20,https://dailymed.nlm.nih.gov/dailymed/drugInfo.cfm?setid=04bec667-a11e-42d2-a4b3-1416eebf1e8d,
df60a70e-e6c0-41b3-e053-2995a90af176,,,,,Peer Pharm,PEER PHARM,cleaned_labeler,BOTAO BABY DIAPER RASH CREAM,BOTAO BABY DIAPER RASH CREAM (ZINC OXIDE) CREAM [PEER PHARM LTD.],PEER PHARM LTD.,diaper_cream,cream,TRUE,FALSE,FALSE,TRUE,1,ZINC OXIDE: 9 g in 71 g,18,HEXASODIUM PHYTATE; CAPRYLYL GLYCOL; ALGINIC ACID; ALOE; MICROCRYSTALLINE CELLULOSE; WATER; GLYCERYL STEARATE SE; CETYL ALCOHOL; CAPRYLHYDROXAMIC ACID; BUTYROSPERMUM PARKII (SHEA) BUTTER UNSAPONIFIABLES; RICINUS COMMUNIS SEED; CASTOR OIL; GLYCERIN; PROPANEDIOL 1-PHOSPHATE; CHAMOMILE; .BETA.-BISABOLOL; XANTHAN GUM; CALENDULA OFFICINALIS FLOWER,spl_xml,69435-1501-1,69435-1501-1; 69435-1501-2,baby,"Jan 13, 2026",3,https://dailymed.nlm.nih.gov/dailymed/drugInfo.cfm?setid=df60a70e-e6c0-41b3-e053-2995a90af176,
e1564df9-90cb-0b1f-e053-2a95a90acb5e,,,,,Peer Pharm,PEER PHARM,cleaned_labeler,BOTAO BABY MINERAL SUNSCREEN L,BOTAO BABY MINERAL SUNSCREEN L (ZINC OXIDE) LOTION [PEER PHARM LTD.],PEER PHARM LTD.,sunscreen,lotion,TRUE,FALSE,FALSE,TRUE,1,ZINC OXIDE: 17 g in 66 g,29,"TOCOPHEROL; CITRIC ACID ISOPROPYL ETHER; CETEARYL ETHYLHEXANOATE; HEXASODIUM PHYTATE; CALENDULA OFFICINALIS SEED OIL; TRIETHOXYCAPRYLYLSILANE; SHEA BUTTER; SILICA DIMETHYL SILYLATE; XANTHAN GUM; CAPRYLHYDROXAMIC ACID; DIPOTASSIUM GLUCOSE-6-PHOSPHATE; POLYHYDROXYSTEARIC ACID (2300 MW); CAPRYLYL GLYCOL; COCO-CAPRYLATE; SODIUM ACRYLATE/STYRENE SULFONATE COPOLYMER (11000 MW); ISOBUTANE; WATER; 1-(ETHYLTRISULFANYL)PROPANE; TRIOCTYLDODECYL CITRATE; ACRYLATES CROSSPOLYMER-4; CETEARYL OLIVATE; SORBITAN OLIVATE; CASTOR OIL; GLYCERIN; PROPANEDIOL 1-PHOSPHATE; CHAMOMILE; PANTHENOL; ALOE; 1,4-BUTANEDITHIOL",spl_xml,69435-1504-1,69435-1504-1,baby,"Jan 13, 2026",3,https://dailymed.nlm.nih.gov/dailymed/drugInfo.cfm?setid=e1564df9-90cb-0b1f-e053-2a95a90acb5e,
e39032d1-c8cd-4a41-af10-126970b8ad38,,,,,Davion,DAVION,cleaned_labeler,MEDICATED CORNSTARCH BABY POWDER,"MEDICATED CORNSTARCH BABY POWDER (ACTIVE CORN STARCH) POWDER [DAVION, INC.]","DAVION, INC.",,powder,TRUE,FALSE,FALSE,TRUE,3,"STARCH, CORN: 89.27 g in 113 g; ZINC OXIDE: 16.95 g in 113 g; KAOLIN: 4.52 g in 113 g",1,SILICON DIOXIDE,spl_xml,42669-231-04,42669-231-04,baby,"Dec 31, 2025",4,https://dailymed.nlm.nih.gov/dailymed/drugInfo.cfm?setid=e39032d1-c8cd-4a41-af10-126970b8ad38,
e4424d74-f89c-5943-42e8-bf3a38e68619,,,,,Baby Anti Monkey Butt,CLARION,title_prefix,BABY ANTI MONKEY BUTT DIAPER RASH,"BABY ANTI MONKEY BUTT DIAPER RASH (ZINC OXIDE, CALAMINE) CREAM [CLARION BRANDS, LLC]","CLARION BRANDS, LLC",diaper_cream,cream,TRUE,FALSE,FALSE,TRUE,2,ZINC OXIDE: 0.12 g in 1 g; FERRIC OXIDE RED: 0.02 g in 1 g,9,ALLANTOIN; CALENDULA OFFICINALIS SEED OIL; CASTOR OIL; MINERAL OIL; BALSAM PERU; PETROLATUM; CALENDULA OFFICINALIS FLOWER; GLYCERIN; WATER,spl_xml,69693-818-03,69693-818-03,baby,"Dec 25, 2025",5,https://dailymed.nlm.nih.gov/dailymed/drugInfo.cfm?setid=e4424d74-f89c-5943-42e8-bf3a38e68619,
452b9b7d-4049-b483-e063-6394a90a5358,,,,,Sun Zapper,VEGANIC SKN,labeler_map,BINDA BOTANICALS BABY AND KIDS SUNSCREEN SPF50,BINDA BOTANICALS BABY AND KIDS SUNSCREEN SPF50 (ZINC OXIDE SUNSCREEN) CREAM [VEGANIC SKN LIMITED],VEGANIC SKN LIMITED,sunscreen,cream,TRUE,FALSE,FALSE,TRUE,1,ZINC OXIDE: 25 kg in 100 kg,15,COCO-CAPRYLATE/CAPRATE; SODIUM CHLORIDE; POLYGLYCERYL-3 RICINOLEATE; XANTHAN GUM; FERRIC OXIDE RED; FERRIC OXIDE YELLOW; FERROSOFERRIC OXIDE; COCONUT ALKANES; HELIANTHUS ANNUUS (SUNFLOWER) SEED OIL; ALPHA-TOCOPHEROL ACETATE; WATER; POLYHYDROXYSTEARIC ACID (2300 MW); ISOSTEARIC ACID; CANDELILLA WAX; GLYCERYL STEARATE CITRATE,spl_xml,83252-142-21,83252-142-21; 83252-142-25,baby; kids,"Dec 05, 2025",1,https://dailymed.nlm.nih.gov/dailymed/drugInfo.cfm?setid=452b9b7d-4049-b483-e063-6394a90a5358,
43edc287-57e1-d96e-e063-6294a90ac5a1,,,,,Johnsons Baby,JOHNSONS,title_prefix,JOHNSONS BABY CARE ESSENTIALS GIFT SET (ZINC OXIDE) KIT,JOHNSONS BABY CARE ESSENTIALS GIFT SET (ZINC OXIDE) KIT [KENVUE BRANDS LLC],KENVUE BRANDS LLC,,,TRUE,FALSE,FALSE,TRUE,1,ZINC OXIDE: 400 mg in 1 g,9,"PENTAERYTHRITOL TETRAKIS(3-(3,5-DI-TERT-BUTYL-4-HYDROXYPHENYL)PROPIONATE); PETROLATUM; COD LIVER OIL; LANOLIN; ZEA MAYS (CORN) STARCH; GLYCERIN; SORBITAN SESQUIOLEATE; BEESWAX; ALPHA-TOCOPHEROL ACETATE",spl_xml,69968-0848-9,69968-0848-9; 69968-0953-9,baby; desitin,"Dec 02, 2025",1,https://dailymed.nlm.nih.gov/dailymed/drugInfo.cfm?setid=43edc287-57e1-d96e-e063-6294a90ac5a1,
44dd513e-ebaa-0d6a-e063-6394a90a78b7,,,,,Sun Zapper,VEGANIC SKN,labeler_map,REEFSAFE BABY AND TODDLERS SUNSCREEN SPF50,REEFSAFE BABY AND TODDLERS SUNSCREEN SPF50 (ZINC OXIDE SUNSCREEN) CREAM [VEGANIC SKN LIMITED],VEGANIC SKN LIMITED,sunscreen,cream,TRUE,FALSE,FALSE,TRUE,1,ZINC OXIDE: 25 kg in 100 kg,15,COCO-CAPRYLATE/CAPRATE; SODIUM CHLORIDE; POLYGLYCERYL-3 RICINOLEATE; XANTHAN GUM; FERRIC OXIDE RED; FERRIC OXIDE YELLOW; FERROSOFERRIC OXIDE; COCONUT ALKANES; HELIANTHUS ANNUUS (SUNFLOWER) SEED OIL; ALPHA-TOCOPHEROL ACETATE; WATER; POLYHYDROXYSTEARIC ACID (2300 MW); ISOSTEARIC ACID; CANDELILLA WAX; GLYCERYL STEARATE CITRATE,spl_xml,83252-136-25,83252-136-25,baby; toddler,"Dec 02, 2025",1,https://dailymed.nlm.nih.gov/dailymed/drugInfo.cfm?setid=44dd513e-ebaa-0d6a-e063-6394a90a78b7,
44ddc4d8-3f3b-5d11-e063-6294a90ae88a,,,,,Sun Zapper,VEGANIC SKN,labeler_map,SAFE4KIDZ BABY ZINC SUNSCREEN SPF50,SAFE4KIDZ BABY ZINC SUNSCREEN SPF50 (ZINC OXIDE SUNSCREEN) CREAM [VEGANIC SKN LIMITED],VEGANIC SKN LIMITED,sunscreen,cream,TRUE,FALSE,FALSE,TRUE,1,ZINC OXIDE: 25 kg in 100 kg,15,COCO-CAPRYLATE/CAPRATE; SODIUM CHLORIDE; POLYGLYCERYL-3 RICINOLEATE; XANTHAN GUM; FERRIC OXIDE RED; FERRIC OXIDE YELLOW; FERROSOFERRIC OXIDE; COCONUT ALKANES; HELIANTHUS ANNUUS (SUNFLOWER) SEED OIL; ALPHA-TOCOPHEROL ACETATE; WATER; POLYHYDROXYSTEARIC ACID (2300 MW); ISOSTEARIC ACID; CANDELILLA WAX; GLYCERYL STEARATE CITRATE,spl_xml,83252-140-25,83252-140-25,baby,"Dec 02, 2025",1,https://dailymed.nlm.nih.gov/dailymed/drugInfo.cfm?setid=44ddc4d8-3f3b-5d11-e063-6294a90ae88a,
16cc5178-e4c7-38eb-e063-6294a90a66de,,,,,Sun Zapper,VEGANIC SKN,labeler_map,AUSSIEZINC MINERAL SUNSCREEN SPF50 BABY,AUSSIEZINC MINERAL SUNSCREEN SPF50 BABY (ZINC OXIDE) CREAM [VEGANIC SKN LIMITED],VEGANIC SKN LIMITED,sunscreen,cream,TRUE,FALSE,FALSE,TRUE,1,ZINC OXIDE: 25 kg in 100 kg,17,COCO-CAPRYLATE/CAPRATE; GLYCERYL STEARATE CITRATE; SODIUM HINOKITIOL; WATER; POLYHYDROXYSTEARIC ACID (2300 MW); SODIUM CHLORIDE; FERRIC OXIDE RED; CANDELILLA WAX; ISOSTEARIC ACID; GLYCERIN; SUNFLOWER OIL; FERRIC OXIDE YELLOW; POLYGLYCERYL-3 RICINOLEATE; XANTHAN GUM; FERROSOFERRIC OXIDE; ALPHA-TOCOPHEROL ACETATE; COCONUT ALKANES,spl_xml,83252-056-00,83252-056-00; 83252-056-25,baby,"Nov 21, 2025",3,https://dailymed.nlm.nih.gov/dailymed/drugInfo.cfm?setid=16cc5178-e4c7-38eb-e063-6294a90a66de,
42f14aa6-5694-7727-e063-6294a90a09f3,,,,,Hello Bello,HELLO BELLO,labeler_map,BABY DIAPER RASH CREAM,BABY DIAPER RASH CREAM (ZINC OXIDE) CREAM [HELLO BELLO],HELLO BELLO,diaper_cream,cream,TRUE,FALSE,FALSE,TRUE,1,ZINC OXIDE: 400 mg in 1 g,8,CITRIC ACID; BEESWAX; JOJOBA OIL; SUNFLOWER OIL; CASTOR OIL; SHEA BUTTER; TOCOPHEROL; COCONUT OIL,spl_xml,73418-301-01,73418-301-01,baby,"Nov 18, 2025",1,https://dailymed.nlm.nih.gov/dailymed/drugInfo.cfm?setid=42f14aa6-5694-7727-e063-6294a90a09f3,
2dfa236f-128b-17bb-e063-6294a90aa29c,,,,,Veganicskn,VEGANICSKN,cleaned_labeler,KIDSBLISS BABY AND KIDS MINERAL SUNSCREEN SPF50,KIDSBLISS BABY AND KIDS MINERAL SUNSCREEN SPF50 (ZINC OXIDE) CREAM [VEGANICSKN],VEGANICSKN,sunscreen,cream,TRUE,FALSE,FALSE,TRUE,1,ZINC OXIDE: 25 kg in 100 kg,25,"SODIUM ASCORBATE; CALENDULA OFFICINALIS FLOWER; TOCOPHEROL; SIMMONDSIA CHINENSIS (JOJOBA) SEED OIL; XANTHAN GUM; CANDELILLA WAX; SODIUM HYALURONATE; POLYHYDROXYSTEARIC ACID (2300 MW); POTASSIUM CETYL PHOSPHATE; FERRIC OXIDE YELLOW; CITRUS PARADISI (GRAPEFRUIT) SEED OIL; CORIANDRUM SATIVUM (CORIANDER) SEED OIL; WATER; POLYGLYCERYL-3 RICINOLEATE; GLYCERIN; FERROSOFERRIC OXIDE; SODIUM CHLORIDE; HIPPOPHAE RHAMNOIDES SEED OIL; MALTODEXTRIN; .ALPHA.-BISABOLOL, (+/-)-; HELIANTHUS ANNUUS (SUNFLOWER) SEED OIL; ISOSTEARIC ACID; SODIUM HINOKITIOL; KAKADU PLUM; FERRIC OXIDE RED",spl_xml,83252-089-01,83252-089-01,baby; kids,"Nov 17, 2025",2,https://dailymed.nlm.nih.gov/dailymed/drugInfo.cfm?setid=2dfa236f-128b-17bb-e063-6294a90aa29c,
a289ed3c-3c7a-4eda-bf5e-139203d2e17e,,,,,Boudreauxs,C.B. FLEET,title_prefix,BOUDREAUXS BABY SHOWER BUNDLE (ZINC OXIDE) KIT,"BOUDREAUXS BABY SHOWER BUNDLE (ZINC OXIDE) KIT [C.B. FLEET COMPANY, INC.]","C.B. FLEET COMPANY, INC.",,,TRUE,FALSE,FALSE,TRUE,2,DIMETHICONE: 1 g in 113 g; ZINC OXIDE: 40 g in 113 g,8,BALSAM PERU; CASTOR OIL; MINERAL OIL; PARAFFIN; PETROLATUM; .ALPHA.-TOCOPHEROL ACETATE; GLYCERYL HYDROXYSTEARATE; HYDROGENATED CASTOR OIL,spl_xml,0132-0323-14,0132-0323-14; 0132-0323-22; 0132-0326-04; 0132-0327-01,baby; boudreauxs,"Nov 17, 2025",3,https://dailymed.nlm.nih.gov/dailymed/drugInfo.cfm?setid=a289ed3c-3c7a-4eda-bf5e-139203d2e17e,
3f838eb7-42a3-c96b-e063-6294a90a7491,,,,,Johnsons Baby,JOHNSONS,title_prefix,JOHNSONS BABY FIRST TOUCH GIFT SET (ZINC OXIDE) KIT,JOHNSONS BABY FIRST TOUCH GIFT SET (ZINC OXIDE) KIT [KENVUE BRANDS LLC],KENVUE BRANDS LLC,,,TRUE,FALSE,FALSE,TRUE,1,ZINC OXIDE: 400 mg in 1 g,9,"PENTAERYTHRITOL TETRAKIS(3-(3,5-DI-TERT-BUTYL-4-HYDROXYPHENYL)PROPIONATE); PETROLATUM; COD LIVER OIL; LANOLIN; ZEA MAYS (CORN) STARCH; GLYCERIN; SORBITAN SESQUIOLEATE; BEESWAX; .ALPHA.-TOCOPHEROL ACETATE",spl_xml,69968-0848-2,69968-0848-2; 69968-0947-9,baby; desitin,"Oct 02, 2025",1,https://dailymed.nlm.nih.gov/dailymed/drugInfo.cfm?setid=3f838eb7-42a3-c96b-e063-6294a90a7491,
42556876-74ea-38e6-e054-00144ff8d46c,,,,,Earth Baby,EARTH BABY,cleaned_labeler,EARTH BABY BROAD SPECTRUM SPF 30,"EARTH BABY BROAD SPECTRUM SPF 30 (SUNSCREEN) CREAM [EARTH BABY, INC.]","EARTH BABY, INC.",sunscreen,cream,TRUE,TRUE,FALSE,TRUE,2,ZINC OXIDE: 3 g in 100 g; TITANIUM DIOXIDE: 5 g in 100 g,23,"SHEA BUTTER; STEARIC ACID; HYALURONATE SODIUM; CETEARYL OLIVATE; SORBITAN OLIVATE; C20-22 ALKYL PHOSPHATE; GLYCERIN; ALOE; DICAPRYLYL CARBONATE; MANGIFERA INDICA WHOLE; TRISODIUM ETHYLENEDIAMINE DISUCCINATE; BUTYLENE GLYCOL; 1,2-HEXANEDIOL; CARTHAMUS TINCTORIUS (SAFFLOWER) OLEOSOMES; MATRICARIA CHAMOMILLA; ALUMINUM HYDROXIDE; LONICERA JAPONICA FLOWER; LONICERA CAPRIFOLIUM FLOWER; POLYGLYCERYL-3 POLYDIMETHYLSILOXYETHYL DIMETHICONE (4000 MPA.S); C20-22 ALCOHOLS; CAPRYLYL GLYCOL; OCTYLDODECYL NEOPENTANOATE; WATER",spl_xml,62588-907-02,62588-907-02,baby,"May 14, 2025",4,https://dailymed.nlm.nih.gov/dailymed/drugInfo.cfm?setid=42556876-74ea-38e6-e054-00144ff8d46c,
42c5cf9a-0a35-5681-e054-00144ff8d46c,,,,,Earth Baby,EARTH BABY,cleaned_labeler,EARTH BABY DIAPER RASH CREAM,"EARTH BABY DIAPER RASH CREAM (ZINC OXIDE) CREAM [EARTH BABY, INC]","EARTH BABY, INC",diaper_cream,cream,TRUE,FALSE,FALSE,TRUE,1,ZINC OXIDE: 40 g in 100 g,15,ALOE; CARTHAMUS TINCTORIUS (SAFFLOWER) OLEOSOMES; CARYODENDRON ORINOCENSE WHOLE; CUCURBITA PEPO WHOLE; GLYCERIN; LAVANDULA X INTERMEDIA WHOLE; LONICERA CAPRIFOLIUM WHOLE; OAT KERNEL OIL; HYALURONATE SODIUM; LONICERA JAPONICA FLOWER; SILICON DIOXIDE; JOJOBA OIL; .ALPHA.-TOCOPHEROL ACETATE; WATER; CANOLA OIL,spl_xml,62588-904-02,62588-904-02,baby,"May 07, 2025",5,https://dailymed.nlm.nih.gov/dailymed/drugInfo.cfm?setid=42c5cf9a-0a35-5681-e054-00144ff8d46c,
0427bbc9-f4c0-0eb6-e063-6294a90a7199,,,,,Renu,RENU,cleaned_labeler,BABY MANTRA DIAPER CREAM,"BABY MANTRA DIAPER CREAM (ZINC OXIDE 10%) OINTMENT [RENU LABORATORIES, LLC]","RENU LABORATORIES, LLC",diaper_cream,ointment,TRUE,FALSE,FALSE,TRUE,1,ZINC OXIDE: 10 g in 100 mL,8,"ALMOND OIL; .ALPHA.-TOCOPHEROL, D-; GLYCERIN; JOJOBA OIL; WHITE WAX; WATER; ROSEMARY; SUNFLOWER OIL",spl_xml,76348-825-34,76348-825-34,baby,"Apr 16, 2025",2,https://dailymed.nlm.nih.gov/dailymed/drugInfo.cfm?setid=0427bbc9-f4c0-0eb6-e063-6294a90a7199,
f214db72-bf4f-46d7-8ffc-6333185a69d5,,,,,Matys Healthy,MATYS HEALTHY,cleaned_labeler,MATYS BABY DIAPER RASH RELIEF,MATYS BABY DIAPER RASH RELIEF (ZINC OXIDE) OINTMENT [MATYS HEALTHY PRODUCTS LLC],MATYS HEALTHY PRODUCTS LLC,diaper_cream,ointment,TRUE,FALSE,FALSE,TRUE,1,ZINC OXIDE: 1 g in 100 g,9,OLIVE OIL; COCONUT OIL; CASTOR OIL; YELLOW WAX; JOJOBA OIL; CARNAUBA WAX; ALOE VERA LEAF; LAVENDER OIL; FRANKINCENSE OIL,spl_xml,72827-102-05,72827-102-05,baby,"Feb 07, 2025",3,https://dailymed.nlm.nih.gov/dailymed/drugInfo.cfm?setid=f214db72-bf4f-46d7-8ffc-6333185a69d5,
4bd417ba-3d24-46e3-a771-3183824f0219,,,,,Tekt Tone,TEKT TONE,cleaned_labeler,EARLY MOMMY BABY BUM BUTTA,EARLY MOMMY BABY BUM BUTTA (ZINC OXIDE) OINTMENT [TEKT TONE LABS LLC],TEKT TONE LABS LLC,skin_protectant,ointment,TRUE,FALSE,FALSE,TRUE,1,ZINC OXIDE: 140 mg in 1 mL,7,"YELLOW WAX; CHOLECALCIFEROL; GLYCERIN; LANOLIN; PETROLATUM; VITAMIN A PALMITATE; STARCH, CORN",spl_xml,81638-171-00,81638-171-00,baby,"Jan 30, 2025",3,https://dailymed.nlm.nih.gov/dailymed/drugInfo.cfm?setid=4bd417ba-3d24-46e3-a771-3183824f0219,
641465a1-0daf-1bb9-e053-2a91aa0ab25d,,,,,doTERRA,DOTERRA,labeler_map,BABY DIAPER RASH CREAM,"BABY DIAPER RASH CREAM (ZINC OXIDE) CREAM [DOTERRA INTERNATIONAL, LLC]","DOTERRA INTERNATIONAL, LLC",diaper_cream,cream,TRUE,FALSE,FALSE,TRUE,1,ZINC OXIDE: 25 g in 100 g,10,WATER; MEDIUM-CHAIN TRIGLYCERIDES; JOJOBA OIL; CARROT SEED OIL; YELLOW WAX; CAPRYLYL GLYCOL; LAVENDER OIL; TEA TREE OIL; CARTHAMUS TINCTORIUS (SAFFLOWER) OLEOSOMES; SHEA BUTTER,spl_xml,71630-549-60,71630-549-60,baby,"Jan 30, 2025",6,https://dailymed.nlm.nih.gov/dailymed/drugInfo.cfm?setid=641465a1-0daf-1bb9-e053-2a91aa0ab25d,
a4364c8d-8b74-130e-e053-2995a90ad1c1,,,,,Lg H&H,LG H&H,cleaned_labeler,BABIENCE KIDS SUNSCREEN PINKFONG BABY SHARK SPF 50,"BABIENCE KIDS SUNSCREEN PINKFONG BABY SHARK SPF 50 (ENSULIZOLE, OCTINOXATE, OCTISALATE, TITANIUM DIOXIDE, ZINC OXIDE) LOTION [LG H&H CO., LTD.]","LG H&H CO., LTD.",sunscreen,lotion,TRUE,TRUE,TRUE,TRUE,5,TITANIUM DIOXIDE: 2.285 g in 50 mL; ENSULIZOLE: 1.75 g in 50 mL; OCTINOXATE: 3.5 g in 50 mL; ZINC OXIDE: 5.825 g in 50 mL; OCTISALATE: 2.25 g in 50 mL,25,DICAPRYLYL CARBONATE; LAURYL PEG-9 POLYDIMETHYLSILOXYETHYL DIMETHICONE; DIMETHICONE; VINYL DIMETHICONE/METHICONE SILSESQUIOXANE CROSSPOLYMER; MENTHYL DL-PYRROLIDONECARBOXYLATE; TRIETHOXYCAPRYLYLSILANE; SODIUM BENZOATE; WATER; DIMETHICONE CROSSPOLYMER (450000 MPA.S AT 12% IN CYCLOPENTASILOXANE); DIMETHICONE/VINYL DIMETHICONE CROSSPOLYMER (HARD PARTICLE); ZINC STEARATE; SORBITAN SESQUIOLEATE; ALUMINUM HYDROXIDE; DISTEARYLDIMONIUM CHLORIDE; DIPROPYLENE GLYCOL; TROMETHAMINE; STEARIC ACID; HYDROGEN DIMETHICONE (13 CST); EDETATE TRISODIUM; SODIUM PYRROLIDONE CARBOXYLATE; GLYCERIN; PANTHENOL; GLYCERYL CAPRYLATE; HELIANTHUS ANNUUS SPROUT; ETHYLHEXYLGLYCERIN,spl_xml,53208-800-01,53208-800-01,baby; kids,"Jan 27, 2025",3,https://dailymed.nlm.nih.gov/dailymed/drugInfo.cfm?setid=a4364c8d-8b74-130e-e053-2995a90ad1c1,
1ac59efd-9efd-09d9-e063-6394a90a5e40,,,,,Johnsons Baby,JOHNSONS,title_prefix,JOHNSONS BABY CARE ESSENTIALS GIFT SET (ZINC OXIDE) KIT,JOHNSONS BABY CARE ESSENTIALS GIFT SET (ZINC OXIDE) KIT [KENVUE BRANDS LLC],KENVUE BRANDS LLC,,,TRUE,FALSE,FALSE,TRUE,1,ZINC OXIDE: 400 mg in 1 g,9,"PENTAERYTHRITOL TETRAKIS(3-(3,5-DI-TERT-BUTYL-4-HYDROXYPHENYL)PROPIONATE); PETROLATUM; COD LIVER OIL; LANOLIN; STARCH, CORN; GLYCERIN; SORBITAN SESQUIOLEATE; YELLOW WAX; .ALPHA.-TOCOPHEROL ACETATE",spl_xml,69968-0848-9,69968-0848-9; 69968-0894-9,baby; desitin,"Jan 24, 2025",3,https://dailymed.nlm.nih.gov/dailymed/drugInfo.cfm?setid=1ac59efd-9efd-09d9-e063-6394a90a5e40,
2c2337cf-4507-7232-e063-6294a90a79c3,,,,,Kenvue,JOHNSONS FIRST TOUCH,cleaned_labeler,JOHNSONS FIRST TOUCH BABY GIFT SET (ZINC OXIDE) KIT,JOHNSONS FIRST TOUCH BABY GIFT SET (ZINC OXIDE) KIT [KENVUE BRANDS LLC],KENVUE BRANDS LLC,,,TRUE,FALSE,FALSE,TRUE,1,ZINC OXIDE: 400 mg in 1 g,9,"PENTAERYTHRITOL TETRAKIS(3-(3,5-DI-TERT-BUTYL-4-HYDROXYPHENYL)PROPIONATE); PETROLATUM; COD LIVER OIL; LANOLIN; STARCH, CORN; GLYCERIN; SORBITAN SESQUIOLEATE; YELLOW WAX; .ALPHA.-TOCOPHEROL ACETATE",spl_xml,69968-0848-2,69968-0848-2; 69968-0906-9,baby; desitin,"Jan 24, 2025",1,https://dailymed.nlm.nih.gov/dailymed/drugInfo.cfm?setid=2c2337cf-4507-7232-e063-6294a90a79c3,
a1b1cdeb-e5fe-4ba1-8bb0-3c7a97dd93fe,,,,,Stream2Sea,STREAM2SEA,cleaned_labeler,BABY DONNA SHEER SPF SUNSCREEN STICK,"BABY DONNA SHEER SPF SUNSCREEN STICK (ZINC OXIDE) STICK [STREAM2SEA, LLC]","STREAM2SEA, LLC",sunscreen,stick,TRUE,FALSE,FALSE,TRUE,1,ZINC OXIDE: 19 g in 100 g,15,MEDIUM-CHAIN TRIGLYCERIDES; COCONUT ALKANES; POLYHYDROXYSTEARIC ACID STEARATE; COCOYL CAPRYLOCAPRATE; CARNAUBA WAX; ARACHIDYL ALCOHOL; DOCOSANOL; ARACHIDYL GLUCOSIDE; CANDELILLA WAX; MEADOWFOAM SEED OIL; TOCOPHEROL; CETOSTEARYL ALCOHOL; HYDROGENATED CASTOR OIL; GLYCERYL MONOCAPRYLATE; SHEA BUTTER,spl_xml,69555-044-01,69555-044-01,baby,"Jan 14, 2025",2,https://dailymed.nlm.nih.gov/dailymed/drugInfo.cfm?setid=a1b1cdeb-e5fe-4ba1-8bb0-3c7a97dd93fe,
d2fadd51-6bd8-ae70-e053-2995a90a6213,,,,,Fmg,FMG,cleaned_labeler,BABIENCE KIDS SUNSCREEN PINKFONG BABY SHARK SPF 50,"BABIENCE KIDS SUNSCREEN PINKFONG BABY SHARK SPF 50 (ENSULIZOLE, OCTINOXATE, OCTISALATE, TITANIUM DIOXIDE, ZINC OXIDE) LOTION [FMG CO.LTD]",FMG CO.LTD,sunscreen,lotion,TRUE,TRUE,TRUE,TRUE,5,TITANIUM DIOXIDE: 2.285 g in 50 mL; ENSULIZOLE: 1.75 g in 50 mL; OCTINOXATE: 3.5 g in 50 mL; ZINC OXIDE: 5.825 g in 50 mL; OCTISALATE: 2.25 g in 50 mL,25,DICAPRYLYL CARBONATE; LAURYL PEG-9 POLYDIMETHYLSILOXYETHYL DIMETHICONE; DIMETHICONE; VINYL DIMETHICONE/METHICONE SILSESQUIOXANE CROSSPOLYMER; MENTHYL DL-PYRROLIDONECARBOXYLATE; TRIETHOXYCAPRYLYLSILANE; SODIUM BENZOATE; WATER; DIMETHICONE CROSSPOLYMER (450000 MPA.S AT 12% IN CYCLOPENTASILOXANE); DIMETHICONE/VINYL DIMETHICONE CROSSPOLYMER (HARD PARTICLE); ZINC STEARATE; SORBITAN SESQUIOLEATE; ALUMINUM HYDROXIDE; DISTEARYLDIMONIUM CHLORIDE; DIPROPYLENE GLYCOL; TROMETHAMINE; STEARIC ACID; HYDROGEN DIMETHICONE (13 CST); EDETATE TRISODIUM; SODIUM PYRROLIDONE CARBOXYLATE; GLYCERIN; PANTHENOL; GLYCERYL CAPRYLATE; HELIANTHUS ANNUUS SPROUT; ETHYLHEXYLGLYCERIN,spl_xml,72330-800-01,72330-800-01,baby; kids,"Jan 03, 2025",3,https://dailymed.nlm.nih.gov/dailymed/drugInfo.cfm?setid=d2fadd51-6bd8-ae70-e053-2995a90a6213,
4b1b7294-aca6-45fa-a008-c1869131b2a3,,,,,Medtech,MEDTECH,cleaned_labeler,"LITTLE REMEDIES NEW BABY ESSENTIALS (ACETAMINOPHEN, SIMETHICONE, ZINC OXIDE) KIT","LITTLE REMEDIES NEW BABY ESSENTIALS (ACETAMINOPHEN, SIMETHICONE, ZINC OXIDE) KIT [MEDTECH PRODUCTS INC.]",MEDTECH PRODUCTS INC.,,,TRUE,FALSE,FALSE,TRUE,5,ACETAMINOPHEN: 160 mg in 5 mL; DIMETHICONE: 20 mg in 0.3 mL; GINGER: 5 mg in 5 mL; ZINC OXIDE: 16 g in 113 g; FENNEL: 4 mg in 5 mL,19,BENZOIC ACID; CARBOXYMETHYLCELLULOSE; GLYCERIN; MICROCRYSTALLINE CELLULOSE; SUCROSE; SODIUM BENZOATE; WATER; XANTHAN GUM; CARBOXYMETHYLCELLULOSE SODIUM; CITRIC ACID MONOHYDRATE; PROPYLENE GLYCOL; SUCRALOSE; CASTOR OIL; MINERAL OIL; PARAFFIN; BALSAM PERU; PETROLATUM; AGAVE TEQUILANA JUICE; POTASSIUM SORBATE,spl_xml,63029-615-01,63029-615-01,baby; infant; boudreauxs,"Dec 09, 2024",2,https://dailymed.nlm.nih.gov/dailymed/drugInfo.cfm?setid=4b1b7294-aca6-45fa-a008-c1869131b2a3,
da5469ea-3330-4f04-e053-2a95a90aff41,,,,,Kenvue,JOHNSONS FIRST TOUCH,cleaned_labeler,JOHNSONS FIRST TOUCH BABY GIFT SET (ZINC OXIDE) KIT,JOHNSONS FIRST TOUCH BABY GIFT SET (ZINC OXIDE) KIT [KENVUE BRANDS LLC],KENVUE BRANDS LLC,,,TRUE,FALSE,FALSE,TRUE,1,ZINC OXIDE: 130 mg in 1 g,17,"SORBITAN SESQUIOLEATE; GLYCERIN; ALPHA-TOCOPHEROL ACETATE; 1,2-HEXANEDIOL; CAPRYLYL GLYCOL; MAGNESIUM SULFATE, UNSPECIFIED; POTASSIUM HYDROXIDE; PHENOXYETHANOL; MINERAL OIL; YELLOW WAX; MICROCRYSTALLINE WAX; WATER; PETROLATUM; DIMETHICONE; PEG-30 DIPOLYHYDROXYSTEARATE; ALOE VERA LEAF; TROPOLONE",spl_xml,69968-0603-2,69968-0603-2; 69968-0739-9,baby; desitin,"Nov 27, 2024",5,https://dailymed.nlm.nih.gov/dailymed/drugInfo.cfm?setid=da5469ea-3330-4f04-e053-2a95a90aff41,
ed08b690-f907-6d2f-e053-2a95a90af51c,,,,,Johnsons Baby,JOHNSONS,title_prefix,JOHNSONS BABY CARE ESSENTIALS GIFT SET (ZINC OXIDE) KIT,JOHNSONS BABY CARE ESSENTIALS GIFT SET (ZINC OXIDE) KIT [KENVUE BRANDS LLC],KENVUE BRANDS LLC,,,TRUE,FALSE,FALSE,TRUE,1,ZINC OXIDE: 400 mg in 1 g,8,PETROLATUM; COD LIVER OIL; LANOLIN; TALC; GLYCERIN; SORBITAN SESQUIOLEATE; YELLOW WAX; .ALPHA.-TOCOPHEROL ACETATE,spl_xml,69968-0061-1,69968-0061-1; 69968-0789-9,baby; desitin,"Nov 27, 2024",3,https://dailymed.nlm.nih.gov/dailymed/drugInfo.cfm?setid=ed08b690-f907-6d2f-e053-2a95a90af51c,
afa1ba48-b504-4af0-a9c7-cd2c9a2e6e59,,,,,Johnsons Baby,JOHNSONS,title_prefix,JOHNSONS BABY CARE ESSENTIALS GIFT SET (ZINC OXIDE) KIT,JOHNSONS BABY CARE ESSENTIALS GIFT SET (ZINC OXIDE) KIT [KENVUE BRANDS LLC],KENVUE BRANDS LLC,,,TRUE,FALSE,FALSE,TRUE,1,ZINC OXIDE: 400 mg in 1 g,8,PETROLATUM; COD LIVER OIL; LANOLIN; TALC; GLYCERIN; SORBITAN SESQUIOLEATE; YELLOW WAX; .ALPHA.-TOCOPHEROL ACETATE,spl_xml,69968-0061-1,69968-0061-1; 69968-0713-9,baby; desitin,"Nov 15, 2024",4,https://dailymed.nlm.nih.gov/dailymed/drugInfo.cfm?setid=afa1ba48-b504-4af0-a9c7-cd2c9a2e6e59,
dab14650-50d2-4c56-ba7a-421f63dfe394,,,,,Arbonne,ARBONNE,cleaned_labeler,ABC ARBONNE BABY CARE SUNSCREEN BROAD SPECTRUM SPF 30 WATER-RESISTANT (40 MINUTES),"ABC ARBONNE BABY CARE SUNSCREEN BROAD SPECTRUM SPF 30 WATER-RESISTANT (40 MINUTES) (ZINC OXIDE) LOTION [ARBONNE INTERNATIONAL, LLC]","ARBONNE INTERNATIONAL, LLC",sunscreen,lotion,TRUE,FALSE,FALSE,TRUE,1,ZINC OXIDE: 144 mg in 1 mL,24,"WATER; ALKYL (C12-15) BENZOATE; MEDIUM-CHAIN TRIGLYCERIDES; COCO-CAPRYLATE; POLYGLYCERYL-2 DIPOLYHYDROXYSTEARATE; DICAPRYLYL CARBONATE; POLYGLYCERYL-4 ISOSTEARATE; CETYL DIMETHICONE 25; GLYCERIN; CARNAUBA WAX; CETYL ALCOHOL; CANDELILLA WAX; STARCH, TAPIOCA; CALENDULA OFFICINALIS FLOWER; CHAMOMILE; ALOE VERA LEAF; TRIETHOXYCAPRYLYLSILANE; .ALPHA.-TOCOPHEROL ACETATE; MAGNESIUM SULFATE, UNSPECIFIED FORM; SODIUM CHLORIDE; SILICA DIMETHYL SILYLATE; STEARIC ACID; CHLORPHENESIN; PHENOXYETHANOL",spl_xml,42508-332-02,42508-332-02,baby,"Nov 15, 2024",2,https://dailymed.nlm.nih.gov/dailymed/drugInfo.cfm?setid=dab14650-50d2-4c56-ba7a-421f63dfe394,
dd1d8198-bb9d-4508-a971-ae3bc624cdd1,,,,,Arbonne,ARBONNE,cleaned_labeler,ABC ARBONNE BABY CARE DIAPER RASH,"ABC ARBONNE BABY CARE DIAPER RASH (DIMETHICONE AND ZINC OXIDE) CREAM [ARBONNE INTERNATIONAL, LLC]","ARBONNE INTERNATIONAL, LLC",diaper_cream,cream,TRUE,FALSE,FALSE,TRUE,2,DIMETHICONE: 10 mg in 1 g; ZINC OXIDE: 120 mg in 1 g,20,"ALOE VERA LEAF; ARNICA MONTANA FLOWER; CALENDULA OFFICINALIS FLOWER; CHAMOMILE; CHLORPHENESIN; CARNAUBA WAX; DICAPRYLYL CARBONATE; DIISOPROPYL SEBACATE; DIPENTAERYTHRITYL TRI-POLYHYDROXYSTEARATE; GLYCERIN; GLYCERYL BEHENATE/EICOSADIOATE; SUNFLOWER OIL UNSAPONIFIABLES; MAGNESIUM SULFATE ANHYDROUS; PHENOXYETHANOL; POLYGLYCERYL-2 DIPOLYHYDROXYSTEARATE; POLYGLYCERYL-4 ISOSTEARATE; SODIUM CHLORIDE; SODIUM STEARATE; .ALPHA.-TOCOPHEROL, DL-; WATER",spl_xml,42508-331-03,42508-331-03,baby,"Nov 11, 2024",2,https://dailymed.nlm.nih.gov/dailymed/drugInfo.cfm?setid=dd1d8198-bb9d-4508-a971-ae3bc624cdd1,
35cbb9d5-639c-207a-e054-00144ff88e88,,,,,Olen Skin Care,OLEN SKIN CARE,cleaned_labeler,SUNBLOCZ BABY AND KIDS,SUNBLOCZ BABY AND KIDS (ZINC OXIDE) CREAM [OLEN SKIN CARE CORPORATION],OLEN SKIN CARE CORPORATION,,cream,TRUE,FALSE,FALSE,TRUE,1,ZINC OXIDE: 28.9 g in 118 mL,8,CANDELILLA WAX; SAFFLOWER OIL; YELLOW WAX; RICE BRAN; LAVENDER OIL; GRAPE SEED OIL; GREEN TEA LEAF; ROSEMARY OIL,spl_xml,52358-0003-1,52358-0003-1,baby; kids,"Oct 31, 2024",6,https://dailymed.nlm.nih.gov/dailymed/drugInfo.cfm?setid=35cbb9d5-639c-207a-e054-00144ff88e88,
f42a0b1e-038d-4fab-e053-2995a90a5364,,,,,Fruit Of The Earth,FRUIT OF THE EARTH,cleaned_labeler,FRUIT OF THE EARTH SUN TOWN CITY BABY AND KIDS MINERAL SPF 50 SUNSCREEN,"FRUIT OF THE EARTH SUN TOWN CITY BABY AND KIDS MINERAL SPF 50 SUNSCREEN (TITANIUM DIOXIDE, ZINC OXIDE) SPRAY [FRUIT OF THE EARTH, INC.]","FRUIT OF THE EARTH, INC.",sunscreen,spray,TRUE,TRUE,FALSE,TRUE,2,TITANIUM DIOXIDE: 35 mg in 1 g; ZINC OXIDE: 72.5 mg in 1 g,24,"CHLORPHENESIN; WATER; ISOHEXADECANE; SODIUM HYDROXIDE; CETYL ALCOHOL; ANHYDROUS CITRIC ACID; ALKYL (C12-15) BENZOATE; CETEARYL GLUCOSIDE; CETEARYL OLIVATE; SODIUM GLUCONATE; MEDIUM-CHAIN TRIGLYCERIDES; ISODODECANE; SORBITAN OLIVATE; COCO GLUCOSIDE; .ALPHA.-TOCOPHEROL, DL-; SAFFLOWER OIL; ALOE VERA LEAF; GLYCERIN; XANTHAN GUM; BUTYLOCTYL SALICYLATE; NEOPENTYL GLYCOL DIHEPTANOATE; JOJOBA OIL; SHEA BUTTER ETHYL ESTERS; ETHYLHEXYLGLYCERIN",spl_xml,62217-242-08,62217-242-08,baby; kids,"Oct 21, 2024",2,https://dailymed.nlm.nih.gov/dailymed/drugInfo.cfm?setid=f42a0b1e-038d-4fab-e053-2995a90a5364,
f71c9060-3daf-e1be-e053-6294a90a4f91,,,,,Topco Associates,TOPCO ASSOCIATES,cleaned_labeler,TOPCO TOPCARE EVERYDAY BABY PROTECTION SUN SPF 50,"TOPCO TOPCARE EVERYDAY BABY PROTECTION SUN SPF 50 (OCTISALATE, ZINC OXIDE) LOTION [TOPCO ASSOCIATES LLC]",TOPCO ASSOCIATES LLC,sunscreen,lotion,TRUE,FALSE,TRUE,TRUE,2,ZINC OXIDE: 145 mg in 1 mL; OCTISALATE: 50 mg in 1 mL,15,WATER; NEOPENTYL GLYCOL DIHEPTANOATE; CETYL PEG/PPG-10/1 DIMETHICONE (HLB 5); PROPYLENE GLYCOL; ALOE VERA LEAF; SODIUM CHLORIDE; CYCLOMETHICONE 4; ALKYL (C12-15) BENZOATE; CYCLOMETHICONE 5; BENZYL ALCOHOL; BENZOIC ACID; SORBIC ACID; TRIETHOXYCAPRYLYLSILANE; TRIDECYL SALICYLATE; ETHYLHEXYL PALMITATE,spl_xml,36800-347-11,36800-347-11,baby,"Oct 17, 2024",2,https://dailymed.nlm.nih.gov/dailymed/drugInfo.cfm?setid=f71c9060-3daf-e1be-e053-6294a90a4f91,
dbee6094-e105-6d14-e053-2995a90a1528,,,,,Walgreens,WALGREENS,labeler_map,WALGREENS 50 BABY MINERAL SUNSCREEN,WALGREENS 50 BABY MINERAL SUNSCREEN (ZINC OXIDE) LOTION [WALGREEN COMPANY],WALGREEN COMPANY,sunscreen,lotion,TRUE,FALSE,FALSE,TRUE,1,ZINC OXIDE: 216 mg in 1 mL,20,WATER; ALKYL (C12-15) BENZOATE; MEDIUM-CHAIN TRIGLYCERIDES; OCTYLDODECYL CITRATE CROSSPOLYMER; PHENYL TRIMETHICONE; CETYL PEG/PPG-10/1 DIMETHICONE (HLB 5); DIMETHICONE; POLYHYDROXYSTEARIC ACID (2300 MW); GLYCERIN; ETHYL METHICONE (8 MPA.S); CETYL DIMETHICONE 25; SILICON DIOXIDE; OATMEAL; GLYCERYL MONOBEHENATE; PHENYLETHYL ALCOHOL; CAPRYLYL GLYCOL; SODIUM CHLORIDE; PHENOXYETHANOL; CHLORPHENESIN; TANACETUM PARTHENIUM FLOWER,spl_xml,0363-0994-09,0363-0994-09,baby,"Oct 16, 2024",2,https://dailymed.nlm.nih.gov/dailymed/drugInfo.cfm?setid=dbee6094-e105-6d14-e053-2995a90a1528,
186a9642-cd73-adfb-e063-6394a90a75c7,,,,,Babo Botanicals,BABO BOTANICALS,title_prefix,BABO BOTANICALS SENSITIVE BABY FRAGRANCE FREE DIAPER RASH,"BABO BOTANICALS SENSITIVE BABY FRAGRANCE FREE DIAPER RASH (ZINC OXIDE) CREAM [BABO BOTANICALS, INC.]","BABO BOTANICALS, INC.",diaper_cream,cream,TRUE,FALSE,FALSE,TRUE,1,ZINC OXIDE: 250 mg in 1 g,11,"FILIPENDULA ULMARIA FLOWER; SHEA BUTTER; CHAMOMILE; NASTURTIUM OFFICINALE FLOWERING TOP; COCOA BUTTER; CALENDULA OFFICINALIS FLOWER; LECITHIN, SUNFLOWER; ROSEMARY; COCONUT OIL; SUNFLOWER OIL; CANDELILLA WAX",spl_xml,79265-8580-1,79265-8580-1,baby; babo botanicals,"Jun 03, 2024",1,https://dailymed.nlm.nih.gov/dailymed/drugInfo.cfm?setid=186a9642-cd73-adfb-e063-6394a90a75c7,
f2aa0e03-e8b6-42d0-8fa0-2e96ca486b5c,,,,,Brickell,BRICKELL,cleaned_labeler,TIGER BABY BABY SUNSCREEN SPF-50,TIGER BABY BABY SUNSCREEN SPF-50 (ZINC OXIDE) CREAM [BRICKELL BRANDS LLC],BRICKELL BRANDS LLC,sunscreen,cream,TRUE,FALSE,FALSE,TRUE,1,ZINC OXIDE: 200 mg in 1 mL,26,"ALOE VERA LEAF; WATER; BUTYLOCTYL SALICYLATE; SHEA BUTTER; GREEN TEA LEAF; MEDIUM-CHAIN TRIGLYCERIDES; CAPRYLYL/CAPRYL OLIGOGLUCOSIDE; CETEARYL OLIVATE; WATERMELON; COCONUT OIL; CARROT; GLUCONOLACTONE; GLYCERIN; GLYCERYL MONOSTEARATE; HELIANTHUS ANNUUS FLOWERING TOP; HYALURONIC ACID; HYDROXYETHYL CELLULOSE, UNSPECIFIED; OLIVE OIL; AVOCADO OIL; SODIUM BENZOATE; SORBITAN OLIVATE; STEARIC ACID; TOCOPHEROL; .ALPHA.-TOCOPHEROL; XANTHAN GUM; CORN",spl_xml,82247-278-00,82247-278-00; 82247-278-01,baby,"Nov 13, 2023",2,https://dailymed.nlm.nih.gov/dailymed/drugInfo.cfm?setid=f2aa0e03-e8b6-42d0-8fa0-2e96ca486b5c,
ac66ad82-a01f-4e44-92a7-b5ab5bd30922,,,,,Windmill Health,WINDMILL HEALTH,cleaned_labeler,KISS MY FACE SPF-50 BABY MINERAL SUNSCREEN,KISS MY FACE SPF-50 BABY MINERAL SUNSCREEN (ZINC OXIDE) CREAM [WINDMILL HEALTH PRODUCTS LLC],WINDMILL HEALTH PRODUCTS LLC,sunscreen,cream,TRUE,FALSE,FALSE,TRUE,1,ZINC OXIDE: 120 mg in 1 mL,24,"ALOE VERA LEAF; WATER; ASCORBIC ACID; BENZYL ALCOHOL; SHEA BUTTER; MEDIUM-CHAIN TRIGLYCERIDES; CETOSTEARYL ALCOHOL; COCONUT OIL; CALENDULA OFFICINALIS FLOWER; GREEN TEA LEAF; CITRIC ACID MONOHYDRATE; CARROT; DECYL GLUCOSIDE; DEHYDROACETIC ACID; FUCUS VESICULOSUS; GLYCERIN; GLYCERYL MONOSTEARATE; HELIANTHUS ANNUUS FLOWERING TOP; HYDROXYETHYL CELLULOSE, UNSPECIFIED; AVOCADO OIL; JOJOBA OIL; .ALPHA.-TOCOPHEROL ACETATE; TRIDECYL SALICYLATE; XANTHAN GUM",spl_xml,74154-317-00,74154-317-00,baby,"Nov 13, 2023",2,https://dailymed.nlm.nih.gov/dailymed/drugInfo.cfm?setid=ac66ad82-a01f-4e44-92a7-b5ab5bd30922,
d66e369e-9b19-b084-e053-2995a90aa259,,,,,Babo Botanicals,BABO BOTANICALS,title_prefix,BABO BOTANICALS SENSITIVE BABY FRAGRANCE FREE DIAPER RASH,"BABO BOTANICALS SENSITIVE BABY FRAGRANCE FREE DIAPER RASH (ZINC OXIDE) SPRAY [BABO BOTANICALS, INC.]","BABO BOTANICALS, INC.",diaper_cream,spray,TRUE,FALSE,FALSE,TRUE,1,ZINC OXIDE: 206 mg in 1 mL,22,"CELLULOSE, MICROCRYSTALLINE; ALOE VERA LEAF; OLIVE OIL; CASTOR OIL; GLYCERIN; CAPRYLHYDROXAMIC ACID; PROPANEDIOL; GLYCERYL ROSINATE; BENTONITE; NASTURTIUM OFFICINALE FLOWERING TOP; CALENDULA OFFICINALIS FLOWER; CETOSTEARYL ALCOHOL; CHAMOMILE; SHEA BUTTER; SUNFLOWER OIL; FILIPENDULA ULMARIA FLOWER; CAPRYLYL GLYCOL; OLEA EUROPAEA (OLIVE) OIL UNSAPONIFIABLES; CARBOXYMETHYLCELLULOSE SODIUM, UNSPECIFIED; WATER; GLYCERYL OLEATE; COCO GLUCOSIDE",spl_xml,79265-8576-1,79265-8576-1,baby; babo botanicals,"Oct 24, 2023",4,https://dailymed.nlm.nih.gov/dailymed/drugInfo.cfm?setid=d66e369e-9b19-b084-e053-2995a90aa259,
5ae9d3a9-bef4-45fb-ac71-7ee0be72856c,,,,,Ziva Wetwipes Fzco,ZIVA WETWIPES FZCO,cleaned_labeler,ZIVA BABY WIPES (ZINC OXIDE) CLOTH,ZIVA BABY WIPES (ZINC OXIDE) CLOTH [ZIVA WETWIPES FZCO],ZIVA WETWIPES FZCO,,,TRUE,FALSE,FALSE,TRUE,1,ZINC OXIDE: 0.1 g in 100 mL,14,PENTYLENE GLYCOL; WATER; GLYCERYL CAPRYLATE/CAPRATE; ALOE VERA LEAF; PROPYLENE GLYCOL; HYDROGENATED CASTOR OIL; CHAMOMILE; SODIUM COCOAMPHOACETATE; .ALPHA.-TOCOPHEROL ACETATE; CITRIC ACID MONOHYDRATE; DISODIUM COCOAMPHODIACETATE; COCAMIDOPROPYL BETAINE; METHYL GLUCOSE DIOLEATE; EDETATE DISODIUM,spl_xml,81450-005-01,81450-005-01,baby,"Oct 12, 2023",4,https://dailymed.nlm.nih.gov/dailymed/drugInfo.cfm?setid=5ae9d3a9-bef4-45fb-ac71-7ee0be72856c,
e6be6b62-13a4-410d-b8ac-457b58fd23da,,,,,Olen Skin Care,OLEN SKIN CARE,cleaned_labeler,BABY BUTZ,BABY BUTZ (ZINC OXIDE) CREAM [OLEN SKIN CARE CORPORATION],OLEN SKIN CARE CORPORATION,,cream,TRUE,FALSE,FALSE,TRUE,1,ZINC OXIDE: 17.1 g in 57 g,3,"STARCH, CORN; LANOLIN; PETROLATUM",spl_xml,52358-0001-1,52358-0001-1; 52358-0001-2; 52358-0001-3,baby,"Oct 11, 2023",6,https://dailymed.nlm.nih.gov/dailymed/drugInfo.cfm?setid=e6be6b62-13a4-410d-b8ac-457b58fd23da,
af6b7f9f-9ca5-4c59-be78-d68286451ac3,,,,,Babydonna,BABYDONNA,cleaned_labeler,BABY DONNA SHEER SPF SUNSCREEN STICK,BABY DONNA SHEER SPF SUNSCREEN STICK (ZINC OXIDE) STICK [BABYDONNA LLC],BABYDONNA LLC,sunscreen,stick,TRUE,FALSE,FALSE,TRUE,1,ZINC OXIDE: 19 g in 100 g,15,MEDIUM-CHAIN TRIGLYCERIDES; COCONUT ALKANES; POLYHYDROXYSTEARIC ACID STEARATE; COCOYL CAPRYLOCAPRATE; CARNAUBA WAX; ARACHIDYL ALCOHOL; DOCOSANOL; ARACHIDYL GLUCOSIDE; CANDELILLA WAX; MEADOWFOAM SEED OIL; TOCOPHEROL; CETOSTEARYL ALCOHOL; HYDROGENATED CASTOR OIL; GLYCERYL MONOCAPRYLATE; SHEA BUTTER,spl_xml,83265-001-01,83265-001-01,baby,"Mar 01, 2023",1,https://dailymed.nlm.nih.gov/dailymed/drugInfo.cfm?setid=af6b7f9f-9ca5-4c59-be78-d68286451ac3,
527f206f-9361-1ade-e054-00144ff8d46c,,,,,Badger,W.S. BADGER,title_prefix,BADGER ESSENTIAL BABY SET (ZINC OXIDE) KIT,"BADGER ESSENTIAL BABY SET (ZINC OXIDE) KIT [W.S. BADGER COMPANY, INC.]","W.S. BADGER COMPANY, INC.",,,TRUE,FALSE,FALSE,TRUE,1,ZINC OXIDE: 10 g in 100 mL,5,SUNFLOWER OIL; TOCOPHEROL; HIPPOPHAE RHAMNOIDES FRUIT; CALENDULA OFFICINALIS FLOWER; YELLOW WAX,spl_xml,62206-2850-1,62206-2850-1; 62206-3360-1,baby,"Dec 20, 2022",5,https://dailymed.nlm.nih.gov/dailymed/drugInfo.cfm?setid=527f206f-9361-1ade-e054-00144ff8d46c,
c46d5dfe-259a-1699-e053-2a95a90aba06,,,,,Baby Bum,SUN BUM,title_prefix,BABY BUM DIAPER RASH,BABY BUM DIAPER RASH (ZINC OXIDE) CREAM [SUN BUM LLC],SUN BUM LLC,diaper_cream,cream,TRUE,FALSE,FALSE,TRUE,1,ZINC OXIDE: 160 mg in 1 g,11,CASTOR OIL; HYDROGENATED CASTOR OIL; COCONUT OIL; YELLOW WAX; SHEA BUTTER; JOJOBA OIL; COCOA BUTTER; AVOCADO OIL; ALOE VERA LEAF; GARDENIA TAITENSIS FLOWER; TOCOPHEROL,spl_xml,69039-638-02,69039-638-02,baby,"Feb 07, 2022",2,https://dailymed.nlm.nih.gov/dailymed/drugInfo.cfm?setid=c46d5dfe-259a-1699-e053-2a95a90aba06,
b3199cf4-eb90-68c2-e053-2a95a90a8a29,,,,,Astivita,ASTIVITA,cleaned_labeler,ZINC FIVE-O ZINXATION BABY MINERAL SUNSCREEN SPF-50,ZINC FIVE-O ZINXATION BABY MINERAL SUNSCREEN SPF-50 (ZINC OXIDE) LOTION [ASTIVITA LIMITED],ASTIVITA LIMITED,sunscreen,lotion,TRUE,FALSE,FALSE,TRUE,1,ZINC OXIDE: 25 g in 120 g,19,WATER; COCO-CAPRYLATE/CAPRATE; GLYCERIN; COCONUT ALKANES; JOJOBA OIL; POLYGLYCERYL-3 RICINOLEATE; YELLOW WAX; ISOSTEARIC ACID; POLYHYDROXYSTEARIC ACID (2300 MW); MALTODEXTRIN; ALOE VERA LEAF; PHENYLPROPANOL; PROPANEDIOL; CAPRYLYL GLYCOL; TOCOPHEROL; ETHYLHEXYLGLYCERIN; CETYL PHOSPHATE; SODIUM CHLORIDE; EDETATE DISODIUM,spl_xml,80982-005-37,80982-005-37,baby,"Jan 31, 2022",7,https://dailymed.nlm.nih.gov/dailymed/drugInfo.cfm?setid=b3199cf4-eb90-68c2-e053-2a95a90a8a29,
d4c7731e-c2bc-5a69-e053-2995a90ab23a,,,,,Private Label,THINK,labeler_map,THINK BABY SPF 30,THINK BABY SPF 30 (SUNSCREEN) STICK [PRIVATE LABEL SELECT LTD CO],PRIVATE LABEL SELECT LTD CO,sunscreen,stick,TRUE,FALSE,FALSE,TRUE,1,ZINC OXIDE: 20 g in 100 g,13,".DELTA.-TOCOPHEROL; WHITE WAX; SHEA BUTTER; SUNFLOWER OIL; CARNAUBA WAX; .ALPHA.-TOCOPHEROL, D-; .BETA.-TOCOPHEROL; COCONUT OIL; COCOA BUTTER; CANDELILLA WAX; ALOE VERA LEAF; .GAMMA.-TOCOPHEROL; CASTOR OIL",spl_xml,62932-264-19,62932-264-19,baby,"Jan 05, 2022",1,https://dailymed.nlm.nih.gov/dailymed/drugInfo.cfm?setid=d4c7731e-c2bc-5a69-e053-2995a90ab23a,
d46630e9-a85d-6eaa-e053-2a95a90a1023,,,,,Private Label,PRIVATE LABEL SELECT,labeler_map,"BABY MINERAL SUNSCREEN, SPF 30","BABY MINERAL SUNSCREEN, SPF 30 (SUNSCREEN) OINTMENT [PRIVATE LABEL SELECT LTD CO]",PRIVATE LABEL SELECT LTD CO,sunscreen,ointment,TRUE,FALSE,FALSE,TRUE,1,ZINC OXIDE: 25 g in 100 g,12,"WHITE WAX; .ALPHA.-TOCOPHEROL, D-; .BETA.-TOCOPHEROL; .DELTA.-TOCOPHEROL; SUNFLOWER OIL; COCONUT OIL; RASPBERRY SEED OIL; .GAMMA.-TOCOPHEROL; CASTOR OIL; ROSA CANINA SEED OIL; SHEA BUTTER; APRICOT KERNEL OIL",spl_xml,62932-259-46,62932-259-46,baby,"Jan 03, 2022",1,https://dailymed.nlm.nih.gov/dailymed/drugInfo.cfm?setid=d46630e9-a85d-6eaa-e053-2a95a90a1023,
d475423c-c0cb-4778-e053-2995a90a72ee,,,,,Private Label,PRIVATE LABEL SELECT,labeler_map,BABY FACE STICK MINERAL SUNSCREEN SPF 40,BABY FACE STICK MINERAL SUNSCREEN SPF 40 (SUNSCREEN) STICK [PRIVATE LABEL SELECT LTD CO],PRIVATE LABEL SELECT LTD CO,sunscreen,stick,TRUE,FALSE,FALSE,TRUE,1,ZINC OXIDE: 22 g in 100 g,13,"WHITE WAX; CANDELILLA WAX; CARNAUBA WAX; SUNFLOWER OIL; ALOE VERA LEAF; CALENDULA OFFICINALIS FLOWER; SHEA BUTTER; COCOA BUTTER; COCONUT OIL; .BETA.-TOCOPHEROL; .GAMMA.-TOCOPHEROL; .ALPHA.-TOCOPHEROL, D-; .DELTA.-TOCOPHEROL",spl_xml,62932-261-36,62932-261-36,baby,"Jan 03, 2022",1,https://dailymed.nlm.nih.gov/dailymed/drugInfo.cfm?setid=d475423c-c0cb-4778-e053-2995a90a72ee,
93ef5b1b-e4f4-4c86-a395-c19861866c3e,,,,,Babyganics,BABYGANICS,labeler_map,"OUTDOOR ESSENTIALS (ZINC OXIDE, OCTOCRYLENE, AND OCTISALATE) KIT","OUTDOOR ESSENTIALS (ZINC OXIDE, OCTOCRYLENE, AND OCTISALATE) KIT [KAS DIRECT LLC DBA BABYGANICS]",KAS DIRECT LLC DBA BABYGANICS,,,TRUE,FALSE,TRUE,TRUE,3,ZINC OXIDE: 112 mg in 1 mL; OCTISALATE: 50 mg in 1 mL; OCTOCRYLENE: 60 mg in 1 mL,24,"WATER; MEDIUM-CHAIN TRIGLYCERIDES; GLYCERIN; BUTYLOCTYL SALICYLATE; STEARYL/OCTYLDODECYL CITRATE CROSSPOLYMER; GLYCERYL MONOSTEARATE; POLYGLYCERYL-6 POLYRICINOLEATE; POLYSORBATE 80; PHENYLETHYL ALCOHOL; GLYCERYL MONOCAPRYLATE; LAPONITE; XANTHAN GUM; HYDROXYETHYL ACRYLATE/SODIUM ACRYLOYLDIMETHYL TAURATE COPOLYMER (100000 MPA.S AT 1.5%); CITRIC ACID MONOHYDRATE; SQUALANE; TOMATO SEED OIL; SUNFLOWER OIL; LECITHIN, SOYBEAN; POLYSORBATE 60; ALOE VERA LEAF; CRANBERRY SEED OIL; RASPBERRY SEED OIL; NIGELLA SATIVA SEED OIL; SORBITAN ISOSTEARATE",spl_xml,59062-0120-6,59062-0120-6; 59062-5400-1,baby,"Oct 25, 2021",2,https://dailymed.nlm.nih.gov/dailymed/drugInfo.cfm?setid=93ef5b1b-e4f4-4c86-a395-c19861866c3e,
b8bc92f1-8524-32db-e053-2a95a90a1f46,,,,,American Consumer,AMERICAN CONSUMER,cleaned_labeler,BABYS BUTT AID,BABYS BUTT AID (ZINC OXIDE) OINTMENT [AMERICAN CONSUMER PRODUCTS CORP],AMERICAN CONSUMER PRODUCTS CORP,skin_protectant,ointment,TRUE,FALSE,FALSE,TRUE,1,ZINC OXIDE: 16 g in 100 g,6,"PENTAERYTHRITYL TETRASTEARATE; MINERAL OIL; MICROCRYSTALLINE WAX; PETROLATUM; HYDROXYETHYL CELLULOSE, UNSPECIFIED; PROPYLPARABEN",spl_xml,72197-039-02,72197-039-02,baby,"Mar 12, 2021",2,https://dailymed.nlm.nih.gov/dailymed/drugInfo.cfm?setid=b8bc92f1-8524-32db-e053-2a95a90a1f46,
b6e209c8-09be-eac2-e053-2a95a90a4751,,,,,Anicare Pharmaceuticals,ANICARE PHARMACEUTICALS,cleaned_labeler,MY FAIR BABY DIAPER RASH,MY FAIR BABY DIAPER RASH (ZINC OXIDE) CREAM [ANICARE PHARMACEUTICALS PVT. LTD.],ANICARE PHARMACEUTICALS PVT. LTD.,diaper_cream,cream,TRUE,FALSE,FALSE,TRUE,1,ZINC OXIDE: 13 g in 100 g,14,WATER; MINERAL OIL; PETROLATUM; CETYL ALCOHOL; CETEARETH-25; GLYCERYL MONOSTEARATE; WHITE WAX; MICROCRYSTALLINE WAX; DIMETHICONE; ALOE VERA LEAF; METHYLPARABEN; PROPYLPARABEN; METHYLCHLOROISOTHIAZOLINONE; METHYLISOTHIAZOLINONE,spl_xml,47046-179-01,47046-179-01; 47046-179-02,baby,"Dec 21, 2020",1,https://dailymed.nlm.nih.gov/dailymed/drugInfo.cfm?setid=b6e209c8-09be-eac2-e053-2a95a90a4751,
9c91c64a-7218-44f6-9d3b-188b392835c7,,,,,Personal Care,PERSONAL CARE,cleaned_labeler,BABY LOVE DIAPER RASH,"BABY LOVE DIAPER RASH (ZINC OXIDE) CREAM [PERSONAL CARE PRODUCTS, INC.]","PERSONAL CARE PRODUCTS, INC.",diaper_cream,cream,TRUE,FALSE,FALSE,TRUE,1,ZINC OXIDE: 16.51 g in 127 g,15,"METHYLPARABEN; POTASSIUM HYDROXIDE; PROPYLPARABEN; .ALPHA.-TOCOPHEROL ACETATE; ALOE VERA LEAF; WATER; MINERAL OIL; PETROLATUM; YELLOW WAX; DIMETHICONE; SORBITAN SESQUIOLEATE; MICROCRYSTALLINE WAX; PEG-30 DIPOLYHYDROXYSTEARATE; MAGNESIUM SULFATE, UNSPECIFIED FORM; PHENOXYETHANOL",spl_xml,29500-1497-1,29500-1497-1,baby,"Aug 17, 2020",2,https://dailymed.nlm.nih.gov/dailymed/drugInfo.cfm?setid=9c91c64a-7218-44f6-9d3b-188b392835c7,
9f0b7197-1572-ed2d-e053-2a95a90a96fe,,,,,Deserving Health,DESERVING HEALTH,cleaned_labeler,BABY SPECIALTY CREAM,BABY SPECIALTY CREAM (ZINC OXIDE) CREAM [DESERVING HEALTH],DESERVING HEALTH,,cream,TRUE,FALSE,FALSE,TRUE,1,ZINC OXIDE: 0.75 g in 60 mL,10,YELLOW WAX; CITRUS PARADISI SEED; CARROT SEED OIL; ALPHA-TOCOPHEROL; WATER; CALENDULA OFFICINALIS FLOWER; CHAMOMILE; EVENING PRIMROSE OIL; ROSA CANINA FRUIT OIL; GLYCERIN,spl_xml,69711-900-01,69711-900-01,baby,"Feb 24, 2020",1,https://dailymed.nlm.nih.gov/dailymed/drugInfo.cfm?setid=9f0b7197-1572-ed2d-e053-2a95a90a96fe,
8b3a3b17-67dd-7a13-e053-2995a90a099c,,,,,Vitabath,VITABATH,cleaned_labeler,VITABATH BABY SOOTHING RELIEF DIAPER RASH,VITABATH BABY SOOTHING RELIEF DIAPER RASH (ZINC OXIDE) CREAM [VITABATH INC.],VITABATH INC.,diaper_cream,cream,TRUE,FALSE,FALSE,TRUE,1,ZINC OXIDE: 14 g in 100 g,12,TAMANU OIL; GRAPE SEED OIL; SUNFLOWER OIL; WHITE WAX; CASTOR OIL; SHEA BUTTER; OAT KERNEL OIL; COCONUT OIL; OLIVE OIL; TOCOPHEROL; CLARY SAGE OIL; JOJOBA OIL,spl_xml,73172-004-01,73172-004-01,baby,"Jun 14, 2019",1,https://dailymed.nlm.nih.gov/dailymed/drugInfo.cfm?setid=8b3a3b17-67dd-7a13-e053-2995a90a099c,
83186695-f093-45d0-e053-2a91aa0a827d,,,,,Normalest,NORMALEST,cleaned_labeler,IM SAFE FOR BABY AND SILVER,"IM SAFE FOR BABY AND SILVER (TITANIUM DIOXIDE) LOTION [NORMALEST CO., LTD.]","NORMALEST CO., LTD.",,lotion,FALSE,TRUE,FALSE,TRUE,1,TITANIUM DIOXIDE: 1.78 g in 50 mL,34,"DICAPRYLYL CARBONATE; METHYLPROPANEDIOL; CYCLOMETHICONE; SALVIA HISPANICA SEED; FOSFRUCTOSE; SIMMONDSIA CHINENSIS SEED; CARBOXYMETHYLCELLULOSE SODIUM; TROMETHAMINE; BETAINE; GLYCERYL CAPRYLATE; SQUALANE; BUTYLENE GLYCOL; PENTYLENE GLYCOL; MADECASSOSIDE; INVERT SUGAR; PHENYL TRIMETHICONE; 1,2-HEXANEDIOL; SUCROSE STEARATE; TREHALOSE; PULLULAN; HYALURONATE SODIUM; PROPANEDIOL; HYPROMELLOSES; STEARIC ACID; ALKYL (C12-15) BENZOATE; POLYHYDROXYSTEARIC ACID (2300 MW); WATER; GLYCERETH-26; METHYL TRIMETHICONE; CENTELLA ASIATICA; HOUTTUYNIA CORDATA WHOLE; METHYL METHACRYLATE/GLYCOL DIMETHACRYLATE CROSSPOLYMER; ETHYLHEXYLGLYCERIN; ALUMINUM STEARATE",spl_xml,72284-0005-1,72284-0005-1,baby,"Mar 06, 2019",1,https://dailymed.nlm.nih.gov/dailymed/drugInfo.cfm?setid=83186695-f093-45d0-e053-2a91aa0a827d,
168b31b1-9260-61f8-e054-00144ff8d46c,,,,,Burts Bees Baby,BURT'S BEES,title_prefix,BURTS BEES BABY BEE DIAPER RASH,"BURTS BEES BABY BEE DIAPER RASH (ZINC OXIDE) OINTMENT [BURT'S BEES, INC.]","BURT'S BEES, INC.",diaper_cream,ointment,TRUE,FALSE,FALSE,TRUE,1,ZINC OXIDE: 40 g in 100 g,16,SHEA BUTTER; CASTOR OIL; JOJOBA OIL; OLIVE OIL; HYDROGENATED CASTOR OIL; CHAMAEMELUM NOBILE FLOWER OIL; LAVANDULA ANGUSTIFOLIA FLOWER; TOCOPHEROL; CALENDULA OFFICINALIS FLOWER; SOYBEAN OIL; CANOLA OIL; ROSEMARY; LAVANDIN OIL; ALMOND OIL; YELLOW WAX; LANOLIN,spl_xml,26052-028-01,26052-028-01; 26052-028-02,baby; burts bees baby,"Dec 24, 2018",7,https://dailymed.nlm.nih.gov/dailymed/drugInfo.cfm?setid=168b31b1-9260-61f8-e054-00144ff8d46c,
1eae935f-942b-4290-91de-8c608f70a7ed,,,,,Meijer,MEIJER,cleaned_labeler,BABY SUNSCREEN SPF 50,BABY SUNSCREEN SPF 50 (TITANIUM DIOXIDE 3.1% ZINC OXIDE 4.0%) LOTION [MEIJER],MEIJER,sunscreen,lotion,TRUE,TRUE,FALSE,TRUE,2,Titanium Dioxide: 3.1 g in 100 mL; Zinc Oxide: 4 g in 100 mL,15,ALOE VERA LEAF; MEDIUM-CHAIN TRIGLYCERIDES; Caprylyl Glycol; Dimethicone; Ethylhexyl Methoxycrylene; Glycerin; Isohexadecane; POLYETHYLENE GLYCOL 400; Phenoxyethanol; Sodium Chloride; Sodium Citrate; .ALPHA.-TOCOPHEROL ACETATE; Triethoxycaprylylsilane; EICOSYL POVIDONE; Water,spl_xml,41250-902-06,41250-902-06,baby,"Jun 29, 2018",1,https://dailymed.nlm.nih.gov/dailymed/drugInfo.cfm?setid=1eae935f-942b-4290-91de-8c608f70a7ed,
69c1db68-508a-e6e1-e053-2a91aa0a8568,,,,,Delta &,DELTA &,cleaned_labeler,BABY LOVE PERSONAL CARE DIAPER RASH,BABY LOVE PERSONAL CARE DIAPER RASH (ZINC OXIDE) CREAM [DELTA BRANDS & PRODUCTS LLC],DELTA BRANDS & PRODUCTS LLC,diaper_cream,cream,TRUE,FALSE,FALSE,TRUE,1,ZINC OXIDE: 13 g in 100 g,12,WATER; MINERAL OIL; MICROCRYSTALLINE WAX; PETROLATUM; YELLOW WAX; SORBITAN SESQUIOLEATE; DIMETHICONE; ALOE VERA LEAF; PEG-30 DIPOLYHYDROXYSTEARATE; PHENOXYETHANOL; POTASSIUM HYDROXIDE; ALPHA-TOCOPHEROL ACETATE,spl_xml,72133-321-45,72133-321-45,baby,"Apr 18, 2018",1,https://dailymed.nlm.nih.gov/dailymed/drugInfo.cfm?setid=69c1db68-508a-e6e1-e053-2a91aa0a8568,
af8cce4d-23a2-47e4-8b5a-8c49e458d01b,,,,,Walgreens,WALGREENS,cleaned_labeler,BABY SPF 60 SUNSCREEN,BABY SPF 60 SUNSCREEN (TITANIUM DIOXIDE - 6.00% ZINC OXIDE - 4.70%) STICK [WALGREENS],WALGREENS,sunscreen,stick,TRUE,TRUE,FALSE,TRUE,2,Titanium Dioxide: 6 g in 100 g; Zinc Oxide: 4.7 g in 100 g,15,Aluminum Hydroxide; YELLOW WAX; BUTYLATED HYDROXYTOLUENE; Butyloctyl Salicylate; ALKYL (C12-15) BENZOATE; Cetyl Alcohol; Dimethicone; CANDELILLA WAX; Isostearic Acid; Neopentyl Glycol Diethylhexanoate; CERESIN; Paraffin; HIGH DENSITY POLYETHYLENE; Stearic Acid; Triethoxycaprylylsilane,spl_xml,0363-3216-01,0363-3216-01,baby,"Feb 15, 2018",2,https://dailymed.nlm.nih.gov/dailymed/drugInfo.cfm?setid=af8cce4d-23a2-47e4-8b5a-8c49e458d01b,
8c0cbb66-38aa-4429-a6a0-6c063131296a,,,,,Fischer Pharmaceuticals,FISCHER PHARMACEUTICALS,cleaned_labeler,PURE BABY DIAPER RASH,PURE BABY DIAPER RASH (ZINC OXIDE) CREAM [FISCHER PHARMACEUTICALS LTD],FISCHER PHARMACEUTICALS LTD,diaper_cream,cream,TRUE,FALSE,FALSE,TRUE,1,Zinc Oxide: 40 g in 100 g,20,LEVOMENOL; CALENDULA OFFICINALIS FLOWER; MEDIUM-CHAIN TRIGLYCERIDES; Coco-Caprylate; DUNALIELLA SALINA; Ethylhexylglycerin; GLOBULARIA CORDIFOLIA WHOLE; Glycerin; SUNFLOWER OIL; Hydrogenated Castor Oil; MAGNESIUM SULFATE ANHYDROUS; OLIVE OIL; Phenoxyethanol; Polyglyceryl-2 Dipolyhydroxystearate; Polyglyceryl-3 Diisostearate; Potassium Sorbate; ALMOND OIL; Sodium Benzoate; Tocopherol; Water,spl_xml,59886-414-32,59886-414-32,baby,"Jan 02, 2018",2,https://dailymed.nlm.nih.gov/dailymed/drugInfo.cfm?setid=8c0cbb66-38aa-4429-a6a0-6c063131296a,
c599ba27-2cd7-4e93-b5bd-9ccfb6d157a2,,,,,Cvs,CVS,cleaned_labeler,BABY PURE GENTLE SUNSTICK SPF 60 CVS,BABY PURE GENTLE SUNSTICK SPF 60 CVS (TITANIUM DIOXIDE 6.00% ZINC OXIDE 4.70%) STICK [CVS],CVS,sunscreen,stick,TRUE,TRUE,FALSE,TRUE,2,TITANIUM DIOXIDE: 6 g in 100 g; Zinc Oxide: 4.7 g in 100 g,15,ALUMINUM HYDROXIDE; YELLOW WAX; BUTYLATED HYDROXYTOLUENE; BUTYLOCTYL SALICYLATE; ALKYL (C12-15) BENZOATE; CETYL ALCOHOL; DIMETHICONE; CANDELILLA WAX; ISOSTEARIC ACID; NEOPENTYL GLYCOL DIETHYLHEXANOATE; CERESIN; PARAFFIN; HIGH DENSITY POLYETHYLENE; STEARIC ACID; TRIETHOXYCAPRYLYLSILANE,spl_xml,59779-270-01,59779-270-01,baby,"Dec 22, 2017",3,https://dailymed.nlm.nih.gov/dailymed/drugInfo.cfm?setid=c599ba27-2cd7-4e93-b5bd-9ccfb6d157a2,
54dbdbc2-cdae-17cf-e054-00144ff8d46c,,,,,Deserving Health,DESERVING HEALTH,cleaned_labeler,DESERVING HEALTH BABY SPECIALTY CREAM,DESERVING HEALTH BABY SPECIALTY CREAM (ZINC OXIDE 1.25%) CREAM [DESERVING HEALTH INTERNATIONAL CORP],DESERVING HEALTH INTERNATIONAL CORP,,cream,TRUE,FALSE,FALSE,TRUE,1,ZINC OXIDE: 12 g in 100 mL,10,WATER; GLYCERIN; CALENDULA OFFICINALIS FLOWER; CHAMOMILE; EVENING PRIMROSE OIL; ROSA CANINA FRUIT OIL; CARROT SEED OIL; YELLOW WAX; .ALPHA.-TOCOPHEROL; CITRUS PARADISI SEED,spl_xml,69711-010-06,69711-010-06,baby,"Jul 24, 2017",1,https://dailymed.nlm.nih.gov/dailymed/drugInfo.cfm?setid=54dbdbc2-cdae-17cf-e054-00144ff8d46c,
d15e1807-74ed-4427-b5d1-a990a6d75615,,,,,True Nature,TRUE NATURE,cleaned_labeler,TRUE NATURAL BABY 30 AND FAMILY,"TRUE NATURAL BABY 30 AND FAMILY (ZINC OXIDE, TITANIUM DIOXIDE) LOTION [TRUE NATURE GROUP, INC.]","TRUE NATURE GROUP, INC.",,lotion,TRUE,TRUE,FALSE,TRUE,2,ZINC OXIDE: 6 g in 100 mL; TITANIUM DIOXIDE: 6 g in 100 mL,17,"WATER; SHEA BUTTER; CAMELLIA SINENSIS FLOWER; SAFFLOWER OIL; CETOSTEARYL ALCOHOL; CETEARYL GLUCOSIDE; CETEARYL OLIVATE; COCONUT OIL; EUCALYPTUS OIL; GLUCONOLACTONE; SUNFLOWER OIL; HELIANTHUS ANNUUS SEED WAX; LECITHIN, SUNFLOWER; JOJOBA OIL; SORBITAN OLIVATE; .ALPHA.-TOCOPHEROL; XANTHAN GUM",spl_xml,76245-019-01,76245-019-01,baby,"Feb 06, 2017",1,https://dailymed.nlm.nih.gov/dailymed/drugInfo.cfm?setid=d15e1807-74ed-4427-b5d1-a990a6d75615,
e4a621d1-5687-413f-b0f6-a14ca4a21104,,,,,Cvs,CVS,cleaned_labeler,MEDICATED CORNSTARCH BABY POWDER,"MEDICATED CORNSTARCH BABY POWDER (ACTIVE CORN STARCH, ZINC OXIDE, KAOLIN) POWDER [CVS]",CVS,,powder,TRUE,FALSE,FALSE,TRUE,3,"STARCH, CORN: 89.27 g in 113 g; ZINC OXIDE: 16.95 g in 113 g; KAOLIN: 4.52 g in 113 g",1,SILICON DIOXIDE,spl_xml,69842-955-04,69842-955-04,baby,"Jan 11, 2017",1,https://dailymed.nlm.nih.gov/dailymed/drugInfo.cfm?setid=e4a621d1-5687-413f-b0f6-a14ca4a21104,
3a87d88e-3cb7-499c-9d04-d172f7f6bde7,,,,,Baxter Laberatories,BAXTER LABERATORIES,cleaned_labeler,PREMIUM NATURAL SUNSCREEN BROAD SPECTRUM SPF 30 BABY BUM,PREMIUM NATURAL SUNSCREEN BROAD SPECTRUM SPF 30 BABY BUM (ZINC OXIDE) STICK [BAXTER LABERATORIES],BAXTER LABERATORIES,sunscreen,stick,TRUE,FALSE,FALSE,TRUE,1,ZINC OXIDE: 20 g in 100 g,10,SHEANUT OIL; MEDIUM-CHAIN TRIGLYCERIDES; WHITE WAX; CARNAUBA WAX; CANDELILLA WAX; GLYCERYL ISOSTEARATE; POLYHYDROXYSTEARIC ACID (2300 MW); ALMOND OIL; CASTOR OIL; TOCOPHEROL,spl_xml,70157-007-01,70157-007-01; 70157-007-02,baby,"Jan 10, 2017",4,https://dailymed.nlm.nih.gov/dailymed/drugInfo.cfm?setid=3a87d88e-3cb7-499c-9d04-d172f7f6bde7,
6efd81cd-8061-4444-9fa2-296bfd7972e9,,,,,Goddess Garden,GODDESS GARDEN,labeler_map,BABY NATURAL MINERAL SUNSCREEN BROAD SPECTRUM SPF 30,BABY NATURAL MINERAL SUNSCREEN BROAD SPECTRUM SPF 30 (ZINC OXIDE) LOTION [CROSSING CULTURES LLC DBA GODDESS GARDEN],CROSSING CULTURES LLC DBA GODDESS GARDEN,sunscreen,lotion,TRUE,FALSE,FALSE,TRUE,1,ZINC OXIDE: 19 g in 100 g,12,ALOE VERA LEAF; CAPRYLHYDROXAMIC ACID; SAFFLOWER OIL; GLYCERIN; GLYCERYL CAPRYLATE; GLYCERYL STEARATE CITRATE; SUNFLOWER OIL; SORBITAN MONOOLEATE; TOCOPHEROL; XANTHAN GUM; POLYHYDROXYSTEARIC ACID (2300 MW); WATER,spl_xml,58479-033-00,58479-033-00; 58479-033-01; 58479-033-02,baby,"Dec 06, 2016",3,https://dailymed.nlm.nih.gov/dailymed/drugInfo.cfm?setid=6efd81cd-8061-4444-9fa2-296bfd7972e9,
3eb67c20-a1b6-3014-e054-00144ff8d46c,,,,,Laorganic,LAORGANIC,cleaned_labeler,ATONO2 BABY SUN CREAM,"ATONO2 BABY SUN CREAM (ETHYLHEXYL METHOXYCINNAMATE, TITANIUM DIOXIDE) CREAM [LAORGANIC CO., LTD.]","LAORGANIC CO., LTD.",,cream,FALSE,TRUE,TRUE,TRUE,2,TITANIUM DIOXIDE: 2.97 g in 100 g; OCTINOXATE: 7 g in 100 g,1,GLYCERIN,spl_xml,70993-0003-1,70993-0003-1,baby,"Oct 13, 2016",2,https://dailymed.nlm.nih.gov/dailymed/drugInfo.cfm?setid=3eb67c20-a1b6-3014-e054-00144ff8d46c,
2434de23-bcc9-4a83-9945-16fc3f2b8c61,,,,,Meijer Distributing,MEIJER DISTRIBUTING,cleaned_labeler,MEIJER BABY TEAR FREE SPF 50,"MEIJER BABY TEAR FREE SPF 50 (TITANIUM DIOXIDE, ZINC OXIDE) LOTION [MEIJER DISTRIBUTING INC.]",MEIJER DISTRIBUTING INC.,sunscreen,lotion,TRUE,TRUE,FALSE,TRUE,2,TITANIUM DIOXIDE: 3.2 g in 100 g; ZINC OXIDE: 4 g in 100 g,15,"WATER; MEDIUM-CHAIN TRIGLYCERIDES; ISOHEXADECANE; BUTYLOCTYL SALICYLATE; SODIUM CHLORIDE; ETHYLHEXYL METHOXYCRYLENE; DIMETHICONE; PHENOXYETHANOL; CAPRYLYL GLYCOL; POLYETHYLENE GLYCOL 400; ALUMINUM OXIDE; GLYCERIN; SODIUM CITRATE, UNSPECIFIED FORM; .ALPHA.-TOCOPHEROL ACETATE; ALOE VERA LEAF",spl_xml,41250-705-57,41250-705-57,baby,"Jun 01, 2016",1,https://dailymed.nlm.nih.gov/dailymed/drugInfo.cfm?setid=2434de23-bcc9-4a83-9945-16fc3f2b8c61,
269718e2-0a76-4b15-a0ab-b914bc809e41,,,,,Rite Aid,RITE AID,cleaned_labeler,DAYLOGIC BABY SPF 60,"DAYLOGIC BABY SPF 60 (TITANIUM DIOXIDE, ZINC OXIDE) LOTION [RITE AID]",RITE AID,sunscreen,lotion,TRUE,TRUE,FALSE,TRUE,2,TITANIUM DIOXIDE: 4.9 g in 100 g; ZINC OXIDE: 4.7 g in 100 g,19,"WATER; MEDIUM-CHAIN TRIGLYCERIDES; BUTYLOCTYL SALICYLATE; PHENETHYL BENZOATE; CYCLOMETHICONE 5; CYCLOMETHICONE 6; ETHYLHEXYL METHOXYCRYLENE; POLYETHYLENE GLYCOL 400; SODIUM CHLORIDE; ALUMINUM OXIDE; PHENOXYETHANOL; CAPRYLYL GLYCOL; DIMETHICONE; GLYCERIN; SODIUM CITRATE, UNSPECIFIED FORM; EDETATE DISODIUM; .ALPHA.-TOCOPHEROL ACETATE; ALOE VERA LEAF; PANTHENOL",spl_xml,11822-3150-2,11822-3150-2,baby,"Mar 17, 2016",1,https://dailymed.nlm.nih.gov/dailymed/drugInfo.cfm?setid=269718e2-0a76-4b15-a0ab-b914bc809e41,
1fc52f3b-3a62-3fa5-e054-00144ff8d46c,,,,,Skin Sciences Laboratory,SKIN SCIENCES LABORATORY,cleaned_labeler,VMV HYPOALLERGENICS ARMADA BABY 50,"VMV HYPOALLERGENICS ARMADA BABY 50 (TITANIUM DIOXIDE, ZINC OXIDE) CREAM [SKIN SCIENCES LABORATORY INC.]",SKIN SCIENCES LABORATORY INC.,,cream,TRUE,TRUE,FALSE,TRUE,2,TITANIUM DIOXIDE: 13.2 g in 50 g; ZINC OXIDE: 15 g in 50 g,1,WATER,spl_xml,69774-103-50,69774-103-50,baby,"Oct 20, 2015",1,https://dailymed.nlm.nih.gov/dailymed/drugInfo.cfm?setid=1fc52f3b-3a62-3fa5-e054-00144ff8d46c,
1030a55e-8159-4645-bda0-13e1d89f00e7,,,,,Laboratory,LABORATORY,cleaned_labeler,ATOBOS CENTELLA BABY SUN,"ATOBOS CENTELLA BABY SUN (TITANIUM DIOXIDE, ZINC OXIDE) CREAM [1004LABORATORY]",1004LABORATORY,,cream,TRUE,TRUE,FALSE,TRUE,2,Titanium Dioxide: 5.62 mg in 50 mL; Zinc oxide: 2.37 mg in 50 mL,2,Centella Asiatica; Dicaprylyl Carbonate,spl_xml,69739-120-01,69739-120-01,baby,"Aug 31, 2015",1,https://dailymed.nlm.nih.gov/dailymed/drugInfo.cfm?setid=1030a55e-8159-4645-bda0-13e1d89f00e7,
d3d0d005-4215-4133-ad8a-13833b86777a,,,,,Laboratory,LABORATORY,cleaned_labeler,ATOBOS BABY SUN,"ATOBOS BABY SUN (TITANIUM DIOXIDE, ZINC OXIDE) CREAM [1004LABORATORY]",1004LABORATORY,,cream,TRUE,TRUE,FALSE,TRUE,2,Titanium Dioxide: 5.62 mg in 50 mL; Zinc oxide: 2.37 mg in 50 mL,2,Dicaprylyl Carbonate; Witch Hazel,spl_xml,69739-060-01,69739-060-01,baby,"Jul 24, 2015",1,https://dailymed.nlm.nih.gov/dailymed/drugInfo.cfm?setid=d3d0d005-4215-4133-ad8a-13833b86777a,
5a8a9fda-6b60-4087-81a2-45e1ef5d1b1e,,,,,Dolgencorp,DOLGENCORP,cleaned_labeler,DG BABY DIAPER RASH,DG BABY DIAPER RASH (ZINC OXIDE) OINTMENT [DOLGENCORP INC],DOLGENCORP INC,diaper_cream,ointment,TRUE,FALSE,FALSE,TRUE,1,ZINC OXIDE: 40 g in 100 g,9,BUTYLATED HYDROXYANISOLE; COD LIVER OIL; ETHYLHEXYLGLYCERIN; LANOLIN OIL; MINERAL OIL; PETROLATUM; PHENOXYETHANOL; TALC; WATER,spl_xml,55910-334-04,55910-334-04,baby,"Jul 06, 2015",1,https://dailymed.nlm.nih.gov/dailymed/drugInfo.cfm?setid=5a8a9fda-6b60-4087-81a2-45e1ef5d1b1e,
1923d661-9395-655b-e054-00144ff8d46c,,,,,Biological Health,BIOLOGICAL HEALTH,cleaned_labeler,BABY SPECIALTY CREAM,BABY SPECIALTY CREAM (ZINC OXIDE 12%) CREAM [BIOLOGICAL HEALTH GROUP CORPORATION],BIOLOGICAL HEALTH GROUP CORPORATION,,cream,TRUE,FALSE,FALSE,TRUE,1,ZINC OXIDE: 12 g in 100 mL,10,WATER; GLYCERIN; CALENDULA OFFICINALIS FLOWER; CHAMOMILE; EVENING PRIMROSE OIL; ROSA CANINA FRUIT OIL; CARROT SEED OIL; YELLOW WAX; .ALPHA.-TOCOPHEROL; CITRUS PARADISI SEED,spl_xml,69711-009-06,69711-009-06,baby,"Jun 23, 2015",1,https://dailymed.nlm.nih.gov/dailymed/drugInfo.cfm?setid=1923d661-9395-655b-e054-00144ff8d46c,
329918f2-5d77-494b-975d-597bbaab43e3,,,,,C.A Pharm,C.A PHARM,cleaned_labeler,PLAGENTRA BABY SUNCITY,"PLAGENTRA BABY SUNCITY (OCTINOXATE, OCTISALATE, TITANIUM DIOXIDE) CREAM [C.A PHARM CO., LTD.]","C.A PHARM CO., LTD.",,cream,FALSE,TRUE,TRUE,TRUE,3,OCTINOXATE: 4.5 g in 60 g; OCTISALATE: 3 g in 60 g; TITANIUM DIOXIDE: 1.8 g in 60 g,2,Water; Butylene Glycol,spl_xml,68988-090-01,68988-090-01,baby,"Dec 08, 2014",2,https://dailymed.nlm.nih.gov/dailymed/drugInfo.cfm?setid=329918f2-5d77-494b-975d-597bbaab43e3,
a2a41914-c98b-4b35-9d12-6fb0041c7e1d,,,,,Tellurian,TELLURIAN,cleaned_labeler,BABY DIAPER,BABY DIAPER (ZINC OXIDE) CREAM [TELLURIAN],TELLURIAN,diaper_cream,cream,TRUE,FALSE,FALSE,TRUE,1,ZINC OXIDE: 10 g in 10 g,27,WATER; ETHYLHEXYL PALMITATE; CASTOR OIL; POLYGLYCERIN-6; POLYGLYCERYL-10 HEXAOLEATE; GLYCERIN; DIMETHICONE; SODIUM PYRROLIDONE CARBOXYLATE; CERAMIDE 3; CERAMIDE 6 II; CERAMIDE 2; ALOE VERA LEAF; HYALURONIC ACID; MACADAMIA OIL; CORN OIL; CANOLA OIL; MATRICARIA CHAMOMILLA WHOLE; PANTHENOL; .ALPHA.-TOCOPHEROL ACETATE; Coco-Glycerides; MYRISTYL MYRISTATE; SORBITAN MONOLAURATE; SODIUM CHLORIDE; ZINC SULFATE ANHYDROUS; POTASSIUM SORBATE; LONICERA CAPRIFOLIUM FLOWER; SODIUM BENZOATE,spl_xml,42643-101-14,42643-101-14,baby,"Nov 17, 2014",6,https://dailymed.nlm.nih.gov/dailymed/drugInfo.cfm?setid=a2a41914-c98b-4b35-9d12-6fb0041c7e1d,
c9483d15-193a-4c5b-8ddd-5df78943627e,,,,,Meijer Distribution,MEIJER DISTRIBUTION,cleaned_labeler,MEIJER BABY QUICK RELIEF DIAPER RASH,MEIJER BABY QUICK RELIEF DIAPER RASH (ZINC OXIDE) CREAM [MEIJER DISTRIBUTION INC.],MEIJER DISTRIBUTION INC.,diaper_cream,cream,TRUE,FALSE,FALSE,TRUE,1,ZINC OXIDE: 13 g in 100 g,14,WATER; PETROLATUM; MINERAL OIL; PEG-30 DIPOLYHYDROXYSTEARATE; MICROCRYSTALLINE WAX; DIMETHICONE; WHITE WAX; SORBITAN SESQUIOLEATE; MAGNESIUM SULFATE; PHENOXYETHANOL; .ALPHA.-TOCOPHEROL ACETATE; METHYLPARABEN; PROPYLPARABEN; ALOE VERA LEAF,spl_xml,41250-827-11,41250-827-11,baby,"Jul 22, 2014",2,https://dailymed.nlm.nih.gov/dailymed/drugInfo.cfm?setid=c9483d15-193a-4c5b-8ddd-5df78943627e,
8e32f17b-0e1a-4165-a20c-44d99516b235,,,,,Oberon Cosmetic,OBERON COSMETIC,cleaned_labeler,DR. OBERON DIAPER RASH BABY CREAM,"DR. OBERON DIAPER RASH BABY CREAM (ZINC OXIDE, DIMETHICONE) CREAM [OBERON COSMETIC CO., LTD.]","OBERON COSMETIC CO., LTD.",diaper_cream,cream,TRUE,FALSE,FALSE,TRUE,2,ZINC OXIDE: 0.75 g in 15 g; DIMETHICONE: 0.15 g in 15 g,31,Water; Butylene glycol; OLEA EUROPAEA FRUIT VOLATILE OIL; Cetearyl olivate; Sorbitan olivate; CAPRYLIC/CAPRIC/LAURIC TRIGLYCERIDE; YELLOW WAX; PEG-9 DIGLYCIDYL ETHER/SODIUM HYALURONATE CROSSPOLYMER; SHEA BUTTER; THEOBROMA CACAO WHOLE; Trehalose; LIMNANTHES ALBA WHOLE; BETULA PLATYPHYLLA VAR. JAPONICA RESIN; glyceryl caprylate; glycerin; PORTULACA OLERACEA WHOLE; CENTELLA ASIATICA; POLYGONUM CUSPIDATUM ROOT; SCUTELLARIA BAICALENSIS ROOT; CAMELLIA SINENSIS WHOLE; GLYCYRRHIZA GLABRA; MATRICARIA CHAMOMILLA FLOWERING TOP OIL; ROSMARINUS OFFICINALIS WHOLE; P-ANISIC ACID; XANTHAN GUM; LACTIC ACID; .ALPHA.-TOCOPHEROL ACETATE; PUNICA GRANATUM WHOLE; Allantoin; Panthenol; DIPOTASSIUM GLUCOSE-6-PHOSPHATE,spl_xml,52891-104-01,52891-104-01; 52891-104-02,baby,"Jun 27, 2014",1,https://dailymed.nlm.nih.gov/dailymed/drugInfo.cfm?setid=8e32f17b-0e1a-4165-a20c-44d99516b235,
349d27e8-df53-4d4f-8833-b249e948acee,,,,,Greenbrier,GREENBRIER,cleaned_labeler,BABYS BUTT AID,BABYS BUTT AID (ZINC OXIDE) OINTMENT [GREENBRIER INTERNATIONAL INC],GREENBRIER INTERNATIONAL INC,skin_protectant,ointment,TRUE,FALSE,FALSE,TRUE,1,ZINC OXIDE: 16 g in 100 g,5,BORIC ACID; CASTOR OIL; MINERAL OIL; PARAFFIN; PETROLATUM,spl_xml,33992-1306-1,33992-1306-1,baby,"Jun 25, 2014",2,https://dailymed.nlm.nih.gov/dailymed/drugInfo.cfm?setid=349d27e8-df53-4d4f-8833-b249e948acee,
b556a47a-b1e5-44d0-801c-3660e1212aca,,,,,Nanda,NANDA,cleaned_labeler,3 CONCEPT EYES BACK TO BABY,"3 CONCEPT EYES BACK TO BABY (TITANIUM DIOXIDE, OCTINOXATE) CREAM [NANDA CO., LTD.]","NANDA CO., LTD.",,cream,FALSE,TRUE,TRUE,TRUE,2,Titanium Dioxide: 2.90 mg in 30 mL; OCTINOXATE: 1.5 mg in 30 mL,2,Water; Butylene Glycol,spl_xml,60764-011-01,60764-011-01,baby,"Feb 05, 2014",1,https://dailymed.nlm.nih.gov/dailymed/drugInfo.cfm?setid=b556a47a-b1e5-44d0-801c-3660e1212aca,
50576262-1161-4f5b-9532-81bf1954256a,,,,,Emilia Personal Care,EMILIA PERSONAL CARE,cleaned_labeler,SAFE HARBOR - NATURAL SUNSCREEN - BABY AND KIDS SPF50 BROAD SPECTRUM SUNSCREEN,"SAFE HARBOR - NATURAL SUNSCREEN - BABY AND KIDS SPF50 BROAD SPECTRUM SUNSCREEN (TITANIUM DIOXIDE, ZINC OXIDE) CREAM [EMILIA PERSONAL CARE INC.]",EMILIA PERSONAL CARE INC.,sunscreen,cream,TRUE,TRUE,FALSE,TRUE,2,TITANIUM DIOXIDE: 11.4 g in 100 mL; ZINC OXIDE: 4 g in 100 mL,26,WATER; CYCLOMETHICONE 5; ALKYL (C12-15) BENZOATE; TRICAPRYLIN; GLYCERIN; CETYL PEG/PPG-10/1 DIMETHICONE (HLB 2); CETYL DIMETHICONE 150; PHENYL TRIMETHICONE; PHENOXYETHANOL; ETHYLHEXYLGLYCERIN; TRIMETHOXYCAPRYLYLSILANE; SODIUM CHLORIDE; HYDROGENATED CASTOR OIL; MICROCRYSTALLINE WAX; .ALPHA.-TOCOPHEROL ACETATE; ALLANTOIN; PANTHENOL; HIPPOPHAE RHAMNOIDES FRUIT OIL; JOJOBA OIL; LEVOMENOL; OAT KERNEL OIL; ECHINACEA PURPUREA ROOT; MATRICARIA CHAMOMILLA FLOWERING TOP OIL; TILIA X EUROPAEA FLOWER; MELISSA OFFICINALIS LEAF; ASPALATHUS LINEARIS LEAF,spl_xml,42421-821-11,42421-821-11,baby; kids,"Jan 06, 2014",1,https://dailymed.nlm.nih.gov/dailymed/drugInfo.cfm?setid=50576262-1161-4f5b-9532-81bf1954256a,
e299e5c6-86f5-4233-bdd1-53c8306e9cca,,,,,Lansinoh,LANSINOH,cleaned_labeler,LANSINOH BABY,"LANSINOH BABY (DIMETHICONE) OINTMENT [LANSINOH LABORATORIES, INC.]","LANSINOH LABORATORIES, INC.",skin_protectant,ointment,TRUE,FALSE,FALSE,TRUE,3,DIMETHICONE: 4.25 g in 85 g; LANOLIN: 13.17 g in 85 g; ZINC OXIDE: 4.675 g in 85 g,12,"ALLANTOIN; YELLOW WAX; LEVOMENOL; MEDIUM-CHAIN TRIGLYCERIDES; CHAMOMILE; GLYCERYL BEHENATE; JOJOBA OIL; PETROLATUM; HYDROGENATED POLYDECENE (550 MW); HIGH DENSITY POLYETHYLENE; STEARYL GLYCYRRHETINATE; STARCH, CORN",spl_xml,53997-100-01,53997-100-01,baby,"Oct 21, 2013",1,https://dailymed.nlm.nih.gov/dailymed/drugInfo.cfm?setid=e299e5c6-86f5-4233-bdd1-53c8306e9cca,
416b804d-bebf-4c5c-9990-4e830dd37153,,,,,Rite Aid,RITE AID,cleaned_labeler,RITE AID RENEWAL BABY SUNSCREEN SPF 60,RITE AID RENEWAL BABY SUNSCREEN SPF 60 (TITANIUM DIOXIDE ZINC OXIDE) LOTION [RITE AID CORPORATION],RITE AID CORPORATION,sunscreen,lotion,TRUE,TRUE,FALSE,TRUE,2,TITANIUM DIOXIDE: 2.8 g in 100 g; ZINC OXIDE: 4 g in 100 g,17,WATER; TRICAPRIN; BUTYLOCTYL SALICYLATE; PHENETHYL BENZOATE; CYCLOMETHICONE 5; CYCLOMETHICONE 6; ETHYLHEXYL METHOXYCRYLENE; DIMETHICONE; .ALPHA.-TOCOPHEROL ACETATE; EDETATE DISODIUM; PANTHENOL; ALOE VERA LEAF; SODIUM CHLORIDE; ALUMINUM OXIDE; PHENOXYETHANOL; GLYCERIN; SODIUM CITRATE,spl_xml,11822-9027-2,11822-9027-2,baby,"Aug 06, 2013",2,https://dailymed.nlm.nih.gov/dailymed/drugInfo.cfm?setid=416b804d-bebf-4c5c-9990-4e830dd37153,
15c9f3c4-833a-4211-a0d0-31e754e7fb9f,,,,,Expro3,EXPRO3,cleaned_labeler,BABYSPA SHEA BUTTER DIAPER,BABYSPA SHEA BUTTER DIAPER (ZINC OXIDE) CREAM [EXPRO3 LLC],EXPRO3 LLC,diaper_cream,cream,TRUE,FALSE,FALSE,TRUE,1,Zinc Oxide: 120 mg in 1 mL,26,"SHEA BUTTER; ALOE VERA FLOWER; COCOA BUTTER; YELLOW WAX; STARCH, POTATO; CETOSTEARYL ALCOHOL; GRAPE SEED OIL; KAOLIN; SESAME OIL; TITANIUM DIOXIDE; PHENOXYETHANOL; GLYCYRRHIZA GLABRA; CALENDULA OFFICINALIS SEED OIL; WATER; PROPYL GALLATE; LAURYL GLUCOSIDE; EPIGALLOCATECHIN GALLATE; GLYCERYL CAPRYLATE; OLIVE OIL; GLYCERIN; CHAMAEMELUM NOBILE FLOWER; BENZOIC ACID; DEHYDROACETIC ACID; BORAGE OIL; OENOTHERA BIENNIS; LAVANDULA ANGUSTIFOLIA FLOWER",spl_xml,42957-001-01,42957-001-01,baby,"Jul 20, 2012",1,https://dailymed.nlm.nih.gov/dailymed/drugInfo.cfm?setid=15c9f3c4-833a-4211-a0d0-31e754e7fb9f,
c17dec08-5749-424d-8139-1fc0a10515de,,,,,Seventh Generation,SEVENTH GENERATION,cleaned_labeler,BABY SUNSCREEN SPF 30,BABY SUNSCREEN SPF 30 (ZINC OXIDE) LOTION [SEVENTH GENERATION INC],SEVENTH GENERATION INC,sunscreen,lotion,TRUE,FALSE,FALSE,TRUE,1,ZINC OXIDE: 20 g in 100 g,14,ALOE; CHAMAEMELUM NOBILE FLOWER OIL; MEDIUM-CHAIN TRIGLYCERIDES; SUNFLOWER OIL; LAVENDER OIL; MAGNESIUM SULFATE; OLIVE OIL; POLYAMINOPROPYL BIGUANIDE; POLYGLYCERYL-10 OLEATE; CASTOR OIL; JOJOBA OIL; SORBITAN MONOSTEARATE; TOCOPHEROL; WATER,spl_xml,42263-101-13,42263-101-13,baby,"Mar 27, 2012",4,https://dailymed.nlm.nih.gov/dailymed/drugInfo.cfm?setid=c17dec08-5749-424d-8139-1fc0a10515de,
99889e83-2583-49fb-ab17-5ec331a5c728,,,,,Baby Magic,NATERRA,title_prefix,BABY MAGIC MEDICATED PATTY CAKE,BABY MAGIC MEDICATED PATTY CAKE (ZINC OXIDE) CREAM [NATERRA INTERNATIONAL INC.],NATERRA INTERNATIONAL INC.,,cream,TRUE,FALSE,FALSE,TRUE,1,Zinc Oxide: 2.75 g in 11 g,11,Allantoin; Benzoic Acid; YELLOW WAX; BUTYLATED HYDROXYTOLUENE; ALKYL (C12-15) BENZOATE; CARNAUBA WAX; CANDELILLA WAX; GLYCERETH-2 COCOATE; HEXYL DECANOATE; LAUROYL LYSINE; NYLON-12,spl_xml,45765-5100-0,45765-5100-0,baby,"Mar 08, 2012",1,https://dailymed.nlm.nih.gov/dailymed/drugInfo.cfm?setid=99889e83-2583-49fb-ab17-5ec331a5c728,
efdfe5b6-dfd6-475f-a696-1559488d58c9,,,,,True Nature,TRUE NATURE,cleaned_labeler,TRUE NATURAL BROAD SPECTRUM SPF 50 ALL NATURAL BABY AND SENSITIVE SKIN SUNSCREEN,"TRUE NATURAL BROAD SPECTRUM SPF 50 ALL NATURAL BABY AND SENSITIVE SKIN SUNSCREEN (ZINC OXIDE) LOTION [TRUE NATURE GROUP, INC.]","TRUE NATURE GROUP, INC.",sunscreen,lotion,TRUE,FALSE,FALSE,TRUE,1,ZINC OXIDE: 20 mL in 100 mL,14,ALOE VERA LEAF; YELLOW WAX; MEDIUM-CHAIN TRIGLYCERIDES; COCONUT OIL; WATER; GLYCERIN; ETHYLHEXYL OLEATE; OLIVE OIL; P-ANISIC ACID; SHEA BUTTER; SILICON DIOXIDE; SODIUM LACTATE; XANTHAN GUM; FERRIC OXIDE YELLOW,spl_xml,76245-219-01,76245-219-01,baby,"Mar 21, 2012",1,https://dailymed.nlm.nih.gov/dailymed/drugInfo.cfm?setid=efdfe5b6-dfd6-475f-a696-1559488d58c9,
92257e81-4b7f-440b-a714-1aeb81d5c127,,,,,Baby Magic,NATERRA,title_prefix,BABY MAGIC DIAPER RX,BABY MAGIC DIAPER RX (ZINC OXIDE) CREAM [NATERRA INTERNATIONAL INC.],NATERRA INTERNATIONAL INC.,diaper_cream,cream,TRUE,FALSE,FALSE,TRUE,1,Zinc Oxide: 23.8 g in 85 g,10,Allantoin; Ascorbyl Palmitate; YELLOW WAX; BUTYLATED HYDROXYANISOLE; SAFFLOWER OIL; GLYCYRRHIZA GLABRA; AVOCADO OIL; Petrolatum; VITAMIN A PALMITATE; Tocopherol,spl_xml,45765-5130-0,45765-5130-0,baby,"Aug 16, 2011",1,https://dailymed.nlm.nih.gov/dailymed/drugInfo.cfm?setid=92257e81-4b7f-440b-a714-1aeb81d5c127,
a6cb4d79-3276-a01d-6d5f-ef624cbeb016,,,,,Scerene Healthcare,SCERENE HEALTHCARE,cleaned_labeler,PURISTICS BABY ZINC OXIDE DIAPER RASH,"PURISTICS BABY ZINC OXIDE DIAPER RASH (ZINC OXIDE) CREAM [SCERENE HEALTHCARE, INC.]","SCERENE HEALTHCARE, INC.",diaper_cream,cream,TRUE,FALSE,FALSE,TRUE,1,Zinc Oxide: 15 g in 100 g,16,"Yellow Wax; Caprylyl Glycol; Chamomile; Citric Acid Monohydrate; Ethylhexylglycerin; Eucalyptus Oil; Rosewood Oil; Glycerin; Lonicera Caprifolium Flower; Hydrogenated Soybean Oil; Lecithin, Soybean; Panthenol; Water; Hyaluronate Sodium; Sucrose Stearate; Almond Oil",spl_xml,76026-200-30,76026-200-30,baby,"Mar 07, 2011",1,https://dailymed.nlm.nih.gov/dailymed/drugInfo.cfm?setid=a6cb4d79-3276-a01d-6d5f-ef624cbeb016,
bbe4eb9d-4672-46d1-b6e5-4b6d1d737ed9,,,,,Fischer Pharmaceuticals,FISCHER PHARMACEUTICALS,cleaned_labeler,ULTRASOL NATURE BABY SUNSCREEN,"ULTRASOL NATURE BABY SUNSCREEN (TITANIUM DIOXIDE, ZINC OXIDE) LOTION [FISCHER PHARMACEUTICALS LTD]",FISCHER PHARMACEUTICALS LTD,sunscreen,lotion,TRUE,TRUE,FALSE,TRUE,2,Titanium Dioxide: 15 g in 100 g; Zinc Oxide: 8 g in 100 g,10,ALUMINUM OXIDE; Aluminum Stearate; Coconut Oil; Methylparaben; Panthenol; Propylene Glycol; Propylparaben; Sodium Chloride; ALPHA-TOCOPHEROL ACETATE; Water,spl_xml,59886-349-66,59886-349-66,baby,"Oct 09, 2010",2,https://dailymed.nlm.nih.gov/dailymed/drugInfo.cfm?setid=bbe4eb9d-4672-46d1-b6e5-4b6d1d737ed9,
723e8d14-f981-4aee-a3cf-62f0c97f5e12,,,,,Fischer Pharmaceuticals,FISCHER PHARMACEUTICALS,cleaned_labeler,ULTRASOL NATURE BABY SUNSCREEN,"ULTRASOL NATURE BABY SUNSCREEN (TITANIUM DIOXIDE, ZINC OXIDE) CREAM [FISCHER PHARMACEUTICALS LTD]",FISCHER PHARMACEUTICALS LTD,sunscreen,cream,TRUE,TRUE,FALSE,TRUE,2,Titanium Dioxide: 15 g in 100 g; Zinc Oxide: 8 g in 100 g,9,ALUMINUM OXIDE; Aluminum Stearate; Coconut Oil; Methylparaben; Panthenol; Propylene Glycol; Sodium Chloride; ALPHA-TOCOPHEROL ACETATE; Water,spl_xml,59886-304-77,59886-304-77,baby,"Oct 09, 2010",2,https://dailymed.nlm.nih.gov/dailymed/drugInfo.cfm?setid=723e8d14-f981-4aee-a3cf-62f0c97f5e12,
4de67653-ab31-c6b2-e063-6394a90a7e8c,,,,,Delta Ecommerce,DELTA ECOMMERCE,cleaned_labeler,SKY AND SOL KIDS AND BABIES SUNSCREEN,SKY AND SOL KIDS AND BABIES SUNSCREEN (ZINC OXIDE) CREAM [DELTA ECOMMERCE LLC],DELTA ECOMMERCE LLC,sunscreen,cream,TRUE,FALSE,FALSE,TRUE,1,ZINC OXIDE: 14.96 g in 85 g,10,"LIMONIA ACIDISSIMA BARK; LEUCONOSTOC/RADISH ROOT FERMENT FILTRATE; HYDROLYZED JOJOBA ESTERS; BABASSU OIL; JOJOBA OIL; AQUA; LECITHIN, SUNFLOWER; TALLOW; BEESWAX; ASTAXANTHIN",spl_xml,84632-3058-7,84632-3058-7,babies; kids,"Apr 28, 2026",2,https://dailymed.nlm.nih.gov/dailymed/drugInfo.cfm?setid=4de67653-ab31-c6b2-e063-6394a90a7e8c,
3a554118-b71d-a844-e063-6294a90a699f,,,,,Panergytek,PANERGYTEK,cleaned_labeler,BABIES KIDSSUN PROTECTION,BABIES KIDSSUN PROTECTION (MINERAL SUNSCREEN) POWDER [PANERGYTEK USA INC],PANERGYTEK USA INC,sunscreen,powder,TRUE,TRUE,FALSE,TRUE,2,ZINC OXIDE: 240 mg in 1 g; TITANIUM DIOXIDE: 195 mg in 1 g,12,VINYL DIMETHICONE/METHICONE SILSESQUIOXANE CROSSPOLYMER; POTASSIUM SORBATE; MICA; CI 77491; LAVANDULA ANGUSTIFOLIA (LAVENDER) OIL; TRIETHOXYCAPRYLYLSILANE; STEARIC ACID; TOCOPHEROL; LOPHATHERUM GRACILE LEAF; ALUMINUM HYDROXIDE; CI 77492; SODIUM BENZOATE,spl_xml,85950-001-01,85950-001-01,babies; kids,"Aug 04, 2025",2,https://dailymed.nlm.nih.gov/dailymed/drugInfo.cfm?setid=3a554118-b71d-a844-e063-6294a90a699f,
edc89031-7071-4820-a6d1-5b0da9e069c0,,,,,Bio Earth Manufacturing (Pty),BIO EARTH MANUFACTURING (PTY),cleaned_labeler,EEZYSUN SPF50 BABIES AND KIDS,"EEZYSUN SPF50 BABIES AND KIDS (TITANIUM DIOXIDE, ZINC OXIDE) CREAM [BIO EARTH MANUFACTURING (PTY) LTD]",BIO EARTH MANUFACTURING (PTY) LTD,sunscreen,cream,TRUE,TRUE,FALSE,TRUE,2,TITANIUM DIOXIDE: 3.5 g in 100 mL; ZINC OXIDE: 9.5 g in 100 mL,19,"ALOE VERA LEAF POLYSACCHARIDES; ASCORBIC ACID; BARIUM SULFATE; BULBINE FRUTESCENS WHOLE; CHAMOMILE FLOWER OIL; CARNAUBA WAX; CASTOR OIL; CETOSTEARYL ALCOHOL; ETHYLHEXYLGLYCERIN; GLYCERIN; GLYCERYL MONOSTEARATE; HYDROGENATED CASTOR OIL; HYDROXYETHYL CELLULOSE, UNSPECIFIED; PHENOXYETHANOL; ROSA MOSCHATA OIL; SOYBEAN OIL; .ALPHA.-TOCOPHEROL ACETATE; WATER; XANTHAN GUM",spl_xml,70116-013-01,70116-013-01,babies; kids,"Nov 01, 2024",4,https://dailymed.nlm.nih.gov/dailymed/drugInfo.cfm?setid=edc89031-7071-4820-a6d1-5b0da9e069c0,
9c3cf35b-4bde-46e3-8abd-5f4d1ad6e486,,,,,Sqween,SQWEEN,cleaned_labeler,SQWEEN PAINT-ON SUN PROTECTION FOR INDEPENDENT KIDS MINERAL SUNSCREEN SPF 30,SQWEEN PAINT-ON SUN PROTECTION FOR INDEPENDENT KIDS MINERAL SUNSCREEN SPF 30 (ZINC OXIDE) CREAM [SQWEEN LLC],SQWEEN LLC,sunscreen,cream,TRUE,FALSE,FALSE,TRUE,1,ZINC OXIDE: 150 mg in 1 mL,18,WATER; C15-19 ALKANE; ISOCETYL STEAROYL STEARATE; UNDECANE; TRIBEHENIN; SILICON DIOXIDE; .ALPHA.-TOCOPHEROL ACETATE; HELIANTHUS ANNUUS FLOWERING TOP; GLYCERYL MONOSTEARATE; JOJOBA OIL; TRIDECANE; BIFIDOBACTERIUM ANIMALIS LACTIS; LEUCONOSTOC/RADISH ROOT FERMENT FILTRATE; ALOE VERA LEAF; HYALURONIC ACID; ACACIA; XANTHAN GUM; COCONUT,spl_xml,83005-0002-1,83005-0002-1,kids,"Feb 02, 2026",1,https://dailymed.nlm.nih.gov/dailymed/drugInfo.cfm?setid=9c3cf35b-4bde-46e3-8abd-5f4d1ad6e486,
c5d52f13-a649-9579-e053-2a95a90a062c,,,,,Propolis Nasal Plus,PROPOLIS NASAL PLUS,product_words,PROPOLIS NASAL PLUS (PLUS NASAL) LIQUID PROPOLIS NASAL (NASAL) LIQUID SUNSCREEN SPF50 (NON NANO ZINC OXIDE) CREAM SUNSCREEN FOR FACE SPF50 (NON NANO ZINC OXIDE) CREAM AFTERSUN (NON NANO ZINC OXIDE) CREAM DIAPER RASH CREAM (NON NANO ZINC OXIDE) CREAM SUNSCREEN FOR KIDS SPF50 (NON NANO ZINC OXIDE) CREAM S.O.S CREAM INTENSIVE MOISTURIZING SKIN PROTECTANT (NON NANO ZINC OXIDE) CREAM ACNE CONTROL SERUM (SALICYLIC ACID) LIQUID,PROPOLIS NASAL PLUS (PLUS NASAL) LIQUID PROPOLIS NASAL (NASAL) LIQUID SUNSCREEN SPF50 (NON NANO ZINC OXIDE) CREAM SUNSCREEN FOR FACE SPF50 (NON NANO ZINC OXIDE) CREAM AFTERSUN (NON NANO ZINC OXIDE) CREAM DIAPER RASH CREAM (NON NANO ZINC OXIDE) CREAM SUNSCREEN FOR KIDS SPF50 (NON NANO ZINC OXIDE) CREAM S.O.S CREAM INTENSIVE MOISTURIZING SKIN PROTECTANT (NON NANO ZINC OXIDE) CREAM ACNE CONTROL SERUM (SALICYLIC ACID) LIQUID [SBS BILIMSEL BIO COZUMLER SANAYI VE TICARET ANONIM SIRKETI PINAR SUBESI],SBS BILIMSEL BIO COZUMLER SANAYI VE TICARET ANONIM SIRKETI PINAR SUBESI,sunscreen,,TRUE,FALSE,FALSE,TRUE,3,OXYMETAZOLINE HYDROCHLORIDE: 15.21 mg in 30 mL; SALICYLIC ACID: 0.14 mg in 30 mL; ZINC OXIDE: 0.57 g in 15 mL,47,"EUCALYPTUS OIL; WATER; SEA SALT; PROPOLIS WAX; GLYCERIN; BUTYROSPERMUM PARKII (SHEA) BUTTER UNSAPONIFIABLES; JOJOBA OIL; .ALPHA.-TOCOPHEROL ACETATE; PANTHENOL; COCO-CAPRYLATE/CAPRATE; MAGNESIUM SULFATE ANHYDROUS; ALOE VERA LEAF; ARGAN OIL; DICAPRYLYL CARBONATE; SODIUM STEAROYL GLUTAMATE; GLYCERYL CITRATE; OLEA EUROPAEA (OLIVE) OIL UNSAPONIFIABLES; PHYSALIS ANGULATA; WHITE WAX; SESAME OIL; XANTHAN GUM; HYDROLYZED JOJOBA ESTERS (POTASSIUM SALTS); POLYGLYCERYL-3 OLEATE; POLYGLYCERYL-2 DIPOLYHYDROXYSTEARATE; POLYGLYCERYL-3 DIISOSTEARATE; CAPRYLIC/CAPRIC/LAURIC TRIGLYCERIDE; HELIANTHUS ANNUUS SEED WAX; POLYGLYCERYL-4 ISOSTEARATE; POLYGLYCERIN-3; PALM OIL; PALM KERNEL OIL; COCONUT OIL; CANOLA OIL; OLEA EUROPAEA FLOWER; HONEY; .ALPHA.-TOCOPHEROL ACETATE, D-; ROYAL JELLY; APIS MELLIFERA VENOM; HYDROXYETHYL CELLULOSE, UNSPECIFIED; BEET; CAPRYLIC ACID; ROSA MULTIFLORA FRUIT; HYALURONIC ACID; ACTINIDIA POLYGAMA FRUIT; XYLITOL; TEA TREE OIL; PROPANEDIOL",spl_xml,82123-014-80,82123-014-80; 82123-014-81; 82123-015-80; 82123-015-81; 82123-016-40; 82123-016-41; 82123-018-15; 82123-018-16; 82123-019-30; 82123-019-31; 82123-020-30; 82123-020-31; 82123-021-30; 82123-021-31; 82123-022-50; 82123-022-51; 82123-023-80; 82123-023-81,kids,"Jan 28, 2026",9,https://dailymed.nlm.nih.gov/dailymed/drugInfo.cfm?setid=c5d52f13-a649-9579-e053-2a95a90a062c,
36c7a1be-87e5-1f87-e063-6394a90ad876,,,,,Sun Zapper,VEGANIC SKN,labeler_map,AUSSIEZINC MINERAL SUNSCREEN VEGAN AND ORGANIC KIDS,AUSSIEZINC MINERAL SUNSCREEN VEGAN AND ORGANIC KIDS (ZINC OXIDE SUNSCREEN) CREAM [VEGANIC SKN LIMITED],VEGANIC SKN LIMITED,sunscreen,cream,TRUE,FALSE,FALSE,TRUE,1,ZINC OXIDE: 25 kg in 100 kg,25,KAKADU PLUM; CITRUS PARADISI (GRAPEFRUIT) SEED OIL; HIPPOPHAE RHAMNOIDES SEED OIL; HELIANTHUS ANNUUS (SUNFLOWER) SEED OIL; MALTODEXTRIN; JOJOBA OIL; TOCOPHEROL; WATER; POLYHYDROXYSTEARIC ACID (2300 MW); ISOSTEARIC ACID; CANDELILLA WAX; SODIUM HYALURONATE; SODIUM CHLORIDE; GLYCERIN; POLYGLYCERYL-3 RICINOLEATE; POTASSIUM CETYL PHOSPHATE; CALENDULA OFFICINALIS FLOWERING TOP; SODIUM ASCORBATE; XANTHAN GUM; FERRIC OXIDE RED; BISABOLOL; SODIUM HINOKITIOL; FERRIC OXIDE YELLOW; FERROSOFERRIC OXIDE; CORIANDER OIL,spl_xml,83252-096-00,83252-096-00; 83252-096-25,kids,"Nov 17, 2025",2,https://dailymed.nlm.nih.gov/dailymed/drugInfo.cfm?setid=36c7a1be-87e5-1f87-e063-6394a90ad876,
40945805-6f2e-74a1-e063-6394a90a04a3,,,,,The Natural Skn,THE NATURAL SKN,cleaned_labeler,SUN KIDS MINERAL BLUEBERRY SUNSCREEN BROAD SPECTRUM SPF 50,SUN KIDS MINERAL BLUEBERRY SUNSCREEN BROAD SPECTRUM SPF 50 (ZINC OXIDE) CREAM [THE NATURAL SKN COMPANY],THE NATURAL SKN COMPANY,sunscreen,cream,TRUE,FALSE,FALSE,TRUE,1,ZINC OXIDE: 241 mg in 1 mL,22,COCO-CAPRYLATE/CAPRATE; TRIHEPTANOIN; SODIUM CHLORIDE; C13-15 ALKANE; GLYCERIN; ISODODECANE; SQUALANE; POLYGLYCERYL-6 POLYRICINOLEATE; POLYGLYCERYL-10 DIOLEATE; CAPRYLHYDROXAMIC ACID; DILINOLEIC ACID/BUTANEDIOL COPOLYMER; CASTOR OIL/IPDI COPOLYMER; GLYCERYL CAPRYLATE; POLYHYDROXYSTEARIC ACID (2300 MW); PROPYLENE CARBONATE; WATER; C12-15 ALKYL BENZOATE; COCONUT ALKANES; CAPRYLIC/CAPRIC TRIGLYCERIDE; SILICA; DISTEARDIMONIUM HECTORITE; LAUROYL LYSINE,spl_xml,87138-002-01,87138-002-01,kids,"Nov 17, 2025",1,https://dailymed.nlm.nih.gov/dailymed/drugInfo.cfm?setid=40945805-6f2e-74a1-e063-6394a90a04a3,
72ac88cf-9f20-44ea-b3a2-12c922eec2b3,,,,,Jordan Fat Kids,JORDAN FAT KIDS,cleaned_labeler,JORDAN FAT KIDS TALLOW SUNSCREEN SPF 30,"JORDAN FAT KIDS TALLOW SUNSCREEN SPF 30 (MENTHOL, METHYL SALICYLATE) OINTMENT [JORDAN FAT KIDS LLC]",JORDAN FAT KIDS LLC,sunscreen,ointment,TRUE,FALSE,FALSE,TRUE,1,ZINC OXIDE: 180 mg in 1 g,6,BEESWAX; BOSWELLIA CARTERII OIL; SHEA BUTTER; BITTER ORANGE OIL; ALMOND OIL; JOJOBA OIL,spl_xml,85979-630-00,85979-630-00,kids,"Aug 06, 2025",1,https://dailymed.nlm.nih.gov/dailymed/drugInfo.cfm?setid=72ac88cf-9f20-44ea-b3a2-12c922eec2b3,
35cd5542-947d-a042-e063-6394a90a13f8,,,,,Aloe,ALOE,cleaned_labeler,ALOE UP SPF 50 KIDS MINERAL,"ALOE UP SPF 50 KIDS MINERAL (ZINC OXIDE) LOTION [ALOE INTERNATIONAL, LLC]","ALOE INTERNATIONAL, LLC",sunscreen,lotion,TRUE,FALSE,FALSE,TRUE,1,ZINC OXIDE: 20 g in 100 g,21,SUCROSE TRISTEARATE; .ALPHA.-TOCOPHEROL ACETATE; FRAGRANCE 13576; GLYCERIN; GLYCERYL STEARATE; PANTHENOL; SACCHARIDE ISOMERATE; SODIUM PHYTATE; ALOE VERA LEAF; BENZYL ALCOHOL; DEHYDROACETIC ACID; ETHYLHEXYL METHOXYCRYLENE; POLYHYDROXYSTEARIC ACID (2300 MW); SODIUM STEAROYL GLUTAMATE; SUCROSE PALMITATE; WATER; XANTHAN GUM; NIACINAMIDE; COCO-CAPRYLATE; BUTYLOCTYL SALICYLATE; CITRIC ACID,spl_xml,61477-236-01,61477-236-01,kids,"Jun 20, 2025",3,https://dailymed.nlm.nih.gov/dailymed/drugInfo.cfm?setid=35cd5542-947d-a042-e063-6394a90a13f8,
33119ec6-2cd8-8978-e063-6394a90afd97,,,,,Hiya Health,HIYA HEALTH,cleaned_labeler,HIYA KIDS SPF 40 MINERAL SUNSCREN,HIYA KIDS SPF 40 MINERAL SUNSCREN (ZINC OXIDE) PASTE [HIYA HEALTH PRODUCTS LLC],HIYA HEALTH PRODUCTS LLC,sunscreen,paste,TRUE,FALSE,FALSE,TRUE,1,ZINC OXIDE: 200 mg in 1 g,13,POLYHYDROXYSTEARIC ACID (2300 MW); PRUNUS AMYGDALUS DULCIS (SWEET ALMOND) OIL; BEESWAX; HYDROLYZED JOJOBA ESTERS; .ALPHA.-TOCOPHEROL ACETATE; LEMON BALM OIL; SORBITAN OLIVATE; CALENDULA OFFICINALIS FLOWER; MICA; PLANTAGO LANCEOLATA LEAF; SILICA; SUNFLOWER OIL; SQUALANE,spl_xml,85447-001-01,85447-001-01,kids,"May 05, 2025",2,https://dailymed.nlm.nih.gov/dailymed/drugInfo.cfm?setid=33119ec6-2cd8-8978-e063-6394a90afd97,
2f7225d0-ddfa-e19a-e063-6294a90a52a8,,,,,Fallien Cosmeceuticals,FALLIEN COSMECEUTICALS,cleaned_labeler,COTZ KIDS MINERAL SUN STICK,"COTZ KIDS MINERAL SUN STICK (TITANIUM DIOXIDE, ZINC OXIDE) STICK [FALLIEN COSMECEUTICALS, LTD]","FALLIEN COSMECEUTICALS, LTD",,stick,TRUE,TRUE,FALSE,TRUE,2,ZINC OXIDE: 55 mg in 1 g; TITANIUM DIOXIDE: 40 mg in 1 g,25,"ALUMINUM HYDROXIDE; HEXYLDECANOL; PEG-8; POLYHYDROXYSTEARIC ACID (2300 MW); STEARIC ACID; TOCOPHEROL; HEXYLDECYL LAURATE; PROPYLENE GLYCOL DICAPRYLATE/DICAPRATE; PEG/PPG-15/15 DIMETHICONE; ETHYLHEXYL PALMITATE; POLYGLYCERYL-3 DIISOSTEARATE; CERESIN; ASCORBIC ACID; HELIANTHUS ANNUUS (SUNFLOWER) SEED WAX; LECITHIN, SOYBEAN; CETEARYL ISONONANOATE; ALUMINUM STEARATE; ETHYLENE BRASSYLATE; CETYL DIMETHYLBUTYL ETHER; ALUMINA; C12-15 ALKYL BENZOATE; CITRIC ACID; ZINGIBER OFFICINALE (GINGER) ROOT OIL; ALPHA-TOCOPHEROL ACETATE; ASCORBYL PALMITATE",spl_xml,58892-362-30,58892-362-30,kids,"Mar 05, 2025",1,https://dailymed.nlm.nih.gov/dailymed/drugInfo.cfm?setid=2f7225d0-ddfa-e19a-e063-6294a90a52a8,
2f17b5fe-44da-964b-e063-6394a90ae699,,,,,SPF Ventures,SPF VENTURES,cleaned_labeler,BRUSH ON BLOCK SPF 50 KIDS MINERAL,"BRUSH ON BLOCK SPF 50 KIDS MINERAL (ZINC OXIDE) SPRAY [SPF VENTURES, LLC]","SPF VENTURES, LLC",sunscreen,spray,TRUE,FALSE,FALSE,TRUE,1,ZINC OXIDE: 15 g in 100 mL,25,"ALOE BARBADENSIS LEAF; C13-16 ISOPARAFFIN; CAPRYLIC/CAPRIC TRIGLYCERIDE; CITRIC ACID; DECYL GLUCOSIDE; DODECANE; GLYCERIN; HEPTYL UNDECYLENATE; NIACINAMIDE; CHAMOMILE; SORBITAN STEARATE; TRIDECYL SALICYLATE; XANTHAN GUM; LEUCONOSTOC/RADISH ROOT FERMENT FILTRATE; CAMELLIA SINENSIS LEAF; GLYCERYL STEARATE SE; BUTYLOCTYL SALICYLATE; PROPANEDIOL; ALLANTOIN; WATER; GLYCERYL STEARATE CITRATE; .ALPHA.-TOCOPHEROL ACETATE, D-; CARTHAMUS TINCTORIUS (SAFFLOWER) SEED OIL; POLYHYDROXYSTEARIC ACID (2300 MW); WATERMELON",spl_xml,58274-027-01,58274-027-01,kids,"Feb 28, 2025",1,https://dailymed.nlm.nih.gov/dailymed/drugInfo.cfm?setid=2f17b5fe-44da-964b-e063-6394a90ae699,
b72caf9b-46df-f30c-e053-2995a90a9b6d,,,,,Allure,ALLURE,cleaned_labeler,KIDS BROAD SPECTRUM SPF 35,"KIDS BROAD SPECTRUM SPF 35 (ZINC OXIDE) CREAM [ALLURE LABS, LLC]","ALLURE LABS, LLC",sunscreen,cream,TRUE,FALSE,FALSE,TRUE,1,ZINC OXIDE: 189 mg in 1 g,20,"PLANTAGO LANCEOLATA LEAF; ASCORBYL PALMITATE; SORBITAN MONOSTEARATE; CETEARYL GLUCOSIDE; CETYL ALCOHOL; ETHYLHEXYLGLYCERIN; GLYCERIN; PORPHYRA UMBILICALIS; CARRAGEENAN; WATER; STEARYL ALCOHOL; POLYHYDROXYSTEARIC ACID STEARATE; ISOSTEARIC ACID; PUNICA GRANATUM ROOT BARK; MEDIUM-CHAIN TRIGLYCERIDES; POLYSORBATE 60; STEARIC ACID; POLYGLYCERYL-3 RICINOLEATE; LECITHIN, SOYBEAN; XANTHAN GUM",spl_xml,62742-4114-1,62742-4114-1,kids,"Dec 09, 2024",2,https://dailymed.nlm.nih.gov/dailymed/drugInfo.cfm?setid=b72caf9b-46df-f30c-e053-2995a90a9b6d,
20ebe264-2f79-4eef-b83d-3f09a3ca2898,,,,,Organic & Sustainable Beauty,ORGANIC & SUSTAINABLE BEAUTY,cleaned_labeler,KIDS SPF30 SUPER SENSITIVE PLUS C111 SUNSCREEN,KIDS SPF30 SUPER SENSITIVE PLUS C111 SUNSCREEN (TITANIUM DIOXIDE) LOTION [ORGANIC & SUSTAINABLE BEAUTY],ORGANIC & SUSTAINABLE BEAUTY,sunscreen,lotion,FALSE,TRUE,FALSE,TRUE,1,TITANIUM DIOXIDE: 120 mg in 1 g,21,"Water; isoamyl laurate; coco-caprylate; calendula officinalis flower; VIOLA TRICOLOR WHOLE; polyglyceryl-2 dipolyhydroxystearate; CANDELILLA WAX; STARCH, RICE; CARTHAMUS TINCTORIUS SEED OLEOSOMES; polyglyceryl-3 diisostearate; levulinic acid; MEDIUM-CHAIN TRIGLYCERIDES; STARCH, TAPIOCA; ROSEMARY; COCONUT OIL; squalane; magnesium stearate; p-anisic acid; allantoin; mica; panthenol",spl_xml,52915-068-29,52915-068-29,kids,"Nov 08, 2024",2,https://dailymed.nlm.nih.gov/dailymed/drugInfo.cfm?setid=20ebe264-2f79-4eef-b83d-3f09a3ca2898,
0cdfc3a1-4bfa-474d-a4eb-4bfa1e628c89,,,,,Wal-Mart Stores,WAL-MART STORES,cleaned_labeler,EQUATE SUNSCREEN MINERAL BASED KIDS BROAD SPECTRUM SPF 50,"EQUATE SUNSCREEN MINERAL BASED KIDS BROAD SPECTRUM SPF 50 (HOMOSALATE , OCTOCRYLENE, ZINC OXIDE) STICK [WAL-MART STORES INC]",WAL-MART STORES INC,sunscreen,stick,TRUE,FALSE,TRUE,TRUE,3,HOMOSALATE: 50 mg in 1 g; OCTOCRYLENE: 100 mg in 1 g; ZINC OXIDE: 150 mg in 1 g,7,MEDIUM-CHAIN TRIGLYCERIDES; COCOA BUTTER; LAURYL LAURATE; ALKYL (C12-15) BENZOATE; TRIDECYL SALICYLATE; SYNTHETIC BEESWAX; CERESIN,spl_xml,49035-962-28,49035-962-28,kids,"Oct 18, 2024",4,https://dailymed.nlm.nih.gov/dailymed/drugInfo.cfm?setid=0cdfc3a1-4bfa-474d-a4eb-4bfa1e628c89,
a9f4fd45-3bbb-14a7-e053-2995a90ab28f,,,,,Meijer Distribution,MEIJER DISTRIBUTION,cleaned_labeler,MEIJER KIDS BROAD SPECTRUM SPF 50 MINERAL BASED SUNSCREEN,"MEIJER KIDS BROAD SPECTRUM SPF 50 MINERAL BASED SUNSCREEN (OCTINOXATE, OCTISALATE, ZINC OXIDE) LOTION [MEIJER DISTRIBUTION INC]",MEIJER DISTRIBUTION INC,sunscreen,lotion,TRUE,FALSE,TRUE,TRUE,3,ZINC OXIDE: 145 mg in 1 mL; OCTISALATE: 50 mg in 1 mL; OCTINOXATE: 75 mg in 1 mL,13,WATER; ALKYL (C12-15) BENZOATE; CYCLOMETHICONE 5; CETYL PEG/PPG-10/1 DIMETHICONE (HLB 5); TRIETHOXYCAPRYLYLSILANE; DIAZOLIDINYL UREA; METHYLPARABEN; PROPYLPARABEN; SODIUM CHLORIDE; PROPYLENE GLYCOL; ALOE VERA LEAF; ETHYLHEXYL PALMITATE; NEOPENTYL GLYCOL DIHEPTANOATE,spl_xml,41250-362-71,41250-362-71,kids,"Oct 18, 2024",4,https://dailymed.nlm.nih.gov/dailymed/drugInfo.cfm?setid=a9f4fd45-3bbb-14a7-e053-2995a90ab28f,
dbee42c8-9cae-7a81-e053-2a95a90a2329,,,,,Topco Associates,TOPCO ASSOCIATES,cleaned_labeler,TOPCARE EVERYDAY KIDS MINERAL SUNSCREEN,TOPCARE EVERYDAY KIDS MINERAL SUNSCREEN (ZINC OXIDE) LOTION [TOPCO ASSOCIATES LLC],TOPCO ASSOCIATES LLC,sunscreen,lotion,TRUE,FALSE,FALSE,TRUE,1,ZINC OXIDE: 216 mg in 1 mL,20,WATER; ALKYL (C12-15) BENZOATE; MEDIUM-CHAIN TRIGLYCERIDES; OCTYLDODECYL CITRATE CROSSPOLYMER; PHENYL TRIMETHICONE; CETYL PEG/PPG-10/1 DIMETHICONE (HLB 5); DIMETHICONE; POLYHYDROXYSTEARIC ACID (2300 MW); GLYCERIN; ETHYL METHICONE (8 MPA.S); CETYL DIMETHICONE 25; SILICON DIOXIDE; OATMEAL; GLYCERYL MONOBEHENATE; PHENYLETHYL ALCOHOL; CAPRYLYL GLYCOL; SODIUM CHLORIDE; PHENOXYETHANOL; CHLORPHENESIN; TANACETUM PARTHENIUM FLOWER,spl_xml,36800-257-09,36800-257-09,kids,"Oct 17, 2024",2,https://dailymed.nlm.nih.gov/dailymed/drugInfo.cfm?setid=dbee42c8-9cae-7a81-e053-2a95a90a2329,
f58ed2f9-67c3-ce91-e053-2995a90a1229,,,,,H.E.B,H.E.B,cleaned_labeler,HEB SPF 50 KIDS PURPLE MINERAL SUNSCREEN STICK GRAPE SCENTED,HEB SPF 50 KIDS PURPLE MINERAL SUNSCREEN STICK GRAPE SCENTED (ZINC OXIDE) STICK [H.E.B.],H.E.B.,sunscreen,stick,TRUE,FALSE,FALSE,TRUE,1,ZINC OXIDE: 200 mg in 1 g,21,CANDELILLA WAX; SUNFLOWER OIL; SHEA BUTTER; SYNTHETIC BEESWAX; NEOPENTYL GLYCOL DIETHYLHEXANOATE; ISOSTEARIC ACID; CETYL ALCOHOL; COCOA BUTTER; CERESIN; ALKYL (C12-15) BENZOATE; KAOLIN; CAPRYLYL GLYCOL; COCONUT OIL; ULTRAMARINE BLUE; FD&C RED NO. 40; FD&C BLUE NO. 1 ALUMINUM LAKE; D&C RED NO. 7; ROSIN; INDIGOTINDISULFONATE SODIUM; CALCIUM SULFATE ANHYDROUS; FD&C YELLOW NO. 6,spl_xml,37808-039-01,37808-039-01,kids,"Oct 17, 2024",2,https://dailymed.nlm.nih.gov/dailymed/drugInfo.cfm?setid=f58ed2f9-67c3-ce91-e053-2995a90a1229,
3ca50033-5bcb-4a6d-8aba-a797c5b8d0e9,,,,,Joyspring,JOYSPRING,cleaned_labeler,JOYSPRING KIDS MINERAL SUNSCREEN SPF-30,JOYSPRING KIDS MINERAL SUNSCREEN SPF-30 (ZINC OXIDE) CREAM [JOYSPRING HOLDINGS LLC],JOYSPRING HOLDINGS LLC,sunscreen,cream,TRUE,FALSE,FALSE,TRUE,1,ZINC OXIDE: 200 mg in 1 mL,27,"ALOE VERA LEAF; WATER; ARGAN OIL; BUTYLOCTYL SALICYLATE; SHEA BUTTER; CALENDULA OFFICINALIS FLOWER; MEDIUM-CHAIN TRIGLYCERIDES; CAPRYLYL/CAPRYL OLIGOGLUCOSIDE; SAFFLOWER; CETOSTEARYL ALCOHOL; CETEARYL GLUCOSIDE; CETEARYL OLIVATE; CHAMOMILE; COCONUT OIL; GLUCONOLACTONE; GLYCERIN; GLYCERYL MONOSTEARATE; HELIANTHUS ANNUUS FLOWERING TOP; HYDROXYETHYL CELLULOSE, UNSPECIFIED; SODIUM BENZOATE; HYALURONATE SODIUM; SORBITAN OLIVATE; STEARIC ACID; COCOA; TOCOPHEROL; XANTHAN GUM; CORN",spl_xml,82552-354-00,82552-354-00,kids,"Nov 13, 2023",2,https://dailymed.nlm.nih.gov/dailymed/drugInfo.cfm?setid=3ca50033-5bcb-4a6d-8aba-a797c5b8d0e9,
25f060eb-628c-4a11-b1d7-06922ee86b24,,,,,Aruba Aloe,ARUBA ALOE BALM NV,labeler_map,BROAD SPECTRUM SPF50 WATER RESISTANT (80 MINUTES) MINERAL SUNSCREEN UVA UVB PROTECTION STICK FOR KIDS,BROAD SPECTRUM SPF50 WATER RESISTANT (80 MINUTES) MINERAL SUNSCREEN UVA UVB PROTECTION STICK FOR KIDS (ZINC OXIDE) STICK [ARUBA ALOE BALM NV],ARUBA ALOE BALM NV,sunscreen,stick,TRUE,FALSE,FALSE,TRUE,1,ZINC OXIDE: 200 mg in 1 mL,14,CANDELILLA WAX; MEDIUM-CHAIN TRIGLYCERIDES; YELLOW WAX; COCONUT OIL; MYRISTYL MYRISTATE; SHEA BUTTER; TRIDECYL SALICYLATE; COCOA BUTTER; HELIANTHUS ANNUUS SEED WAX; .ALPHA.-TOCOPHEROL ACETATE; ALOE VERA LEAF; SORBITAN MONOOLEATE; JOJOBA OIL; TRIETHOXYCAPRYLYLSILANE,spl_xml,53675-205-00,53675-205-00,kids,"Nov 08, 2023",2,https://dailymed.nlm.nih.gov/dailymed/drugInfo.cfm?setid=25f060eb-628c-4a11-b1d7-06922ee86b24,
76613a3d-f4a8-4961-b36a-d84b4e10dea0,,,,,Joyspring,JOYSPRING,cleaned_labeler,JOY SPRING KIDS MINERAL SUNSCREEN SPF-30,JOY SPRING KIDS MINERAL SUNSCREEN SPF-30 (ZINC OXIDE) LOTION [JOYSPRING HOLDINGS LLC],JOYSPRING HOLDINGS LLC,sunscreen,lotion,TRUE,FALSE,FALSE,TRUE,1,ZINC OXIDE: 200 mg in 1 mL,28,"ALOE VERA LEAF; WATER; ARGAN OIL; BUTYLOCTYL SALICYLATE; SHEA BUTTER; CALENDULA OFFICINALIS FLOWER; MEDIUM-CHAIN TRIGLYCERIDES; CAPRYLYL/CAPRYL OLIGOGLUCOSIDE; SAFFLOWER; CETOSTEARYL ALCOHOL; CETEARYL GLUCOSIDE; CETEARYL OLIVATE; CHAMOMILE; COCONUT OIL; GLUCONOLACTONE; GLYCERIN; GLYCERYL MONOSTEARATE; HELIANTHUS ANNUUS FLOWERING TOP; HYDROXYETHYL CELLULOSE, UNSPECIFIED; SODIUM BENZOATE; HYALURONATE SODIUM; SORBITAN OLIVATE; STEARIC ACID; COCOA; TOCOPHEROL; XANTHAN GUM; CORN; PROPANEDIOL",spl_xml,82552-356-00,82552-356-00,kids,"Nov 06, 2023",2,https://dailymed.nlm.nih.gov/dailymed/drugInfo.cfm?setid=76613a3d-f4a8-4961-b36a-d84b4e10dea0,
f843ddfe-1a5f-4b9d-bf2f-378187c1f6ec,,,,,Windmill Health,WINDMILL HEALTH,cleaned_labeler,KISS MY FACE KIDS 30 MINERAL SUNSCREEN,"KISS MY FACE KIDS 30 MINERAL SUNSCREEN (TITANIUM DIOXIDE) SPRAY [WINDMILL HEALTH PRODUCTS, LLC]","WINDMILL HEALTH PRODUCTS, LLC",sunscreen,spray,FALSE,TRUE,FALSE,TRUE,1,Titanium Dioxide: 78 mg in 1 mL,20,ALOE VERA LEAF; ALUMINUM OXIDE; Bentonite; Butyloctyl Salicylate; Caprylhydroxamic Acid; Caprylyl Glycol; SAFFLOWER OIL; CETOSTEARYL ALCOHOL; COCO GLUCOSIDE; CUCUMBER; Ethylhexylglycerin; GINKGO; Glycerin; Heptyl Undecylenate; IMPATIENS BALSAMINA LEAF; Methyl Dihydroabietate; AVOCADO; SILICON DIOXIDE; Tocopherol; WATER,spl_xml,74154-013-06,74154-013-06,kids,"Feb 25, 2022",1,https://dailymed.nlm.nih.gov/dailymed/drugInfo.cfm?setid=f843ddfe-1a5f-4b9d-bf2f-378187c1f6ec,
b3190e6c-5eee-4ac8-e053-2a95a90afa29,,,,,Astivita,ASTIVITA,cleaned_labeler,ZINC FIVE-O ZINXATION KIDS SUNSCREEN SPF-50,ZINC FIVE-O ZINXATION KIDS SUNSCREEN SPF-50 (ZINC OXIDE) LOTION [ASTIVITA LIMITED],ASTIVITA LIMITED,sunscreen,lotion,TRUE,FALSE,FALSE,TRUE,1,ZINC OXIDE: 25 g in 240 g,19,WATER; COCO-CAPRYLATE/CAPRATE; GLYCERIN; COCONUT ALKANES; JOJOBA OIL; POLYGLYCERYL-3 RICINOLEATE; YELLOW WAX; ISOSTEARIC ACID; POLYHYDROXYSTEARIC ACID (2300 MW); MALTODEXTRIN; PHENYLPROPANOL; PROPANEDIOL; CAPRYLYL GLYCOL; TOCOPHEROL; ETHYLHEXYLGLYCERIN; CETYL PHOSPHATE; SODIUM CHLORIDE; EDETATE DISODIUM; VANILLA BEAN,spl_xml,80982-004-39,80982-004-39,kids,"Jan 31, 2022",5,https://dailymed.nlm.nih.gov/dailymed/drugInfo.cfm?setid=b3190e6c-5eee-4ac8-e053-2a95a90afa29,
d4c83a31-eabd-5178-e053-2995a90a7b55,,,,,Private Label,THINK SPORT,labeler_map,THINK SPORT FOR KIDS,THINK SPORT FOR KIDS (SUNSCREEN) STICK [PRIVATE LABEL SELECT LTD CO],PRIVATE LABEL SELECT LTD CO,sunscreen,stick,TRUE,FALSE,FALSE,TRUE,1,ZINC OXIDE: 20 g in 100 g,13,"CARNAUBA WAX; SHEA BUTTER; .ALPHA.-TOCOPHEROL, D-; COCONUT OIL; CANDELILLA WAX; SUNFLOWER OIL; WHITE WAX; .GAMMA.-TOCOPHEROL; CASTOR OIL; .BETA.-TOCOPHEROL; .DELTA.-TOCOPHEROL; ALOE VERA LEAF; COCOA BUTTER",spl_xml,62932-266-19,62932-266-19,kids,"Jan 05, 2022",1,https://dailymed.nlm.nih.gov/dailymed/drugInfo.cfm?setid=d4c83a31-eabd-5178-e053-2995a90a7b55,
8f0f2707-7fd6-491d-a928-7d420b17da80,,,,,Babyganics,BABYGANICS,labeler_map,"OUTDOOR ADVENTURE SET (ZINC OXIDE, TITANIUM DIOXIDE, AND OCTISALATE) KIT","OUTDOOR ADVENTURE SET (ZINC OXIDE, TITANIUM DIOXIDE, AND OCTISALATE) KIT [KAS DIRECT LLC DBA BABYGANICS]",KAS DIRECT LLC DBA BABYGANICS,,,TRUE,TRUE,TRUE,TRUE,3,Titanium Dioxide: 30 mg in 1 mL; OCTISALATE: 50 mg in 1 mL; ZINC OXIDE: 60 mg in 1 mL,29,"WATER; BUTYLOCTYL SALICYLATE; Neopentyl Glycol Diethylhexanoate; MEDIUM-CHAIN TRIGLYCERIDES; Stearyl/Octyldodecyl Citrate Crosspolymer; Polyglyceryl-2 Stearate; CETYL ALCOHOL; JOJOBA OIL; GLYCERYL MONOSTEARATE; GLYCERIN; COCONUT OIL; TOMATO SEED OIL; SUNFLOWER OIL; ETHYLHEXYLGLYCERIN; CRANBERRY SEED OIL; Nigella Sativa Seed Oil; RASPBERRY SEED OIL; PHENOXYETHANOL; XANTHAN GUM; SHEA BUTTER; JOJOBA OIL, RANDOMIZED; Stearyl Alcohol; Arachidyl Alcohol; Arachidyl Glucoside; DOCOSANOL; POLYHYDROXYSTEARIC ACID STEARATE; SILICON DIOXIDE; ALUMINUM OXIDE; Trisodium Ethylenediamine Disuccinate",spl_xml,59062-1100-2,59062-1100-2; 59062-5200-1,kids,"Nov 25, 2020",1,https://dailymed.nlm.nih.gov/dailymed/drugInfo.cfm?setid=8f0f2707-7fd6-491d-a928-7d420b17da80,
23915bcf-1ca5-71a8-e054-00144ff8d46c,,,,,Prime Enterprises,PRIME ENTERPRISES,cleaned_labeler,AUSTRALIAN GOLD KIDS SPF 50 SUNSCREEN,"AUSTRALIAN GOLD KIDS SPF 50 SUNSCREEN (HOMOSALATE, OCTINOXATE, OCTISALATE AND TITANIUM DIOXIDE) LOTION [PRIME ENTERPRISES INC.]",PRIME ENTERPRISES INC.,sunscreen,lotion,FALSE,TRUE,TRUE,TRUE,4,TITANIUM DIOXIDE: 24.5 mg in 1 mL; HOMOSALATE: 102 mg in 1 mL; OCTISALATE: 51 mg in 1 mL; OCTINOXATE: 76.5 mg in 1 mL,25,HYPROMELLOSES; OLIVE OIL; HIGH DENSITY POLYETHYLENE; POLYSORBATE 20; PROPYLENE GLYCOL; SORBITAN MONOOLEATE; CARBOMER HOMOPOLYMER TYPE C (ALLYL PENTAERYTHRITOL CROSSLINKED); GREEN TEA LEAF; ALKYL (C12-15) BENZOATE; SUNFLOWER OIL; ALOE VERA LEAF; (C10-C30)ALKYL METHACRYLATE ESTER; KAKADU PLUM; ALPHA-TOCOPHEROL ACETATE; CAPRYLYL GLYCOL; WATER; DIMETHICONE; POLYHYDROXYSTEARIC ACID (2300 MW); TEA TREE OIL; COCOA BUTTER; EDETATE DISODIUM; GLYCERIN; SODIUM HYDROXIDE; METHACRYLATE/METHOXY PEG-10 MALEATE/STYRENE COPOLYMER; CAPRYLHYDROXAMIC ACID,spl_xml,58443-0200-4,58443-0200-4,kids,"Jan 21, 2020",3,https://dailymed.nlm.nih.gov/dailymed/drugInfo.cfm?setid=23915bcf-1ca5-71a8-e054-00144ff8d46c,
33b2b7a3-e9df-2815-e054-00144ff8d46c,,,,,Prime Enterprises,PRIME ENTERPRISES,cleaned_labeler,DEFENSE ZONE KIDS BROAD SPECTRUM SPF 50 SUNSCREEN,"DEFENSE ZONE KIDS BROAD SPECTRUM SPF 50 SUNSCREEN (HOMOSALATE, OCTINOXATE, OCTISALATE, TITANIUM DIOXIDE) LOTION [PRIME ENTERPRISES INC.]",PRIME ENTERPRISES INC.,sunscreen,lotion,FALSE,TRUE,TRUE,TRUE,4,OCTINOXATE: 75.8 mg in 1 mL; HOMOSALATE: 151.5 mg in 1 mL; OCTISALATE: 50.5 mg in 1 mL; TITANIUM DIOXIDE: 24.2 mg in 1 mL,19,POLYHYDROXYSTEARIC ACID (2300 MW); STYRENE/ACRYLAMIDE COPOLYMER (MW 500000); POLYSORBATE 20; COCOA BUTTER; EDETATE DISODIUM; TROLAMINE; METHYLISOTHIAZOLINONE; METHYLPARABEN; PROPYLPARABEN; HYPROMELLOSES; PROPYLENE GLYCOL; ALOE VERA LEAF; CARBOMER 940; CARBOMER COPOLYMER TYPE A (ALLYL PENTAERYTHRITOL CROSSLINKED); ALPHA-TOCOPHEROL ACETATE; ALKYL (C12-15) BENZOATE; WATER; SORBITAN MONOOLEATE; HIGH DENSITY POLYETHYLENE,spl_xml,58443-0233-4,58443-0233-4,kids,"Jan 21, 2020",2,https://dailymed.nlm.nih.gov/dailymed/drugInfo.cfm?setid=33b2b7a3-e9df-2815-e054-00144ff8d46c,
6d99a7c2-7c49-410f-9c36-fe83213c8a76,,,,,Kareway,KAREWAY,cleaned_labeler,KIDS SUNSCREEN,"KIDS SUNSCREEN (OCTINOXATE AND TITANIUM DIOXIDE) LOTION [KAREWAY PRODUCT, INC.]","KAREWAY PRODUCT, INC.",sunscreen,lotion,FALSE,TRUE,TRUE,TRUE,2,OCTINOXATE: 7 g in 100 mL; TITANIUM DIOXIDE: 2.8 g in 100 mL,15,"GLYCERIN; GLYCERYL MONOSTEARATE; PEG-100 STEARATE; ETHYLHEXYLGLYCERIN; EDETATE DISODIUM ANHYDROUS; STEARIC ACID; TROLAMINE; WATER; 1,2-HEXANEDIOL; CARBOMER COPOLYMER TYPE A (ALLYL PENTAERYTHRITOL CROSSLINKED); CHLORPHENESIN; PHENOXYETHANOL; CETYL ALCOHOL; DIMETHICONE; BUTYLENE GLYCOL",spl_xml,67510-0082-5,67510-0082-5,kids,"Oct 07, 2019",5,https://dailymed.nlm.nih.gov/dailymed/drugInfo.cfm?setid=6d99a7c2-7c49-410f-9c36-fe83213c8a76,
1b91aa24-1321-4584-a245-b362c927a8b1,,,,,Wegman,WEGMAN,cleaned_labeler,KIDS SUNSCREEN SPF 50 WEGMANS,KIDS SUNSCREEN SPF 50 WEGMANS (HOMOSALATE - 6.00% OCTINOXATE - 7.50% OCTISALATE - 5.00% OCTOCRYLENE - 10.00% ZINC OXIDE - 8.00%) STICK [WEGMAN],WEGMAN,sunscreen,stick,TRUE,FALSE,TRUE,TRUE,5,Homosalate: 6 g in 100 g; Octinoxate: 7.5 g in 100 g; Octisalate: 5 g in 100 g; Octocrylene: 10 g in 100 g; Zinc Oxide: 8 g in 100 g,19,"1,2-Hexanediol; Aloe; ALKYL (C12-15) BENZOATE; Caprylyl Glycol; Ceresin; CARNAUBA WAX; Dimethicone; Ethyl Macadamiate; Ethylhexyl Palmitate; HELIANTHUS ANNUUS SEED WAX; HYDROGENATED POLYBUTENE (1300 MW); LAVANDULA ANGUSTIFOLIA SUBSP. ANGUSTIFOLIA FLOWERING TOP; CHAMOMILE FLOWER OIL; Mineral Oil; Octyldodecanol; ALMOND OIL; Sorbitan Sesquioleate; .ALPHA.-TOCOPHEROL ACETATE; Triethoxycaprylylsilane",spl_xml,47124-338-01,47124-338-01,kids,"May 21, 2018",1,https://dailymed.nlm.nih.gov/dailymed/drugInfo.cfm?setid=1b91aa24-1321-4584-a245-b362c927a8b1,
6a0f2536-6498-1dc7-e053-2a91aa0a57ab,,,,,Goddess Garden,GODDESS GARDEN,labeler_map,KIDS 50 SPF50,"KIDS 50 SPF50 (TITANIUM DIOXIDE, ZINC OXIDE) LOTION [CROSSING CULTURES LLC DBA GODDESS GARDEN]",CROSSING CULTURES LLC DBA GODDESS GARDEN,sunscreen,lotion,TRUE,TRUE,FALSE,TRUE,2,TITANIUM DIOXIDE: 11 g in 100 g; ZINC OXIDE: 11.25 g in 100 g,18,CAPRYLHYDROXAMIC ACID; SAFFLOWER OIL; GLYCERIN; ALOE VERA LEAF; LAVENDER OIL; SORBITAN MONOOLEATE; TOCOPHEROL; WATER; GLYCERYL MONOCAPRYLATE; GLYCERYL STEARATE CITRATE; SUNFLOWER OIL; STEARIC ACID; XANTHAN GUM; ALUMINUM HYDROXIDE; SHEA BUTTER; MEDIUM-CHAIN TRIGLYCERIDES; LAVANDIN OIL; POLYHYDROXYSTEARIC ACID (2300 MW),spl_xml,58479-206-02,58479-206-02,kids,"Apr 18, 2018",1,https://dailymed.nlm.nih.gov/dailymed/drugInfo.cfm?setid=6a0f2536-6498-1dc7-e053-2a91aa0a57ab,
43a6b8e3-49f7-2ac7-e054-00144ff88e88,,,,,Goddess Garden,GODDESS GARDEN,title_prefix,"GODDESS GARDEN ORGANICS KIDS NATURAL SUNSCREEN SPF 30 (TITANIUM DIOXIDE, ZINC OXIDE) SPRAY GODDESS GARDEN ORGANICS KIDS NATURAL SUNSCREEN SPF 30 (TITANIUM DIOXIDE, ZINC OXIDE) AEROSOL","GODDESS GARDEN ORGANICS KIDS NATURAL SUNSCREEN SPF 30 (TITANIUM DIOXIDE, ZINC OXIDE) SPRAY GODDESS GARDEN ORGANICS KIDS NATURAL SUNSCREEN SPF 30 (TITANIUM DIOXIDE, ZINC OXIDE) AEROSOL, SPRAY [CROSSING CULTURES, LLC DBA GODDESS GARDEN]","CROSSING CULTURES, LLC DBA GODDESS GARDEN",sunscreen,spray,TRUE,TRUE,FALSE,TRUE,2,TITANIUM DIOXIDE: 6.4 g in 100 g; ZINC OXIDE: 6 g in 100 g,16,SAFFLOWER OIL; LAVANDIN OIL; WATER; ALOE VERA LEAF; ALUMINUM HYDROXIDE; MEDIUM-CHAIN TRIGLYCERIDES; CAPRYLHYDROXAMIC ACID; GLYCERIN; GLYCERYL CAPRYLATE; POLYGLYCERYL-10 DECAOLEATE; GLYCERYL STEARATE CITRATE; POLYHYDROXYSTEARIC ACID (2300 MW); LAVENDER OIL; STEARIC ACID; TOCOPHEROL; XANTHAN GUM,spl_xml,58479-042-00,58479-042-00; 58479-042-01; 58479-043-00,kids,"Dec 15, 2016",1,https://dailymed.nlm.nih.gov/dailymed/drugInfo.cfm?setid=43a6b8e3-49f7-2ac7-e054-00144ff88e88,
2e2db5b7-0752-42ad-a11b-792eb1f954ae,,,,,Goddess Garden,GODDESS GARDEN,labeler_map,KIDS SPORT NATURAL MINERAL SUNSCREEN BROAD SPECTRUM SPF 30,"KIDS SPORT NATURAL MINERAL SUNSCREEN BROAD SPECTRUM SPF 30 (TITANIUM DIOXIDE, ZINC OXIDE) LOTION [CROSSING CULTURES LLC DBA GODDESS GARDEN]",CROSSING CULTURES LLC DBA GODDESS GARDEN,sunscreen,lotion,TRUE,TRUE,FALSE,TRUE,2,TITANIUM DIOXIDE: 6.4 g in 100 g; ZINC OXIDE: 6 g in 100 g,17,ALUMINUM HYDROXIDE; SHEA BUTTER; SORBITAN MONOOLEATE; WATER; ALOE VERA LEAF; MEDIUM-CHAIN TRIGLYCERIDES; COCONUT OIL; CAPRYLHYDROXAMIC ACID; SAFFLOWER OIL; GLYCERIN; GLYCERYL CAPRYLATE; GLYCERYL STEARATE CITRATE; SUNFLOWER OIL; STEARIC ACID; TOCOPHEROL; XANTHAN GUM; POLYHYDROXYSTEARIC ACID (2300 MW),spl_xml,58479-034-00,58479-034-00; 58479-034-01; 58479-034-02,kids,"Dec 06, 2016",3,https://dailymed.nlm.nih.gov/dailymed/drugInfo.cfm?setid=2e2db5b7-0752-42ad-a11b-792eb1f954ae,
5bccb774-b3f7-47e0-956c-e6d37c6a7d92,,,,,Goddess Garden,GODDESS GARDEN,labeler_map,KIDS NATURAL MINERAL SUNSCREEN BROAD SPECTRUM SPF 30,"KIDS NATURAL MINERAL SUNSCREEN BROAD SPECTRUM SPF 30 (TITANIUM DIOXIDE, ZINC OXIDE) LOTION [CROSSING CULTURES LLC DBA GODDESS GARDEN]",CROSSING CULTURES LLC DBA GODDESS GARDEN,sunscreen,lotion,TRUE,TRUE,FALSE,TRUE,2,TITANIUM DIOXIDE: 6.4 g in 100 g; ZINC OXIDE: 6 g in 100 g,18,ALOE VERA LEAF; MEDIUM-CHAIN TRIGLYCERIDES; SHEA BUTTER; CAPRYLHYDROXAMIC ACID; SAFFLOWER OIL; GLYCERIN; GLYCERYL CAPRYLATE; GLYCERYL STEARATE CITRATE; SUNFLOWER OIL; LAVENDER OIL; STEARIC ACID; TOCOPHEROL; XANTHAN GUM; ALUMINUM HYDROXIDE; WATER; LAVANDIN OIL; POLYHYDROXYSTEARIC ACID (2300 MW); SORBITAN MONOOLEATE,spl_xml,58479-038-00,58479-038-00; 58479-038-01; 58479-038-02; 58479-038-03,kids,"Dec 06, 2016",3,https://dailymed.nlm.nih.gov/dailymed/drugInfo.cfm?setid=5bccb774-b3f7-47e0-956c-e6d37c6a7d92,
6a98b4f6-098b-4f3a-b6b0-ba93203a33a8,,,,,Goddess Garden,GODDESS GARDEN,labeler_map,"KIDS SPORT NATURAL MINERAL SUNSCREEN BROAD SPECTRUM SPF 30 (TITANIUM DIOXIDE, ZINC OXIDE) AEROSOL","KIDS SPORT NATURAL MINERAL SUNSCREEN BROAD SPECTRUM SPF 30 (TITANIUM DIOXIDE, ZINC OXIDE) AEROSOL, SPRAY [CROSSING CULTURES LLC DBA GODDESS GARDEN]",CROSSING CULTURES LLC DBA GODDESS GARDEN,sunscreen,spray,TRUE,TRUE,FALSE,TRUE,2,TITANIUM DIOXIDE: 6.4 g in 100 g; ZINC OXIDE: 6 g in 100 g,15,ALUMINUM HYDROXIDE; POLYHYDROXYSTEARIC ACID (2300 MW); WATER; POLYGLYCERYL-10 DECAOLEATE; ALOE VERA LEAF; MEDIUM-CHAIN TRIGLYCERIDES; CAPRYLHYDROXAMIC ACID; SAFFLOWER OIL; GLYCERIN; GLYCERYL CAPRYLATE; GLYCERYL STEARATE CITRATE; SUNFLOWER OIL; STEARIC ACID; TOCOPHEROL; XANTHAN GUM,spl_xml,58479-037-00,58479-037-00; 58479-037-01,kids,"Dec 06, 2016",3,https://dailymed.nlm.nih.gov/dailymed/drugInfo.cfm?setid=6a98b4f6-098b-4f3a-b6b0-ba93203a33a8,
ca29aefd-9662-4d2e-b9ac-fa4b67f7b463,,,,,Goddess Garden,GODDESS GARDEN,labeler_map,KIDS NATURAL MINERAL SUNSCREEN BROAD SPECTRUM SPF 30,"KIDS NATURAL MINERAL SUNSCREEN BROAD SPECTRUM SPF 30 (TITANIUM DIOXIDE, ZINC OXIDE) SPRAY [CROSSING CULTURES LLC DBA GODDESS GARDEN]",CROSSING CULTURES LLC DBA GODDESS GARDEN,sunscreen,spray,TRUE,TRUE,FALSE,TRUE,2,TITANIUM DIOXIDE: 6.4 g in 100 g; ZINC OXIDE: 6 g in 100 g,17,WATER; ALOE VERA LEAF; MEDIUM-CHAIN TRIGLYCERIDES; CAPRYLHYDROXAMIC ACID; SAFFLOWER OIL; GLYCERIN; GLYCERYL CAPRYLATE; GLYCERYL STEARATE CITRATE; SUNFLOWER OIL; LAVENDER OIL; STEARIC ACID; TOCOPHEROL; XANTHAN GUM; LAVANDIN OIL; POLYGLYCERYL-10 DECAOLEATE; POLYHYDROXYSTEARIC ACID (2300 MW); ALUMINUM HYDROXIDE,spl_xml,58479-032-00,58479-032-00; 58479-032-01; 58479-032-02,kids,"Dec 06, 2016",3,https://dailymed.nlm.nih.gov/dailymed/drugInfo.cfm?setid=ca29aefd-9662-4d2e-b9ac-fa4b67f7b463,
7415511e-1ecf-4646-b64b-267fbf7d116b,,,,,Meijer Distribution,MEIJER DISTRIBUTION,cleaned_labeler,MEIJER KIDS TEAR FREE SPF 50,"MEIJER KIDS TEAR FREE SPF 50 (TITANIUM DIOXIDE, ZINC OXIDE) LOTION [MEIJER DISTRIBUTION, INC.]","MEIJER DISTRIBUTION, INC.",sunscreen,lotion,TRUE,TRUE,FALSE,TRUE,2,TITANIUM DIOXIDE: 3.2 g in 100 g; ZINC OXIDE: 4 g in 100 g,15,"WATER; MEDIUM-CHAIN TRIGLYCERIDES; ISOHEXADECANE; BUTYLOCTYL SALICYLATE; SODIUM CHLORIDE; ETHYLHEXYL METHOXYCRYLENE; DIMETHICONE; PHENOXYETHANOL; CAPRYLYL GLYCOL; POLYETHYLENE GLYCOL 400; ALUMINUM OXIDE; GLYCERIN; SODIUM CITRATE, UNSPECIFIED FORM; .ALPHA.-TOCOPHEROL ACETATE; ALOE VERA LEAF",spl_xml,41250-922-57,41250-922-57,kids,"Jun 02, 2016",1,https://dailymed.nlm.nih.gov/dailymed/drugInfo.cfm?setid=7415511e-1ecf-4646-b64b-267fbf7d116b,
29eea350-5159-206b-e054-00144ff88e88,,,,,Tonymoly,TONYMOLY,cleaned_labeler,TONYMOLY MY SUNNY KIDS AND MOM SUN CREAM,"TONYMOLY MY SUNNY KIDS AND MOM SUN CREAM (ZINC OXIDE) CREAM [TONYMOLY CO., LTD.]","TONYMOLY CO., LTD.",,cream,TRUE,TRUE,FALSE,TRUE,2,ZINC OXIDE: 27466.56 mg in 60 mL; TITANIUM DIOXIDE: 14745.78 mg in 60 mL,57,"LAMINARIA DIGITATA; CHAMAEMELUM NOBILE FLOWER; ASPALATHUS LINEARIS LEAF; LAVENDER OIL; AGARUM CLATHRATUM; SOLIDAGO VIRGAUREA FLOWERING TOP; DICAPRYLYL CARBONATE; CYCLOMETHICONE; MAGNESIUM SULFATE; ALUMINUM HYDROXIDE; ALUMINUM STEARATE; SORBITAN SESQUIOLEATE; PHENOXYETHANOL; CAPRYLYL GLYCOL; GLYCERYL CAPRYLATE; WATER; BIOSACCHARIDE GUM-1; NYMPHAEA ALBA FLOWER; NELUMBO NUCIFERA FLOWER; BUTYLENE GLYCOL; PROPYLENE GLYCOL; ETHYL MENTHANE CARBOXAMIDE; PIKEA ROBUSTA; CAPSOSIPHON FULVESCENS; CHLORELLA MINUTISSIMA; CODIUM FRAGILE; CODIUM TOMENTOSUM; DUNALIELLA SALINA; FUCUS VESICULOSUS; GELIDIUM CARTILAGINEUM; SPIRULINA PLATENSIS; ULVA LACTUCA; DISTEARDIMONIUM HECTORITE; DIMETHICONE; GELIDIUM SESQUIPEDALE; UNDARIA PINNATIFIDA; CORALLINA OFFICINALIS; CHAMAECYPARIS OBTUSA LEAF; ECKLONIA CAVA; PORPHYRA YEZOENSIS; SARGASSUM FULVELLUM; SEA CUCUMBER, UNSPECIFIED; SOLIDAGO VIRGAUREA WHOLE; POLYSORBATE 80; LAVANDULA ANGUSTIFOLIA FLOWER; CARBOXYMETHYLCELLULOSE SODIUM; BETULA PUBESCENS RESIN; BEET; SALICORNIA EUROPAEA; TILIA X EUROPAEA FLOWER; ALOE VERA LEAF; MENTHYL PYRROLIDONE CARBOXYLATE, (-),DL-; ULVA COMPRESSA; SARGASSUM FUSIFORME; LAMINARIA HYPERBOREA; LAMINARIA JAPONICA; PLATINUM",spl_xml,59078-124-01,59078-124-01,kids,"Feb 05, 2016",3,https://dailymed.nlm.nih.gov/dailymed/drugInfo.cfm?setid=29eea350-5159-206b-e054-00144ff88e88,
b02ac130-d0ed-4850-8aa3-4660eca88150,,,,,Sasa Cosmetics,SASA COSMETICS,cleaned_labeler,SAFE SEA SPF 50 KIDS,"SAFE SEA SPF 50 KIDS (OCTINOXATE, OCTISALATE, ZINC OXIDE, TITANIUM DIOXIDE) LOTION [SASA COSMETICS]",SASA COSMETICS,sunscreen,lotion,TRUE,TRUE,TRUE,TRUE,4,OCTINOXATE: 75 mg in 1 g; OCTISALATE: 50 mg in 1 g; ZINC OXIDE: 50 mg in 1 g; TITANIUM DIOXIDE: 20 mg in 1 g,25,WATER; CYCLOMETHICONE 5; STEARYL DIMETHICONE (400 MPA.S AT 50C); CETYL DIMETHICONE 25; PROPYLENE GLYCOL; LAURYL PEG/PPG-18/18 METHICONE; CETYL PEG/PPG-10/1 DIMETHICONE (HLB 2); HYDROGENATED CASTOR OIL; PANTHENOL; .ALPHA.-TOCOPHEROL ACETATE; LANTHANUM CHLORIDE; MAGNESIUM CHLORIDE; CALCIUM CHLORIDE; PHAEODACTYLUM TRICORNUTUM; SACCHAROMYCES CEREVISIAE; POLYSULFATED GLYCOSAMINOGLYCAN; BENZYL ALCOHOL; CHLORPHENESIN; BENZOIC ACID; SORBIC ACID; DEHYDROACETIC ACID; EDETATE SODIUM; SODIUM CITRATE; TRIETHOXYCAPRYLYLSILANE; TRIMETHOXYCAPRYLYLSILANE,spl_xml,66134-052-52,66134-052-52,kids,"Jan 08, 2015",1,https://dailymed.nlm.nih.gov/dailymed/drugInfo.cfm?setid=b02ac130-d0ed-4850-8aa3-4660eca88150,
a2ac325f-6760-41fa-a635-11852fd70209,,,,,Nidaria Technology,NIDARIA TECHNOLOGY,cleaned_labeler,SAFE SEA FOR KIDS SUNSCREEN WITH JELLYFISH STING PROTECTIVE SPF 30 PLUS,"SAFE SEA FOR KIDS SUNSCREEN WITH JELLYFISH STING PROTECTIVE SPF 30 PLUS (OCTINOXATE, OCTISALATE, OXYBENZONE, TITANIUM DIOXIDE) LOTION [NIDARIA TECHNOLOGY LTD.]",NIDARIA TECHNOLOGY LTD.,sunscreen,lotion,FALSE,TRUE,TRUE,TRUE,4,OCTINOXATE: 7.5 mL in 100 mL; OCTISALATE: 5 mL in 100 mL; OXYBENZONE: 3 mL in 100 mL; TITANIUM DIOXIDE: 2 mL in 100 mL,14,WATER; CYCLOMETHICONE; MINERAL OIL; SODIUM DICHLOROACETATE; HYDROGENATED CASTOR OIL; PROPYLENE GLYCOL; DIAZOLIDINYL UREA; PROPYLPARABEN; METHYLPARABEN; MAGNESIUM CHLORIDE; SODIUM CITRATE; EDETATE SODIUM; TRIMETHOXYCAPRYLYLSILANE; CALCIUM CHLORIDE,spl_xml,65435-0133-5,65435-0133-5,kids,"Dec 14, 2011",2,https://dailymed.nlm.nih.gov/dailymed/drugInfo.cfm?setid=a2ac325f-6760-41fa-a635-11852fd70209,
354ef99d-a94d-438d-b62f-c91b2107e266,,,,,Cadey S.R.L,CADEY S.R.L,cleaned_labeler,BILBOA KIDS SUNSCREEN SPF 50 PLUS,"BILBOA KIDS SUNSCREEN SPF 50 PLUS (HOMOSALATE, OCTISALATE, OXYBENZONE, ZINC OXIDE) LOTION [CADEY S.R.L.]",CADEY S.R.L.,sunscreen,lotion,TRUE,FALSE,TRUE,TRUE,4,HOMOSALATE: 13 mL in 100 mL; OCTISALATE: 3 mL in 100 mL; OXYBENZONE: 6 mL in 100 mL; ZINC OXIDE: 11.52 mL in 100 mL,21,"WATER; DICAPRYLYL CARBONATE; BUTYLOCTYL SALICYLATE; GLYCERIN; HYDROGENATED CASTOR OIL; DIMETHICONE; PHENOXYETHANOL; MAGNESIUM SULFATE, UNSPECIFIED; SODIUM CHLORIDE; TRIETHOXYCAPRYLYLSILANE; ETHYLHEXYLGLYCERIN; TROPOLONE; PROPYLENE CARBONATE; BENZYL SALICYLATE; LINALOOL, DL-; GERANIOL; BUTYLPHENYL METHYLPROPIONAL; COUMARIN; .ALPHA.-HEXYLCINNAMALDEHYDE; ISOMETHYL-.ALPHA.-IONONE; HYDROXYISOHEXYL 3-CYCLOHEXENE CARBOXALDEHYDE",spl_xml,76070-130-06,76070-130-06,kids,"May 09, 2011",2,https://dailymed.nlm.nih.gov/dailymed/drugInfo.cfm?setid=354ef99d-a94d-438d-b62f-c91b2107e266,
b850f68e-4f52-6902-e053-2995a90aaa91,,,,,MUSTELA,MUSTELA,title_prefix,MUSTELA MINERAL SUNSCREEN SPF 50,MUSTELA MINERAL SUNSCREEN SPF 50 (ZINC OXIDE) STICK [EXPANSCIENCE LABORATORIES D/B/A MUSTELA],EXPANSCIENCE LABORATORIES D/B/A MUSTELA,sunscreen,stick,TRUE,FALSE,FALSE,TRUE,1,ZINC OXIDE: 197 mg in 1 g,18,"CHAMOMILE; AVOCADO OIL; YELLOW WAX; ORYZANOL; COCOA BUTTER; SHEA BUTTER; LEVOMENOL; TAMANU OIL; NASTURTIUM OFFICINALE FLOWERING TOP; SUNFLOWER OIL; JOJOBA OIL; FILIPENDULA ULMARIA FLOWER; CALENDULA OFFICINALIS FLOWER; RICE BRAN OIL; OCTYLDODECYL OLEATE; JOJOBA OIL, RANDOMIZED; TOCOPHEROL; CANDELILLA WAX",spl_xml,64768-2926-1,64768-2926-1,mustela,"Dec 06, 2024",5,https://dailymed.nlm.nih.gov/dailymed/drugInfo.cfm?setid=b850f68e-4f52-6902-e053-2995a90aaa91,
163f388e-849d-4b7e-93c1-9045d77a9ec2,,,,,MUSTELA,MUSTELA,title_prefix,MUSTELA DIAPER RASH 1 2 3,MUSTELA DIAPER RASH 1 2 3 (ZINC OXIDE) CREAM [EXPANSCIENCE LABORATORIES D/B/A MUSTELA],EXPANSCIENCE LABORATORIES D/B/A MUSTELA,diaper_cream,cream,TRUE,FALSE,FALSE,TRUE,1,ZINC OXIDE: 9.9 g in 100 g,19,"SUNFLOWER OIL; LEVULINIC ACID; MAGNESIUM SULFATE, UNSPECIFIED FORM; AVOCADO; AVOCADO OIL; POLYGLYCERYL-2 DIPOLYHYDROXYSTEARATE; POLYGLYCERYL-3 DIISOSTEARATE; PROPYLENE CARBONATE; SODIUM LEVULINATE; STEARALKONIUM HECTORITE; 4,4-DIMETHYLOXAZOLIDINE; WATER; YELLOW WAX; MEDIUM-CHAIN TRIGLYCERIDES; CAPRYLOYL GLYCINE; CAPRYLYL GLYCOL; COCO-CAPRYLATE/CAPRATE; ETHYL LINOLEATE; GLYCERIN",spl_xml,64768-2922-1,64768-2922-1,mustela,"Dec 04, 2024",7,https://dailymed.nlm.nih.gov/dailymed/drugInfo.cfm?setid=163f388e-849d-4b7e-93c1-9045d77a9ec2,
d9a2aaf6-ab71-97a3-e053-2a95a90a3498,,,,,MUSTELA,MUSTELA,title_prefix,MUSTELA DIAPER RASH SPRAYABLE,MUSTELA DIAPER RASH SPRAYABLE (ZINC OXIDE) CREAM [EXPANSCIENCE LABORATORIES D/B/A MUSTELA],EXPANSCIENCE LABORATORIES D/B/A MUSTELA,diaper_cream,cream,TRUE,FALSE,FALSE,TRUE,1,ZINC OXIDE: 149 mg in 1 mL,21,"BENTONITE; CHAMOMILE; COCO GLUCOSIDE; CETOSTEARYL ALCOHOL; OLIVE OIL; PROPANEDIOL; CASTOR OIL; GLYCERYL ROSINATE; CAPRYLHYDROXAMIC ACID; CAPRYLYL GLYCOL; GLYCERYL OLEATE; GLYCERIN; SUNFLOWER OIL; CALENDULA OFFICINALIS FLOWER; AVOCADO; ALOE VERA LEAF; OLEA EUROPAEA (OLIVE) OIL UNSAPONIFIABLES; MICROCRYSTALLINE CELLULOSE; CARBOXYMETHYLCELLULOSE SODIUM, UNSPECIFIED FORM; SHEA BUTTER; WATER",spl_xml,64768-2928-1,64768-2928-1,mustela,"Dec 04, 2024",4,https://dailymed.nlm.nih.gov/dailymed/drugInfo.cfm?setid=d9a2aaf6-ab71-97a3-e053-2a95a90a3498,
bcf5e724-b40a-49dd-8a09-57cefd7f65ad,,,,,CERAVE,CERAVE,title_prefix,"CERAVE DEVELOPED WITH DERMATOLOGISTS HYDRATING SUNSCREEN SPF 50 FACE LIGHTWEIGHT, NON-GREASY FEEL 3 ESSENTIAL CERAMIDES NIACINAMIDE MINERAL","CERAVE DEVELOPED WITH DERMATOLOGISTS HYDRATING SUNSCREEN SPF 50 FACE LIGHTWEIGHT, NON-GREASY FEEL 3 ESSENTIAL CERAMIDES NIACINAMIDE MINERAL (TITANIUM DIOXIDE AND ZINC OXIDE) LOTION [L'OREAL USA PRODUCTS INC]",L'OREAL USA PRODUCTS INC,sunscreen,lotion,TRUE,TRUE,FALSE,TRUE,2,TITANIUM DIOXIDE: 90 mg in 1 mL; ZINC OXIDE: 70 mg in 1 mL,43,WATER; GLYCERIN; ALKYL (C12-15) BENZOATE; DIMETHICONE; ISODODECANE; STYRENE/ACRYLAMIDE COPOLYMER (500000 MW); GLYCERYL MONOSTEARATE; BUTYLOCTYL SALICYLATE; DICAPRYLYL CARBONATE; PROPANEDIOL; STEARIC ACID; ALUMINUM HYDROXIDE; PEG-100 STEARATE; SORBITAN MONOSTEARATE; NIACINAMIDE; PEG-8 LAURATE; CERAMIDE NP; CERAMIDE AP; CERAMIDE 1; SORBITAN ISOSTEARATE; CARBOXYPOLYMETHYLENE; CETOSTEARYL ALCOHOL; POLYOXYL 20 CETOSTEARYL ETHER; TRIETHOXYCAPRYLYLSILANE; SODIUM CITRATE; SODIUM LAUROYL LACTYLATE; SODIUM DODECYLBENZENESULFONATE; MYRISTIC ACID; HYALURONATE SODIUM; CHOLESTEROL; PALMITIC ACID; phenoxyethanol; CHLORPHENESIN; TOCOPHEROL; HYDROXYETHYL ACRYLATE/SODIUM ACRYLOYLDIMETHYL TAURATE COPOLYMER (45000 MPA.S AT 1%); CAPRYLYL GLYCOL; CITRIC ACID ACETATE; PANTHENOL; XANTHAN GUM; PHYTOSPHINGOSINE; POLYHYDROXYSTEARIC ACID STEARATE; POLYSORBATE 60; ETHYLHEXYLGLYCERIN,spl_xml,49967-959-01,49967-959-01; 49967-959-02,cerave,"Jan 01, 2024",3,https://dailymed.nlm.nih.gov/dailymed/drugInfo.cfm?setid=bcf5e724-b40a-49dd-8a09-57cefd7f65ad,
e7043223-75ac-4c56-9549-781de3202dc5,,,,,Thinkbaby,THINKOPERATIONS,title_prefix,THINKBABY DIAPER RASH,"THINKBABY DIAPER RASH (ZINC OXIDE) CREAM [THINKOPERATIONS,LLC]","THINKOPERATIONS,LLC",diaper_cream,cream,TRUE,FALSE,FALSE,TRUE,1,ZINC OXIDE: 140 mg in 1 mL,7,SUNFLOWER OIL; CASTOR OIL; WHITE WAX; COCONUT OIL; JOJOBA OIL; SHEA BUTTER; TOCOPHEROL,spl_xml,60781-2018-1,60781-2018-1,thinkbaby,"Jan 18, 2023",3,https://dailymed.nlm.nih.gov/dailymed/drugInfo.cfm?setid=e7043223-75ac-4c56-9549-781de3202dc5,
9cd5010c-0b23-2888-e053-2995a90adb72,,,,,Thinksport,THINKOPERATIONS,title_prefix,THINKSPORT SUNSCREEN SPF 18,"THINKSPORT SUNSCREEN SPF 18 (ZINC OXIDE) STICK [THINKOPERATIONS,LLC]","THINKOPERATIONS,LLC",sunscreen,stick,TRUE,FALSE,FALSE,TRUE,1,ZINC OXIDE: 105 ug in 1 g,13,TRICAPRIN; COCONUT OIL; TOCOPHEROL; SUNFLOWER OIL; RED CURRANT; TAMANU OIL; SHEA BUTTER; RASPBERRY SEED OIL; COCOA BUTTER; JOJOBA OIL; GRAPEFRUIT; STEARIC ACID; WHITE WAX,spl_xml,60781-3001-1,60781-3001-1,thinksport,"Oct 19, 2023",2,https://dailymed.nlm.nih.gov/dailymed/drugInfo.cfm?setid=9cd5010c-0b23-2888-e053-2995a90adb72,
2a93998c-1855-9207-e063-6294a90ab0e9,,,,,Pipette,PIPETTE,title_prefix,PIPETTE DIAPER RASH,PIPETTE DIAPER RASH (ZINC OXIDE) CREAM [PIPETTE LLC],PIPETTE LLC,diaper_cream,cream,TRUE,FALSE,FALSE,TRUE,1,ZINC OXIDE: 14 g in 100 mL,14,"GLYCERIN; SQUALANE; BUTYROSPERMUM PARKII (SHEA) BUTTER UNSAPONIFIABLES; HYDROGENATED JOJOBA OIL/JOJOBA OIL, RANDOMIZED (IODINE VALUE 40-44); EUTERPE OLERACEA WHOLE; POLYGLYCERYL-2 DIPOLYHYDROXYSTEARATE; TOCOPHEROL; SORBITAN OLIVATE; 1,2-HEXANEDIOL; CAPRYLYL GLYCOL; LEVOMENOL; LINOLEIC ACID; OLEIC ACID; LINOLENIC ACID",spl_xml,84723-007-01,84723-007-01; 84723-007-02; 84723-007-03,pipette,"Nov 18, 2025",3,https://dailymed.nlm.nih.gov/dailymed/drugInfo.cfm?setid=2a93998c-1855-9207-e063-6294a90ab0e9,
ef5ea6f5-0126-47de-9bee-9070c5f6112b,,,,,Pipette,AMYRIS,title_prefix,PIPETTE DIAPER RASH,"PIPETTE DIAPER RASH (ZINC OXIDE) CREAM [AMYRIS, INC]","AMYRIS, INC",diaper_cream,cream,TRUE,FALSE,FALSE,TRUE,1,ZINC OXIDE: 14 g in 100 mL,14,"GLYCERIN; SQUALANE; BUTYROSPERMUM PARKII (SHEA) BUTTER UNSAPONIFIABLES; HYDROGENATED JOJOBA OIL/JOJOBA OIL, RANDOMIZED (IODINE VALUE 40-44); EUTERPE OLERACEA WHOLE; POLYGLYCERYL-2 DIPOLYHYDROXYSTEARATE; TOCOPHEROL; SORBITAN OLIVATE; 1,2-HEXANEDIOL; CAPRYLYL GLYCOL; LEVOMENOL; LINOLEIC ACID; OLEIC ACID; LINOLENIC ACID",spl_xml,73517-427-01,73517-427-01; 73517-427-02; 73517-427-03,pipette,"Dec 09, 2024",12,https://dailymed.nlm.nih.gov/dailymed/drugInfo.cfm?setid=ef5ea6f5-0126-47de-9bee-9070c5f6112b,
4c278acc-7cd5-0d85-e063-6394a90a3a72,,,,,Good Weather,GOOD WEATHER,cleaned_labeler,GOOD WEATHER SKIN ALL OVER SUN MILK FACE AND BODY SPF 50 (ZINC OXIDE) EMULSION,GOOD WEATHER SKIN ALL OVER SUN MILK FACE AND BODY SPF 50 (ZINC OXIDE) EMULSION [GOOD WEATHER INC.],GOOD WEATHER INC.,sunscreen,,TRUE,FALSE,FALSE,TRUE,1,ZINC OXIDE: 205 mg in 1 mL,24,HIPPOPHAE RHAMNOIDES SEED OIL; SODIUM GLUCONATE; ETHYLHEXYLGLYCERIN; TOCOPHEROL; DIISOSTEAROYL POLYGLYCERYL-3 DIMER DILINOLEATE; PENTYLENE GLYCOL; XANTHAN GUM; CYAMOPSIS TETRAGONOLOBA (GUAR) GUM; PHENOXYETHANOL; ISODODECANE; BUTYLOCTYL SALICYLATE; POLYGLYCERYL-4 DIISOSTEARATE/POLYHYDROXYSTEARATE/SEBACATE; ETHYLHEXYL METHOXYCRYLENE; CAPRYLIC/CAPRIC TRIGLYCERIDE; SQUALANE; TRIETHOXYCAPRYLYLSILANE; OCTYLDODECYL OLEATE; ETHYLHEXYL OLIVATE; WATER; C12-15 ALKYL BENZOATE; GLYCERIN; POLYHYDROXYSTEARIC ACID (2300 MW); POLYGLYCERYL-3 OLEATE; POLYGLYCERYL-4 ISOSTEARATE,spl_xml,85090-005-01,85090-005-01,all good,"Apr 15, 2026",1,https://dailymed.nlm.nih.gov/dailymed/drugInfo.cfm?setid=4c278acc-7cd5-0d85-e063-6394a90a3a72,
fdf17ffa-681b-2809-e053-6394a90a5b6e,,,,,All Good,ELEMENTAL HERBS,title_prefix,ALL GOOD COCONUT SPF 20 ZINC OXIDE LIP BALM,"ALL GOOD COCONUT SPF 20 ZINC OXIDE LIP BALM (ZINC OXIDE) STICK [ELEMENTAL HERBS, INC.]","ELEMENTAL HERBS, INC.",sunscreen,stick,TRUE,FALSE,FALSE,TRUE,1,ZINC OXIDE: 8 g in 100 g,10,RASPBERRY SEED OIL; TOCOPHEROL; CALENDULA OFFICINALIS FLOWER; COMFREY LEAF; LAVENDER OIL; MUSA X PARADISIACA LEAF; CASTOR OIL; ACHILLEA MILLEFOLIUM ROOT OIL; YELLOW WAX; OLIVE OIL,spl_xml,75786-224-01,75786-224-01,all good,"Jul 04, 2024",4,https://dailymed.nlm.nih.gov/dailymed/drugInfo.cfm?setid=fdf17ffa-681b-2809-e053-6394a90a5b6e,
c9b8e04c-11ee-4c4f-8693-aa4dc6e66aca,,,,,Shaklee,SHAKLEE,cleaned_labeler,SHAKLEE SHIELD SHEER MINERAL BODY SUNSCREEN SPF 30,SHAKLEE SHIELD SHEER MINERAL BODY SUNSCREEN SPF 30 (ZINC OXIDE) LOTION [SHAKLEE CORP],SHAKLEE CORP,sunscreen,lotion,TRUE,FALSE,FALSE,TRUE,1,ZINC OXIDE: 185.5 mg in 1 mL,30,"WATER; C13-15 ALKANE; BUTYLOCTYL SALICYLATE; GLYCERIN; INULIN LAURYL CARBAMATE; SILICON DIOXIDE; 1,2-HEXANEDIOL; ARGAN OIL; LEVOMENOL; COCONUT; .ALPHA.-TOCOPHEROL ACETATE; HYDROXYACETOPHENONE; BIFIDOBACTERIUM ANIMALIS LACTIS; MAGNOLIA GRANDIFLORA BARK; NIACINAMIDE; RESVERATROL; SQUALANE; TOCOPHEROL; VITIS VINIFERA SEED PROANTHOCYANIDINS; TRISODIUM ETHYLENEDIAMINE DISUCCINATE; SODIUM ACRYLATES CROSSPOLYMER-2; AMMONIUM ACRYLOYLDIMETHYLTAURATE, DIMETHYLACRYLAMIDE, LAURYL METHACRYLATE AND LAURETH-4 METHACRYLATE COPOLYMER, TRIMETHYLOLPROPANE TRIACRYLATE CROSSLINKED (45000 MPA.S); PENTYLENE GLYCOL; NEOPENTYL GLYCOL DIETHYLHEXANOATE; SOLKETAL; ETHYLENE BRASSYLATE; DIPROPYLENE GLYCOL; BITTER ORANGE OIL; LINALOOL, (+/-)-; LIMONENE, (+)-",spl_xml,59899-024-00,59899-024-00,shaklee,"Aug 04, 2025",2,https://dailymed.nlm.nih.gov/dailymed/drugInfo.cfm?setid=c9b8e04c-11ee-4c4f-8693-aa4dc6e66aca,
f8f626c8-13ae-4b3b-ae3f-e0dc800fcb4a,,,,,Boudreauxs,C.B. FLEET,title_prefix,BOUDREAUXS,"BOUDREAUXS (ZINC OXIDE) OINTMENT [C.B. FLEET COMPANY, INC.]","C.B. FLEET COMPANY, INC.",skin_protectant,ointment,TRUE,FALSE,FALSE,TRUE,1,ZINC OXIDE: 16 g in 113 g,4,MINERAL OIL; PARAFFIN; PETROLATUM; CASTOR OIL,spl_xml,0132-0324-02,0132-0324-02; 0132-0324-04; 0132-0324-14,boudreauxs,"Mar 05, 2026",5,https://dailymed.nlm.nih.gov/dailymed/drugInfo.cfm?setid=f8f626c8-13ae-4b3b-ae3f-e0dc800fcb4a,
f4888fdc-09f9-43de-8c81-5a0f5e767d4e,,,,,Shaklee,SHAKLEE,cleaned_labeler,SHAKLEE YOUTH AGE DEFENSE MINERAL MOISTURIZER SPF 30,SHAKLEE YOUTH AGE DEFENSE MINERAL MOISTURIZER SPF 30 (TITANIUM DIOXIDE) CREAM [SHAKLEE CORPORATION],SHAKLEE CORPORATION,sunscreen,cream,FALSE,TRUE,FALSE,TRUE,1,TITANIUM DIOXIDE: 42 mg in 1 mL,26,"WATER; GLYCERIN; DIMETHICONE; PENTYLENE GLYCOL; ETHYLHEXYL METHOXYCRYLENE; SQUALANE; ALUMINUM OXIDE; PHENOXYETHANOL; POLYSORBATE 60; CLOVE LEAF OIL; PEA; SAFFLOWER OIL; ETHYLHEXYLGLYCERIN; BUTYLENE GLYCOL; CAESALPINIA SPINOSA RESIN; MUSCADINE GRAPE; TAGETES ERECTA FLOWER; YLANG-YLANG OIL; CITRIC ACID MONOHYDRATE; MAGNESIUM ASCORBYL PHOSPHATE; PANTHENOL; CORIANDER OIL; VITIS VINIFERA SEED; 1,2-HEXANEDIOL; CAPRYLYL GLYCOL; SUPEROXIDE DISMUTASE (SACCHAROMYCES CEREVISIAE)",spl_xml,59899-023-00,59899-023-00,shaklee,"Nov 10, 2023",3,https://dailymed.nlm.nih.gov/dailymed/drugInfo.cfm?setid=f4888fdc-09f9-43de-8c81-5a0f5e767d4e,
4c7e832e-55f3-4766-98b7-29b17d741a4b,,,,,Boudreauxs,C.B. FLEET,title_prefix,BOUDREAUXS,"BOUDREAUXS (ZINC OXIDE) CREAM [C.B. FLEET COMPANY, INC.]","C.B. FLEET COMPANY, INC.",,cream,TRUE,FALSE,FALSE,TRUE,1,ZINC OXIDE: 16 g in 113 g,5,CASTOR OIL; MINERAL OIL; PARAFFIN; BALSAM PERU; PETROLATUM,spl_xml,0132-0333-16,0132-0333-16; 0132-0333-22; 0132-0333-44; 0132-0333-50,boudreauxs,"Nov 25, 2025",10,https://dailymed.nlm.nih.gov/dailymed/drugInfo.cfm?setid=4c7e832e-55f3-4766-98b7-29b17d741a4b,
262278f6-7e4c-44ee-b40d-39662a239d73,,,,,Boudreauxs,C.B. FLEET,title_prefix,BOUDREAUXS,"BOUDREAUXS (ZINC OXIDE) CREAM [C.B. FLEET COMPANY, INC.]","C.B. FLEET COMPANY, INC.",,cream,TRUE,FALSE,FALSE,TRUE,1,ZINC OXIDE: 16 g in 113 g,7,ALOE BARBADENSIS LEAF JUICE; BEESWAX; CITRIC ACID; CARNAUBA WAX; HYDROGENATED CASTOR OIL; BALSAM PERU; CASTOR OIL,spl_xml,0132-0334-44,0132-0334-44,boudreauxs,"Nov 17, 2025",7,https://dailymed.nlm.nih.gov/dailymed/drugInfo.cfm?setid=262278f6-7e4c-44ee-b40d-39662a239d73,
59d90652-a471-4f77-a3d5-88aad9dc9e13,,,,,Boudreauxs,C.B. FLEET,title_prefix,BOUDREAUXS,"BOUDREAUXS (ZINC OXIDE) CREAM [C.B. FLEET COMPANY, INC.]","C.B. FLEET COMPANY, INC.",,cream,TRUE,FALSE,FALSE,TRUE,1,ZINC OXIDE: 40 g in 113 g,5,BALSAM PERU; MINERAL OIL; PARAFFIN; PETROLATUM; CASTOR OIL,spl_xml,0132-0323-14,0132-0323-14; 0132-0323-22; 0132-0323-44,boudreauxs,"Nov 17, 2025",13,https://dailymed.nlm.nih.gov/dailymed/drugInfo.cfm?setid=59d90652-a471-4f77-a3d5-88aad9dc9e13,
aabc9a44-e50e-40df-ae73-ab93537e63c9,,,,,Boudreauxs,C.B. FLEET,title_prefix,BOUDREAUXS RASH KICKING KIT (ZINC OXIDE) KIT,"BOUDREAUXS RASH KICKING KIT (ZINC OXIDE) KIT [C.B. FLEET COMPANY, INC.]","C.B. FLEET COMPANY, INC.",diaper_cream,,TRUE,FALSE,FALSE,TRUE,1,ZINC OXIDE: 16 g in 57 g,5,BALSAM PERU; CASTOR OIL; MINERAL OIL; PARAFFIN; PETROLATUM,spl_xml,0132-0325-01,0132-0325-01,boudreauxs,"Nov 17, 2025",3,https://dailymed.nlm.nih.gov/dailymed/drugInfo.cfm?setid=aabc9a44-e50e-40df-ae73-ab93537e63c9,
1b4fd6cb-f2dc-40a2-b958-e99caec91793,,,,,Boudreauxs,GEODIS LOGISTICS,title_prefix,BOUDREAUXS BUTT DIAPER RASH MAX STRENGTH,BOUDREAUXS BUTT DIAPER RASH MAX STRENGTH (ZINC OXIDE) CREAM [GEODIS LOGISTICS LLC],GEODIS LOGISTICS LLC,diaper_cream,cream,TRUE,FALSE,FALSE,TRUE,1,ZINC OXIDE: 40 g in 113 g,5,BALSAM PERU; MINERAL OIL; PARAFFIN; PETROLATUM; CASTOR OIL,spl_xml,63471-3001-2,63471-3001-2,boudreauxs,"Nov 13, 2023",2,https://dailymed.nlm.nih.gov/dailymed/drugInfo.cfm?setid=1b4fd6cb-f2dc-40a2-b958-e99caec91793,
97587458-4ca0-4de3-9bb9-148346d859c0,,,,,Boudreauxs,GEODIS LOGISTICS,title_prefix,BOUDREAUXS BUTT DIAPER RASH ORIGINAL,BOUDREAUXS BUTT DIAPER RASH ORIGINAL (ZINC OXIDE) CREAM [GEODIS LOGISTICS LLC],GEODIS LOGISTICS LLC,diaper_cream,cream,TRUE,FALSE,FALSE,TRUE,1,ZINC OXIDE: 16 g in 113 g,5,BALSAM PERU; MINERAL OIL; PARAFFIN; PETROLATUM; CASTOR OIL,spl_xml,63471-3002-2,63471-3002-2,boudreauxs,"Nov 13, 2023",2,https://dailymed.nlm.nih.gov/dailymed/drugInfo.cfm?setid=97587458-4ca0-4de3-9bb9-148346d859c0,
a1b29d42-fe42-4a26-a93d-84609bfe36e1,,,,,Boudreauxs,C.B. FLEET,title_prefix,BOUDREAUXS,"BOUDREAUXS (ZINC OXIDE) CREAM [C.B. FLEET COMPANY, INC.]","C.B. FLEET COMPANY, INC.",,cream,TRUE,FALSE,FALSE,TRUE,1,ZINC OXIDE: 16 g in 113 g,5,CASTOR OIL; MINERAL OIL; PARAFFIN; BALSAM PERU; PETROLATUM,spl_xml,0132-0557-22,0132-0557-22,boudreauxs,"Mar 29, 2016",1,https://dailymed.nlm.nih.gov/dailymed/drugInfo.cfm?setid=a1b29d42-fe42-4a26-a93d-84609bfe36e1,
f7f7a89d-d4e0-9faa-e053-6294a90aaf7b,,,,,Balmex,RANDOB,title_prefix,BALMEX DIAPER RASH,"BALMEX DIAPER RASH (ZINC OXIDE 11.3%) CREAM [RANDOB LABS, LTD]","RANDOB LABS, LTD",diaper_cream,cream,TRUE,FALSE,FALSE,TRUE,1,ZINC OXIDE: 11.3 g in 100 g,20,BENZOIC ACID; DIMETHICONE 350; SOYBEAN OIL; MAGNESIUM ASPARTATE; MICROCRYSTALLINE WAX; MINERAL OIL; EVENING PRIMROSE OIL; OLEA EUROPAEA LEAF; PANTHENOL; BALSAM PERU; PHENOXYETHANOL; POTASSIUM ASPARTATE; POTASSIUM HYDROXIDE; SARCOSINE; COCO ACID CHLORIDES; SORBITAN SESQUIOLEATE; SYNTHETIC BEESWAX; TOCOPHEROL; WATER; YELLOW WAX,spl_xml,52412-285-02,52412-285-02; 52412-285-03; 52412-285-04; 52412-285-12; 52412-285-16,balmex,"Dec 17, 2024",3,https://dailymed.nlm.nih.gov/dailymed/drugInfo.cfm?setid=f7f7a89d-d4e0-9faa-e053-6294a90aaf7b,
9443a987-c7b2-4b0d-a9dc-02233135af81,,,,,Balmex,RANDOB,title_prefix,BALMEX ADULT CARE RASH,"BALMEX ADULT CARE RASH (ZINC OXIDE) CREAM [RANDOB LABS,LTD.]","RANDOB LABS,LTD.",diaper_cream,cream,TRUE,FALSE,FALSE,TRUE,1,Zinc Oxide: 0.113 g in 1 g,21,Mineral Oil; Water; Yellow Wax; Microcrystalline Wax; Sorbitan Sesquioleate; Oenothera Biennis; Olea Europaea Leaf; Dimethicone 100; Tocopherol; Methylparaben; Soybean Oil; Propylparaben; Dexpanthenol; Sarcosine; Benzoic Acid; Potassium Aspartate; Potassium Hydroxide; Magnesium Aspartate Anhydrous; Sodium Cocoyl Glycinate; Propylene Glycol; White Wax,spl_xml,52412-500-03,52412-500-03; 52412-500-12,balmex,"Nov 14, 2018",1,https://dailymed.nlm.nih.gov/dailymed/drugInfo.cfm?setid=9443a987-c7b2-4b0d-a9dc-02233135af81,
f202dd0e-7c61-4ea1-a5f6-e90898366ba3,,,,,Balmex,RANDOB,title_prefix,BALMEX DIAPER RASH,"BALMEX DIAPER RASH (ZINC OXIDE) CREAM [RANDOB LABS,LTD.]","RANDOB LABS,LTD.",diaper_cream,cream,TRUE,FALSE,FALSE,TRUE,1,Zinc Oxide: 0.113 g in 1 g,21,Yellow Wax; Benzoic Acid; Dimethicone 100; Soybean Oil; Magnesium Aspartate Anhydrous; Methylparaben; Microcrystalline Wax; Mineral Oil; Oenothera Biennis; Olea Europaea Leaf; Dexpanthenol; Potassium Aspartate; Potassium Hydroxide; Propylene Glycol; Propylparaben; Sarcosine; Sorbitan Sesquioleate; Tocopherol; Water; Sodium Cocoyl Glycinate; White Wax,spl_xml,52412-400-02,52412-400-02; 52412-400-04; 52412-400-05; 52412-400-16,balmex,"Nov 14, 2018",1,https://dailymed.nlm.nih.gov/dailymed/drugInfo.cfm?setid=f202dd0e-7c61-4ea1-a5f6-e90898366ba3,
1590101a-c968-fca5-e063-6394a90a7ccc,,,,,Desitin,DESITIN MAXIMUM STRENGTH ZINC OXIDE,title_prefix,DESITIN MAXIMUM STRENGTH ZINC OXIDE DIAPER RASH,DESITIN MAXIMUM STRENGTH ZINC OXIDE DIAPER RASH (ZINC OXIDE) PASTE [KENVUE BRANDS LLC],KENVUE BRANDS LLC,diaper_cream,paste,TRUE,FALSE,FALSE,TRUE,1,ZINC OXIDE: 400 mg in 1 g,9,"COD LIVER OIL; LANOLIN; PETROLATUM; STARCH, CORN; GLYCERIN; SORBITAN SESQUIOLEATE; YELLOW WAX; .ALPHA.-TOCOPHEROL ACETATE; PENTAERYTHRITOL TETRAKIS(3-(3,5-DI-TERT-BUTYL-4-HYDROXYPHENYL)PROPIONATE)",spl_xml,69968-0848-1,69968-0848-1; 69968-0848-2; 69968-0848-3; 69968-0848-4; 69968-0848-5; 69968-0848-9,desitin,"Mar 03, 2025",5,https://dailymed.nlm.nih.gov/dailymed/drugInfo.cfm?setid=1590101a-c968-fca5-e063-6394a90a7ccc,
b6e0d1a3-e469-4102-916b-d5cc8ca12e73,,,,,Desitin,DESITIN DAILY DEFENSE ZINC OXIDE,title_prefix,DESITIN DAILY DEFENSE ZINC OXIDE DIAPER RASH,DESITIN DAILY DEFENSE ZINC OXIDE DIAPER RASH (ZINC OXIDE) CREAM [KENVUE BRANDS LLC],KENVUE BRANDS LLC,diaper_cream,cream,TRUE,FALSE,FALSE,TRUE,1,ZINC OXIDE: 130 mg in 1 g,17,"WATER; MINERAL OIL; PETROLATUM; YELLOW WAX; DIMETHICONE; SORBITAN SESQUIOLEATE; MICROCRYSTALLINE WAX; PEG-30 DIPOLYHYDROXYSTEARATE (4000 MW); ALOE VERA LEAF; GLYCERIN; TROPOLONE; .ALPHA.-TOCOPHEROL ACETATE; 1,2-HEXANEDIOL; CAPRYLYL GLYCOL; MAGNESIUM SULFATE, UNSPECIFIED FORM; POTASSIUM HYDROXIDE; PHENOXYETHANOL",spl_xml,69968-0603-1,69968-0603-1; 69968-0603-2; 69968-0603-4; 69968-0603-5,desitin,"Dec 16, 2024",6,https://dailymed.nlm.nih.gov/dailymed/drugInfo.cfm?setid=b6e0d1a3-e469-4102-916b-d5cc8ca12e73,
1d5f0207-26f9-2b19-e063-6294a90a6468,,,,,Desitin,DESITIN MAXIMUM STRENGTH ZINC OXIDE,title_prefix,DESITIN MAXIMUM STRENGTH ZINC OXIDE DIAPER RASH,DESITIN MAXIMUM STRENGTH ZINC OXIDE DIAPER RASH (ZINC OXIDE) PASTE [KENVUE BRANDS LLC],KENVUE BRANDS LLC,diaper_cream,paste,TRUE,FALSE,FALSE,TRUE,1,ZINC OXIDE: 400 mg in 1 g,9,"PETROLATUM; COD LIVER OIL; LANOLIN; STARCH, CORN; GLYCERIN; SORBITAN SESQUIOLEATE; YELLOW WAX; .ALPHA.-TOCOPHEROL ACETATE; PENTAERYTHRITOL TETRAKIS(3-(3,5-DI-TERT-BUTYL-4-HYDROXYPHENYL)PROPIONATE)",spl_xml,69968-0768-1,69968-0768-1,desitin,"Nov 27, 2024",2,https://dailymed.nlm.nih.gov/dailymed/drugInfo.cfm?setid=1d5f0207-26f9-2b19-e063-6294a90a6468,
59728810-4ea9-45a1-b945-5a54199e01f3,,,,,Desitin,DESITIN MAXIMUM STRENGTH ZINC OXIDE,title_prefix,DESITIN MAXIMUM STRENGTH ZINC OXIDE DIAPER RASH,DESITIN MAXIMUM STRENGTH ZINC OXIDE DIAPER RASH (ZINC OXIDE) PASTE [KENVUE BRANDS LLC],KENVUE BRANDS LLC,diaper_cream,paste,TRUE,FALSE,FALSE,TRUE,1,ZINC OXIDE: 400 mg in 1 g,9,"PETROLATUM; COD LIVER OIL; LANOLIN; TALC; GLYCERIN; SORBITAN SESQUIOLEATE; YELLOW WAX; .ALPHA.-TOCOPHEROL ACETATE; PENTAERYTHRITOL TETRAKIS(3-(3,5-DI-TERT-BUTYL-4-HYDROXYPHENYL)PROPIONATE)",spl_xml,69968-0396-1,69968-0396-1,desitin,"Nov 27, 2024",5,https://dailymed.nlm.nih.gov/dailymed/drugInfo.cfm?setid=59728810-4ea9-45a1-b945-5a54199e01f3,
af64fc2f-c027-4a68-b368-ee06744a2452,,,,,Desitin,DESITIN MAXIMUM STRENGTH,title_prefix,DESITIN MAXIMUM STRENGTH DIAPER RASH,DESITIN MAXIMUM STRENGTH DIAPER RASH (ZINC OXIDE) PASTE [KENVUE BRANDS LLC],KENVUE BRANDS LLC,diaper_cream,paste,TRUE,FALSE,FALSE,TRUE,1,ZINC OXIDE: 400 mg in 1 g,8,PETROLATUM; COD LIVER OIL; LANOLIN; TALC; GLYCERIN; SORBITAN SESQUIOLEATE; YELLOW WAX; .ALPHA.-TOCOPHEROL ACETATE,spl_xml,69968-0061-1,69968-0061-1; 69968-0061-2; 69968-0061-3; 69968-0061-4; 69968-0061-5; 69968-0061-7; 69968-0061-9,desitin,"Nov 27, 2024",8,https://dailymed.nlm.nih.gov/dailymed/drugInfo.cfm?setid=af64fc2f-c027-4a68-b368-ee06744a2452,
6a0db9da-ee45-4ab7-80de-4bf189efe75f,,,,,Bare Republic,COOLA,title_prefix,BARE REPUBLIC MINERAL SPF 50,BARE REPUBLIC MINERAL SPF 50 (ZINC OXIDE) STICK [COOLA LLC],COOLA LLC,sunscreen,stick,TRUE,FALSE,FALSE,TRUE,1,ZINC OXIDE: 17.9 g in 100 g,17,NEOPENTYL GLYCOL DIHEPTANOATE; ISODODECANE; MEDIUM-CHAIN TRIGLYCERIDES; HYDROGENATED RAPESEED OIL; POLYMETHYLSILSESQUIOXANE (11 MICRONS); STEARYL ALCOHOL; HELIANTHUS ANNUUS SEED WAX; DIMETHICONE; ETHYL FERULATE; TRIETHOXYCAPRYLYLSILANE; POLYHYDROXYSTEARIC ACID (2300 MW); TOCOPHEROL; SHEA BUTTER; LEVANT COTTONSEED OIL; SAFFLOWER OIL; CHAMOMILE; .ALPHA.-TOCOPHEROL ACETATE,spl_xml,79753-069-01,79753-069-01,bare republic,"Dec 30, 2024",3,https://dailymed.nlm.nih.gov/dailymed/drugInfo.cfm?setid=6a0db9da-ee45-4ab7-80de-4bf189efe75f,
ecaad342-1873-60bc-e053-2995a90a5952,,,,,Bare Republic,COOLA,title_prefix,BARE REPUBLIC SPF 30 MINERAL SUNSCREEN CITRUS COOLER,"BARE REPUBLIC SPF 30 MINERAL SUNSCREEN CITRUS COOLER (ZINC OXIDE) SPRAY [COOLA, LLC]","COOLA, LLC",sunscreen,spray,TRUE,FALSE,FALSE,TRUE,1,ZINC OXIDE: 14 g in 100 mL,26,"LEMON OIL, COLD PRESSED; PEPPERMINT OIL; WATER; TOCOPHEROL; HYDROGENATED JOJOBA OIL, RANDOMIZED; CAPRYLHYDROXAMIC ACID; POLYESTER-8 (1400 MW, CYANODIPHENYLPROPENOYL CAPPED); CARROT SEED OIL; CETOSTEARYL ALCOHOL; GRAPE SEED OIL; BUTYLOCTYL SALICYLATE; METHYL DIHYDROABIETATE; MICROCRYSTALLINE CELLULOSE; CARBOXYMETHYLCELLULOSE SODIUM, UNSPECIFIED FORM; BENTONITE; RASPBERRY SEED OIL; COCO GLUCOSIDE; SHEA BUTTER ETHYL ESTERS; GLYCERIN; C14-22 ALCOHOLS; OCTYLDODECYL OLEATE; CAPRYLYL GLYCOL; C12-20 ALKYL GLUCOSIDE; MANDARIN OIL; ORANGE OIL, COLD PRESSED; MIMOSA TENUIFLORA BARK",spl_xml,79753-051-01,79753-051-01,bare republic,"May 24, 2024",3,https://dailymed.nlm.nih.gov/dailymed/drugInfo.cfm?setid=ecaad342-1873-60bc-e053-2995a90a5952,
ecabcc89-fb09-41a9-e053-2995a90a8b31,,,,,Bare Republic,COOLA,title_prefix,BARE REPUBLIC MINERAL MATTE UNTINTED FACE SPF 30,"BARE REPUBLIC MINERAL MATTE UNTINTED FACE SPF 30 (TITANIUM DIOXIDE, ZINC OXIDE) LOTION [COOLA, LLC]","COOLA, LLC",sunscreen,lotion,TRUE,TRUE,FALSE,TRUE,2,TITANIUM DIOXIDE: 5.2 g in 100 mL; ZINC OXIDE: 2.5 g in 100 mL,14,DIMETHICONE/VINYL DIMETHICONE CROSSPOLYMER (SOFT PARTICLE); PROPYLENE CARBONATE; SILICA DIMETHYL SILYLATE; ISOPROPYL MYRISTATE; ALUMINUM HYDROXIDE; SHEA BUTTER; DIMETHICONE CROSSPOLYMER (450000 MPA.S AT 12% IN CYCLOPENTASILOXANE); CARROT SEED OIL; HYDROGEN DIMETHICONE (13 CST); POLYAMIDE-5; RASPBERRY SEED OIL; STEARALKONIUM HECTORITE; GRAPE SEED OIL; CYCLOMETHICONE 5,spl_xml,79753-064-01,79753-064-01,bare republic,"May 24, 2024",3,https://dailymed.nlm.nih.gov/dailymed/drugInfo.cfm?setid=ecabcc89-fb09-41a9-e053-2995a90a8b31,
eeb70034-0f8d-a46d-e053-2a95a90a8130,,,,,Bare Republic,COOLA,title_prefix,BARE REPUBLIC MINERAL SHIMMER SPF 30 GOLDEN DAZE,"BARE REPUBLIC MINERAL SHIMMER SPF 30 GOLDEN DAZE (TITANIUM DIOXIDE, ZINC OXIDE) LOTION [COOLA, LLC]","COOLA, LLC",sunscreen,lotion,TRUE,TRUE,FALSE,TRUE,2,TITANIUM DIOXIDE: 6.4 g in 100 mL; ZINC OXIDE: 4.2 g in 100 mL,26,COCONUT OIL; ALOE VERA LEAF; SODIUM GLUCONATE; CAPRYLYL GLYCOL; GLYCERIN; POLYHYDROXYSTEARIC ACID (2300 MW); TOCOPHEROL; XANTHAN GUM; STEARIC ACID; SILICON DIOXIDE; CALCIUM ALUMINUM BOROSILICATE; MICA; WATER; FERRIC OXIDE RED; MORINGA OLEIFERA SEED OIL; ALUMINUM HYDROXIDE; CAPRYLHYDROXAMIC ACID; CETOSTEARYL ALCOHOL; CETYL ALCOHOL; CITRIC ACID MONOHYDRATE; GLYCERYL MONOSTEARATE; LEVOMENOL; BUTYLOCTYL SALICYLATE; DISODIUM STEAROYL GLUTAMATE; COCO GLUCOSIDE; SUNFLOWER OIL,spl_xml,79753-066-01,79753-066-01,bare republic,"May 24, 2024",3,https://dailymed.nlm.nih.gov/dailymed/drugInfo.cfm?setid=eeb70034-0f8d-a46d-e053-2a95a90a8130,
ee018c21-dca7-28aa-e053-2a95a90a3bdb,,,,,Bare Republic,COOLA,title_prefix,BARE REPUBLIC MINERAL MATTE TINTED FACE SPF 30,"BARE REPUBLIC MINERAL MATTE TINTED FACE SPF 30 (TITANIUM DIOXIDE, ZINC OXIDE) LOTION [COOLA, LLC]","COOLA, LLC",sunscreen,lotion,TRUE,TRUE,FALSE,TRUE,2,TITANIUM DIOXIDE: 5.2 g in 100 mL; ZINC OXIDE: 2.5 g in 100 mL,20,DIMETHICONE CROSSPOLYMER (450000 MPA.S AT 12% IN CYCLOPENTASILOXANE); DIMETHICONE/VINYL DIMETHICONE CROSSPOLYMER (SOFT PARTICLE); PROPYLENE CARBONATE; SILICA DIMETHYL SILYLATE; ALUMINUM HYDROXIDE; SHEA BUTTER; CARROT SEED OIL; HYDROGEN DIMETHICONE (13 CST); ISOPROPYL MYRISTATE; POLYAMIDE-5; RASPBERRY SEED OIL; STEARALKONIUM HECTORITE; GRAPE SEED OIL; CYCLOMETHICONE 5; MICA; FERRIC OXIDE RED; SYNTHETIC WAX (1800 MW); FERRIC OXIDE YELLOW; FERROSOFERRIC OXIDE; ISOPROPYL TITANIUM TRIISOSTEARATE,spl_xml,79753-065-01,79753-065-01,bare republic,"May 24, 2024",3,https://dailymed.nlm.nih.gov/dailymed/drugInfo.cfm?setid=ee018c21-dca7-28aa-e053-2a95a90a3bdb,
eec83ecb-d0ab-7857-e053-2995a90a40ed,,,,,Bare Republic,COOLA,title_prefix,BARE REPUBLIC MINERAL SHIMMER SPF 30 DIAMOND DUST,"BARE REPUBLIC MINERAL SHIMMER SPF 30 DIAMOND DUST (TITANIUM DIOXIDE, ZINC OXIDE) LOTION [COOLA, LLC]","COOLA, LLC",sunscreen,lotion,TRUE,TRUE,FALSE,TRUE,2,TITANIUM DIOXIDE: 6.4 g in 100 mL; ZINC OXIDE: 4.2 g in 100 mL,28,POLYHYDROXYSTEARIC ACID (2300 MW); TOCOPHEROL; XANTHAN GUM; STEARIC ACID; SILICON DIOXIDE; CALCIUM ALUMINUM BOROSILICATE; MICA; WATER; FERRIC OXIDE RED; MORINGA OLEIFERA SEED OIL; ALUMINUM HYDROXIDE; CAPRYLHYDROXAMIC ACID; CETOSTEARYL ALCOHOL; MAGNESIUM POTASSIUM ALUMINOSILICATE FLUORIDE; COCONUT OIL; ALOE VERA LEAF; SODIUM GLUCONATE; CAPRYLYL GLYCOL; GLYCERIN; CETYL ALCOHOL; CITRIC ACID MONOHYDRATE; GLYCERYL MONOSTEARATE; LEVOMENOL; BUTYLOCTYL SALICYLATE; DISODIUM STEAROYL GLUTAMATE; COCO GLUCOSIDE; SUNFLOWER OIL; STANNIC OXIDE,spl_xml,79753-063-01,79753-063-01,bare republic,"May 24, 2024",3,https://dailymed.nlm.nih.gov/dailymed/drugInfo.cfm?setid=eec83ecb-d0ab-7857-e053-2995a90a40ed,
e800f72f-8c8b-4a12-843f-1ee404055cf0,,,,,Bare Republic,COOLA,title_prefix,BARE REPUBLIC BIG ADVENTURE STICK SPF 70,BARE REPUBLIC BIG ADVENTURE STICK SPF 70 (TITANIUM DIOXIDE 3.5% ZINC OXIDE 16.9%) STICK [COOLA],COOLA,sunscreen,stick,TRUE,TRUE,FALSE,TRUE,2,TITANIUM DIOXIDE: 3.5 g in 100 g; ZINC OXIDE: 16.9 g in 100 g,35,"HELIANTHUS ANNUUS SEED WAX; NEOPENTYL GLYCOL DIHEPTANOATE; ALKYL (C12-15) BENZOATE; ISODODECANE; BEHENYL BEHENATE; MEDIUM-CHAIN TRIGLYCERIDES; LAURYL LAURATE; POLYHYDROXYSTEARIC ACID (2300 MW); SHEA BUTTER; ETHYLHEXYL METHOXYCRYLENE; METHYL DIHYDROABIETATE; STEARYL/OCTYLDODECYL CITRATE CROSSPOLYMER; POLYMETHYLSILSESQUIOXANE (11 MICRONS); TRIMETHOXYBENZYLIDENE PENTANEDIONE; TRIETHYL CITRATE; ETHYL FERULATE; TRIETHOXYCAPRYLYLSILANE; 1,2-HEXANEDIOL; CAPRYLYL GLYCOL; CANDELILLA WAX; STEARIC ACID; ALUMINUM OXIDE; .GAMMA.-DECALACTONE; 4-(P-HYDROXYPHENYL)-2-BUTANONE; ISOSTEARIC ACID; VANILLIN; .GAMMA.-NONALACTONE; .GAMMA.-OCTALACTONE; LECITHIN, SUNFLOWER; POLYGLYCERYL-3 PENTARICINOLEATE; ALLYL HEPTANOATE; PIPERONAL; VITIS VINIFERA SEED; CARROT; RASPBERRY",spl_xml,79753-026-01,79753-026-01,bare republic,"Dec 21, 2023",2,https://dailymed.nlm.nih.gov/dailymed/drugInfo.cfm?setid=e800f72f-8c8b-4a12-843f-1ee404055cf0,
5d28bedf-e8c6-4856-b345-55537c73f832,,,,,Taylor James,TAYLOR JAMES,cleaned_labeler,MINERAL SUNSCREEN STICK SPF 50 SUPERGOOP,"MINERAL SUNSCREEN STICK SPF 50 SUPERGOOP (ZINC OXIDE) STICK [TAYLOR JAMES, LTD.]","TAYLOR JAMES, LTD.",sunscreen,stick,TRUE,FALSE,FALSE,TRUE,1,ZINC OXIDE: 17 g in 100 g,19,"YELLOW WAX; LEVOMENOL; SHEA BUTTER; CANNABIS SATIVA SEED OIL; CANDELILLA WAX; HEPTYL UNDECYLENATE; JOJOBA OIL, RANDOMIZED; LINSEED OIL; OCTYLDODECYL OLEATE; BLACK OLIVE; OLIVE OIL; GAMMA ORYZANOL; AVOCADO OIL; CHIA SEED OIL; JOJOBA OIL; COCOA BUTTER; TOCOPHEROL; TRIETHYL CITRATE; VANILLA",spl_xml,75936-511-01,75936-511-01,supergoop,"Oct 12, 2021",2,https://dailymed.nlm.nih.gov/dailymed/drugInfo.cfm?setid=5d28bedf-e8c6-4856-b345-55537c73f832,
b6ee3185-5b9e-4fad-abcb-3399d6e777ad,,,,,Taylor James,TAYLOR JAMES,cleaned_labeler,CC DAILY CORRECT BROAD SPECTRUM SPF 35 SUNSCREEN MEDIUM TO DARK SUPERGOOP,"CC DAILY CORRECT BROAD SPECTRUM SPF 35 SUNSCREEN MEDIUM TO DARK SUPERGOOP (TITANIUM DIOXIDE, ZINC OXIDE) CREAM [TAYLOR JAMES, LTD.]","TAYLOR JAMES, LTD.",sunscreen,cream,TRUE,TRUE,FALSE,TRUE,2,TITANIUM DIOXIDE: 1.42 g in 100 mL; ZINC OXIDE: 20 g in 100 mL,18,WATER; CYCLOMETHICONE 5; PROPANEDIOL; DIMETHICONE; FERRIC OXIDE RED; FERRIC OXIDE YELLOW; FERROSOFERRIC OXIDE; MICA; SODIUM CHLORIDE; APPLE; PHENOXYETHANOL; GLYCERIN; TRIETHOXYCAPRYLYLSILANE; SILICON DIOXIDE; CHONDRUS CRISPUS; METHYLISOTHIAZOLINONE; STANNIC OXIDE; HYALURONATE SODIUM,spl_xml,75936-122-01,75936-122-01; 75936-122-02; 75936-122-04,supergoop,"Nov 13, 2020",11,https://dailymed.nlm.nih.gov/dailymed/drugInfo.cfm?setid=b6ee3185-5b9e-4fad-abcb-3399d6e777ad,
f4234ac9-7980-40ca-b581-bea08453d486,,,,,Taylor James,TAYLOR JAMES,cleaned_labeler,ADVANCED ANTI-AGING EYE BROAD SPECTRUM SPF 37 SUPERGOOP,"ADVANCED ANTI-AGING EYE BROAD SPECTRUM SPF 37 SUPERGOOP (OCTINOXATE, ZINC OXIDE) CREAM [TAYLOR JAMES, LTD.]","TAYLOR JAMES, LTD.",sunscreen,cream,TRUE,FALSE,TRUE,TRUE,2,OCTINOXATE: 75 mg in 1 mL; ZINC OXIDE: 10.1 mg in 1 mL,40,WATER; ETHYLHEXYL STEARATE; CYCLOMETHICONE 5; PROPANEDIOL; BUTYLENE GLYCOL; ALKYL (C12-15) BENZOATE; POTASSIUM CETYL PHOSPHATE; ISOHEXADECANE; CETOSTEARYL ALCOHOL; GLYCERYL MONOSTEARATE; PEG-100 STEARATE; MICA; PHENOXYETHANOL; HYDROXYETHYL ACRYLATE/SODIUM ACRYLOYLDIMETHYL TAURATE COPOLYMER (45000 MPA.S AT 1%); IMPERATA CYLINDRICA ROOT; TITANIUM DIOXIDE; POLYOXYL 20 CETOSTEARYL ETHER; SQUALANE; GLYCERIN; TRIETHOXYCAPRYLYLSILANE; XANTHAN GUM; SUNFLOWER OIL; POLYSORBATE 60; TRISODIUM ETHYLENEDIAMINE DISUCCINATE; CHLORPHENESIN; CITRIC ACID MONOHYDRATE; DIMETHICONE; GLYCYRRHIZINATE DIPOTASSIUM; ETHYLHEXYLGLYCERIN; OLETH-3 PHOSPHATE; POLYETHYLENE GLYCOL 400; PUNICA GRANATUM SEED OIL; SAFFLOWER OIL; SILICON DIOXIDE; GREEN TEA LEAF; CARBOMER HOMOPOLYMER TYPE C (ALLYL PENTAERYTHRITOL CROSSLINKED); BLACK OLIVE; METHYLISOTHIAZOLINONE; TOCOTRIENOLS; LAUROYL LYSINE,spl_xml,75936-120-01,75936-120-01; 75936-120-02; 75936-120-03,supergoop,"Nov 13, 2020",9,https://dailymed.nlm.nih.gov/dailymed/drugInfo.cfm?setid=f4234ac9-7980-40ca-b581-bea08453d486,
ef24da08-5cb7-4319-aa78-0d9b8636fe67,,,,,Taylor James,TAYLOR JAMES,cleaned_labeler,SKIN SOOTHING MINERAL SUNSCREEN BROAD SPECTRUM SPF 40 SUPERGOOP,"SKIN SOOTHING MINERAL SUNSCREEN BROAD SPECTRUM SPF 40 SUPERGOOP (OCTINOXATE, ZINC OXIDE) CREAM [TAYLOR JAMES, LTD.]","TAYLOR JAMES, LTD.",sunscreen,cream,TRUE,FALSE,TRUE,TRUE,2,OCTINOXATE: 7.5 g in 100 mL; ZINC OXIDE: 10.1 g in 100 mL,31,WATER; ETHYLHEXYL STEARATE; CYCLOMETHICONE 5; PROPANEDIOL; BUTYLENE GLYCOL; ALKYL (C12-15) BENZOATE; POTASSIUM CETYL PHOSPHATE; ISOHEXADECANE; CETOSTEARYL ALCOHOL; DIMETHICONE; GLYCERYL MONOSTEARATE; PEG-100 STEARATE; PHENOXYETHANOL; POLYOXYL 20 CETOSTEARYL ETHER; TRIETHOXYCAPRYLYLSILANE; SQUALANE; XANTHAN GUM; SUNFLOWER OIL; TRISODIUM ETHYLENEDIAMINE DISUCCINATE; CHLORPHENESIN; ETHYLHEXYLGLYCERIN; OLETH-3 PHOSPHATE; POMEGRANATE SEED OIL; SAFFLOWER OIL; POLYSORBATE 60; CITRIC ACID MONOHYDRATE; GREEN TEA LEAF; BLACK OLIVE; ACAI; METHYLISOTHIAZOLINONE; TOCOTRIENOLS,spl_xml,75936-129-01,75936-129-01; 75936-129-02; 75936-129-03; 75936-129-04,supergoop,"Dec 19, 2018",6,https://dailymed.nlm.nih.gov/dailymed/drugInfo.cfm?setid=ef24da08-5cb7-4319-aa78-0d9b8636fe67,